{
  "schema_version": 2,
  "dataset": "earthnet2021x",
  "daily_variable_order": [
    "fg",
    "hu",
    "pp",
    "qq",
    "rr",
    "tg",
    "tn",
    "tx"
  ],
  "aggregation_order": [
    "mean",
    "min",
    "max"
  ],
  "feature_names": [
    "mean_fg",
    "mean_hu",
    "mean_pp",
    "mean_qq",
    "mean_rr",
    "mean_tg",
    "mean_tn",
    "mean_tx",
    "min_fg",
    "min_hu",
    "min_pp",
    "min_qq",
    "min_rr",
    "min_tg",
    "min_tn",
    "min_tx",
    "max_fg",
    "max_hu",
    "max_pp",
    "max_qq",
    "max_rr",
    "max_tg",
    "max_tn",
    "max_tx"
  ],
  "core12_feature_names": [
    "mean_rr",
    "mean_tg",
    "mean_hu",
    "mean_qq",
    "min_rr",
    "min_tg",
    "min_hu",
    "min_qq",
    "max_rr",
    "max_tg",
    "max_hu",
    "max_qq"
  ],
  "g_variable": "cop_dem",
  "fit_split": "train",
  "manifest_sha256": "c2cf69d7f57f302c2a4e8b6c7453c537031f56ae7c4ccf1d8ae6e988fff53147",
  "manifest_path": "/csy-mix02/cog8/zjliu17/Agent/WorldModel2026/artifacts/protocols/earthnet2021x_standard_v1/train_dev.json",
  "num_files": 22847,
  "is_full_train": true,
  "daily_mean": {
    "fg": 2.5329639837725684,
    "hu": 68.69434901774989,
    "pp": 1017.3244599979798,
    "qq": 187.418591633918,
    "rr": 1.3978551488776856,
    "tg": 16.01537464923279,
    "tn": 10.133322328702217,
    "tx": 22.17108563742797
  },
  "daily_std": {
    "fg": 1.115779121984911,
    "hu": 14.987205130395395,
    "pp": 7.034486173508648,
    "qq": 84.05745540034646,
    "rr": 4.122821949145905,
    "tg": 6.32399780897356,
    "tn": 5.7318811921380375,
    "tx": 7.2987031163091
  },
  "daily_valid_count": {
    "fg": 1614550,
    "hu": 3161822,
    "pp": 3068970,
    "qq": 3262220,
    "rr": 3271276,
    "tg": 3349800,
    "tn": 3271350,
    "tx": 3271350
  },
  "daily_valid_fraction": {
    "fg": 0.4711194759341124,
    "hu": 0.9226074904072016,
    "pp": 0.8955136341751653,
    "qq": 0.9519032403962592,
    "rr": 0.9545457463416057,
    "tg": 0.9774587473191229,
    "tn": 0.9545673392567952,
    "tx": 0.9545673392567952
  },
  "window_any_valid_fraction": {
    "fg": 0.47112385287638053,
    "hu": 0.9229628981193738,
    "pp": 0.8955136341751653,
    "qq": 0.9530003939248042,
    "rr": 0.9545673392567952,
    "tg": 0.9774587473191229,
    "tn": 0.9545673392567952,
    "tx": 0.9545673392567952
  },
  "window_all_five_valid_fraction": {
    "fg": 0.4711019681650399,
    "hu": 0.9219153499365343,
    "pp": 0.8955136341751653,
    "qq": 0.9506178783501845,
    "rr": 0.9545060620650414,
    "tg": 0.9774587473191229,
    "tn": 0.9545673392567952,
    "tx": 0.9545673392567952
  },
  "g_mean": 309.9577511260067,
  "g_std": 278.1806965076695,
  "g_valid_count": 374324276,
  "g_zero_variance": false,
  "zero_variance_daily_variables": [],
  "created_by_git_commit": "d9ffe5de2afd931cbf5e7e1e981343317998fdc5"
}
