{
  "obs": 0.00160025959872108,
  "ndvi": 0.10101365292185693,
  "latent": 0.008574797629459577,
  "delta": 0.007900198677269018,
  "smooth": 3.760011859314089e-06,
  "total": 0.05461214059669254,
  "num_samples": 4205,
  "MAE": 0.029064892695557367,
  "MAE_h10": 0.025231122630888957,
  "MAE_h100": 0.03256504767887846,
  "MAE_h15": 0.026058631574118026,
  "MAE_h20": 0.026738513485767335,
  "MAE_h25": 0.028423499098985516,
  "MAE_h30": 0.02715783396528206,
  "MAE_h35": 0.027753279195456282,
  "MAE_h40": 0.028577758509149186,
  "MAE_h45": 0.028796351241346774,
  "MAE_h5": 0.02527681782937503,
  "MAE_h50": 0.029589493151439102,
  "MAE_h55": 0.02923618885214924,
  "MAE_h60": 0.02931919727156342,
  "MAE_h65": 0.029990454514103183,
  "MAE_h70": 0.030315011498584742,
  "MAE_h75": 0.029316577693333328,
  "MAE_h80": 0.03154100874859969,
  "MAE_h85": 0.03151342785321172,
  "MAE_h90": 0.03216704178246163,
  "MAE_h95": 0.03342270887538236,
  "NDVI_MAE": 0.09850276193365666,
  "NDVI_MAE_h10": 0.07926033373504637,
  "NDVI_MAE_h100": 0.11474800783694426,
  "NDVI_MAE_h15": 0.08279773468942031,
  "NDVI_MAE_h20": 0.08660782702981984,
  "NDVI_MAE_h25": 0.08939392756966628,
  "NDVI_MAE_h30": 0.0914195266259177,
  "NDVI_MAE_h35": 0.09217950557374496,
  "NDVI_MAE_h40": 0.09535844875264403,
  "NDVI_MAE_h45": 0.09696140082030004,
  "NDVI_MAE_h5": 0.07757919010209237,
  "NDVI_MAE_h50": 0.10315684829685512,
  "NDVI_MAE_h55": 0.10179069609932297,
  "NDVI_MAE_h60": 0.10363868257914705,
  "NDVI_MAE_h65": 0.10443458066300484,
  "NDVI_MAE_h70": 0.10692964467025524,
  "NDVI_MAE_h75": 0.1070569398416825,
  "NDVI_MAE_h80": 0.10991678668013563,
  "NDVI_MAE_h85": 0.10978523851298469,
  "NDVI_MAE_h90": 0.11283147235430542,
  "NDVI_MAE_h95": 0.11296382425384491,
  "long_horizon_MAE": 0.031081898424484274,
  "persistence_MAE": 0.03756125339760172,
  "skill_vs_persistence": 0.22620013800143424,
  "ENS": 0.15826143011850494,
  "MAD": 0.23814627893988788,
  "OLS": 0.34141229946087776,
  "EMD": 0.2336636751875765,
  "SSIM": 0.07211431134214807,
  "num_scored_cubes": 4205
}