{
  "dataset": "EarthNet2021x",
  "fit_split": "train",
  "num_files": 21434,
  "target_frames_per_file": 20,
  "expected_valid_count_per_feature": 428680,
  "feature_names": [
    "target_doy_sin",
    "target_doy_cos",
    "precip_sum",
    "precip_mean",
    "temp_mean",
    "vpd_mean",
    "vpd_max",
    "srad_sum",
    "srad_mean"
  ],
  "driver_mean": [
    -0.20031967894656896,
    -0.16485356425167275,
    73.86743378317469,
    1.406652109369057,
    16.71218223576845,
    0.7002331755400657,
    1.40260076179865,
    871.7137110386614,
    16.92840409868191
  ],
  "driver_std": [
    0.6952352925230332,
    0.6703306638808625,
    68.89608365960359,
    1.2080078719607568,
    5.314496135483677,
    0.4050409396888798,
    0.7184570004871424,
    559.4768210755765,
    5.676896304460481
  ],
  "valid_count": [
    428680,
    428680,
    414887,
    414887,
    425800,
    394164,
    394164,
    410876,
    410876
  ],
  "valid_fraction": [
    1.0,
    1.0,
    0.9678244844639358,
    0.9678244844639358,
    0.9932817019688346,
    0.9194830642903797,
    0.9194830642903797,
    0.9584678548101148,
    0.9584678548101148
  ],
  "missing_features": [],
  "incomplete_features": [
    "precip_sum",
    "precip_mean",
    "temp_mean",
    "vpd_mean",
    "vpd_max",
    "srad_sum",
    "srad_mean"
  ]
}