{
  "protocol": "GreenEarthNet CVPR 2024 OOD-t chopped",
  "official_evaluator_commit": "a0329636631371a4aaa9a95c75ed0a37d27b8c4f",
  "source_manifest_protocol": "greenearthnet_cvpr2024_chopped_v1",
  "evaluation_track": "ood-t_chopped",
  "prediction_grid": "official_5day_20",
  "num_target_files": 1904,
  "num_eligible_pixels": 2112698,
  "metrics": {
    "nse": -0.4151339591680734,
    "rmse": 0.1777622387938113,
    "R2": 0.5242963565339033,
    "biasabs": 0.12583480202248154,
    "nse_forest": -0.4183916541563919,
    "rmse_forest": 0.17384012677814561,
    "R2_forest": 0.4945258186606827,
    "biasabs_forest": 0.12067602778161994,
    "nse_shrub": -0.5043674493523924,
    "rmse_shrub": 0.1724655974611237,
    "R2_shrub": 0.5354059496960231,
    "biasabs_shrub": 0.12579112190780442,
    "nse_grass": -0.360209799043298,
    "rmse_grass": 0.17277053685741228,
    "R2_grass": 0.5287829899207165,
    "biasabs_grass": 0.12129927375514032,
    "nse_crop": -0.38247659270181833,
    "rmse_crop": 0.19197269407856365,
    "R2_crop": 0.5384706678581909,
    "biasabs_crop": 0.13557278464536146,
    "rmse_0_5": 0.12551652188785256,
    "rmse_5_10": 0.15219346927958066,
    "rmse_10_15": 0.17664958683577986,
    "rmse_15_20": 0.18944127388101478,
    "rmse25": 0.12551652188785256
  }
}
