{
  "dataset": "EarthNet2021x",
  "fit_split": "train",
  "num_files": 256,
  "target_frames_per_file": 20,
  "expected_valid_count_per_feature": 5120,
  "feature_names": [
    "target_doy_sin",
    "target_doy_cos",
    "precip_sum",
    "precip_mean",
    "temp_mean",
    "vpd_mean",
    "vpd_max",
    "srad_sum",
    "srad_mean"
  ],
  "driver_mean": [
    -0.6757011679932475,
    0.41503252517431977,
    50.7278431372549,
    0.802597915986005,
    18.543336790800094,
    0.7977333636023104,
    1.7770637553185225,
    777.1962368011475,
    15.936875155568123
  ],
  "driver_std": [
    0.38069160368066723,
    0.47565724340065635,
    54.5546824903459,
    0.6774915278729191,
    3.4880792880927194,
    0.27189185342821465,
    0.5083920060574347,
    412.7894199289265,
    4.369130995349132
  ],
  "valid_count": [
    5120,
    5120,
    5100,
    5100,
    5120,
    5120,
    5120,
    5120,
    5120
  ],
  "valid_fraction": [
    1.0,
    1.0,
    0.99609375,
    0.99609375,
    1.0,
    1.0,
    1.0,
    1.0,
    1.0
  ],
  "missing_features": [],
  "incomplete_features": [
    "precip_sum",
    "precip_mean"
  ]
}