split,season,cube,reason,valid_fraction,minimum
iid_chopped,JAS17,minicube_119_32UNC_52.14_10.49,valid_fraction_below_minimum,0.105643,0.15
iid_chopped,JAS17,minicube_134_32VMM_59.68_8.90,valid_fraction_below_minimum,0.0772,0.15
iid_chopped,JAS17,minicube_135_32VMM_59.66_8.90,valid_fraction_below_minimum,0.138449,0.15
iid_chopped,JAS17,minicube_136_32VMM_59.56_8.36,valid_fraction_below_minimum,0.058154,0.15
iid_chopped,JAS17,minicube_164_33UVR_50.25_14.71,valid_fraction_below_minimum,0.097202,0.15
iid_chopped,JAS17,minicube_177_33VUE_58.26_13.25,valid_fraction_below_minimum,0.123309,0.15
iid_chopped,JAS17,minicube_191_33VXG_59.95_18.58,valid_fraction_below_minimum,0.088055,0.15
iid_chopped,JAS17,minicube_192_33VXG_59.93_17.47,valid_fraction_below_minimum,0.144174,0.15
iid_chopped,JAS17,minicube_193_33VXG_59.68_18.55,valid_fraction_below_minimum,0.135007,0.15
iid_chopped,JAS17,minicube_194_33VXH_60.88_17.08,valid_fraction_below_minimum,0.02395,0.15
iid_chopped,JAS17,minicube_195_33VXH_60.61_17.06,valid_fraction_below_minimum,0.029886,0.15
iid_chopped,JAS17,minicube_196_33VXH_60.40_16.91,valid_fraction_below_minimum,0.091727,0.15
iid_chopped,JAS17,minicube_49_30UWB_51.10_-1.69,valid_fraction_below_minimum,0.041248,0.15
iid_chopped,JAS17,minicube_50_30UWB_51.10_-1.58,valid_fraction_below_minimum,0.124829,0.15
iid_chopped,JAS17,minicube_51_30UXD_52.64_-1.33,valid_fraction_below_minimum,0.067642,0.15
iid_chopped,JAS17,minicube_52_30UXD_52.36_-0.82,valid_fraction_below_minimum,0.072946,0.15
iid_chopped,JAS17,minicube_53_30UXD_52.34_-0.93,valid_fraction_below_minimum,0.145868,0.15
iid_chopped,JAS17,minicube_55_30UYU_48.03_-0.29,valid_fraction_below_minimum,0.052701,0.15
iid_chopped,JAS17,minicube_59_30UYV_48.77_0.56,valid_fraction_below_minimum,0.127481,0.15
iid_chopped,JAS18,minicube_49_30UWB_51.10_-1.69,valid_fraction_below_minimum,0.145001,0.15
iid_chopped,JAS19,minicube_177_33VUE_58.26_13.25,valid_fraction_below_minimum,0.138083,0.15
iid_chopped,MAM17,minicube_108_32TPT_47.81_11.26,valid_fraction_below_minimum,0.116641,0.15
iid_chopped,MAM17,minicube_109_32TPT_47.77_10.74,valid_fraction_below_minimum,0.092719,0.15
iid_chopped,MAM17,minicube_116_32UMC_52.08_8.88,valid_fraction_below_minimum,0.010983,0.15
iid_chopped,MAM17,minicube_117_32UMC_51.50_8.22,valid_fraction_below_minimum,0.051816,0.15
iid_chopped,MAM17,minicube_118_32UMC_51.86_7.58,valid_fraction_below_minimum,0.020346,0.15
iid_chopped,MAM17,minicube_119_32UNC_52.14_10.49,valid_fraction_below_minimum,0.063022,0.15
iid_chopped,MAM17,minicube_120_32UNC_51.65_10.40,valid_fraction_below_minimum,0.053091,0.15
iid_chopped,MAM17,minicube_121_32UNC_52.09_10.49,valid_fraction_below_minimum,0.058801,0.15
iid_chopped,MAM17,minicube_122_32UNG_55.65_9.28,valid_fraction_below_minimum,0.038528,0.15
iid_chopped,MAM17,minicube_123_32UNG_55.55_10.30,valid_fraction_below_minimum,0.045892,0.15
iid_chopped,MAM17,minicube_124_32UNG_55.50_10.70,valid_fraction_below_minimum,0.048535,0.15
iid_chopped,MAM17,minicube_128_32UPC_52.07_11.73,valid_fraction_below_minimum,0.143311,0.15
iid_chopped,MAM17,minicube_129_32UPC_51.39_10.95,valid_fraction_below_minimum,0.087646,0.15
iid_chopped,MAM17,minicube_130_32UPC_51.41_11.06,valid_fraction_below_minimum,0.062335,0.15
iid_chopped,MAM17,minicube_131_32UQC_51.73_12.23,valid_fraction_below_minimum,0.049344,0.15
iid_chopped,MAM17,minicube_132_32UQC_51.72_13.23,valid_fraction_below_minimum,0.047107,0.15
iid_chopped,MAM17,minicube_134_32VMM_59.68_8.90,valid_fraction_below_minimum,0.104639,0.15
iid_chopped,MAM17,minicube_136_32VMM_59.56_8.36,valid_fraction_below_minimum,0.074612,0.15
iid_chopped,MAM17,minicube_143_33TUN_47.78_12.36,valid_fraction_below_minimum,0.051807,0.15
iid_chopped,MAM17,minicube_144_33TUN_47.64_12.37,valid_fraction_below_minimum,0.095901,0.15
iid_chopped,MAM17,minicube_145_33TUN_47.78_12.40,valid_fraction_below_minimum,0.050302,0.15
iid_chopped,MAM17,minicube_154_33TXJ_43.62_16.81,valid_fraction_below_minimum,0.146939,0.15
iid_chopped,MAM17,minicube_158_33TYM_46.41_18.67,valid_fraction_below_minimum,0.132983,0.15
iid_chopped,MAM17,minicube_159_33TYM_46.57_18.14,valid_fraction_below_minimum,0.093509,0.15
iid_chopped,MAM17,minicube_161_33TYN_47.69_18.48,valid_fraction_below_minimum,0.139594,0.15
iid_chopped,MAM17,minicube_162_33TYN_46.95_18.60,valid_fraction_below_minimum,0.138528,0.15
iid_chopped,MAM17,minicube_165_33UVR_50.02_13.78,valid_fraction_below_minimum,0.104388,0.15
iid_chopped,MAM17,minicube_168_33UWT_51.61_15.92,valid_fraction_below_minimum,0.143518,0.15
iid_chopped,MAM17,minicube_169_33UWT_51.93_15.97,valid_fraction_below_minimum,0.125125,0.15
iid_chopped,MAM17,minicube_16_29TPH_42.86_-7.62,valid_fraction_below_minimum,0.115842,0.15
iid_chopped,MAM17,minicube_170_33UXP_48.23_16.83,valid_fraction_below_minimum,0.083496,0.15
iid_chopped,MAM17,minicube_171_33UXP_47.84_16.88,valid_fraction_below_minimum,0.108017,0.15
iid_chopped,MAM17,minicube_172_33UXP_48.46_17.11,valid_fraction_below_minimum,0.104568,0.15
iid_chopped,MAM17,minicube_176_33VUE_57.89_12.96,valid_fraction_below_minimum,0.023779,0.15
iid_chopped,MAM17,minicube_177_33VUE_58.26_13.25,valid_fraction_below_minimum,0.110083,0.15
iid_chopped,MAM17,minicube_179_33VUF_59.25_13.11,valid_fraction_below_minimum,0.125995,0.15
iid_chopped,MAM17,minicube_182_33VUG_59.61_11.54,valid_fraction_below_minimum,0.117609,0.15
iid_chopped,MAM17,minicube_185_33VVG_60.09_13.98,valid_fraction_below_minimum,0.148904,0.15
iid_chopped,MAM17,minicube_187_33VVG_59.54_14.81,valid_fraction_below_minimum,0.144781,0.15
iid_chopped,MAM17,minicube_189_33VWE_58.37_15.48,valid_fraction_below_minimum,0.139441,0.15
iid_chopped,MAM17,minicube_190_33VWE_58.41_15.13,valid_fraction_below_minimum,0.139963,0.15
iid_chopped,MAM17,minicube_192_33VXG_59.93_17.47,valid_fraction_below_minimum,0.102261,0.15
iid_chopped,MAM17,minicube_194_33VXH_60.88_17.08,valid_fraction_below_minimum,0.149307,0.15
iid_chopped,MAM17,minicube_195_33VXH_60.61_17.06,valid_fraction_below_minimum,0.122415,0.15
iid_chopped,MAM17,minicube_196_33VXH_60.40_16.91,valid_fraction_below_minimum,0.115793,0.15
iid_chopped,MAM17,minicube_198_34SEJ_39.24_21.03,valid_fraction_below_minimum,0.136078,0.15
iid_chopped,MAM17,minicube_210_34TDK_39.94_20.64,valid_fraction_below_minimum,0.14711,0.15
iid_chopped,MAM17,minicube_219_34TDQ_45.04_20.93,valid_fraction_below_minimum,0.071579,0.15
iid_chopped,MAM17,minicube_220_34TDQ_44.39_20.55,valid_fraction_below_minimum,0.129977,0.15
iid_chopped,MAM17,minicube_221_34TEL_40.70_21.85,valid_fraction_below_minimum,0.118741,0.15
iid_chopped,MAM17,minicube_222_34TEL_40.81_22.24,valid_fraction_below_minimum,0.146469,0.15
iid_chopped,MAM17,minicube_223_34TEL_40.70_21.54,valid_fraction_below_minimum,0.122787,0.15
iid_chopped,MAM17,minicube_230_34TFN_42.76_22.81,valid_fraction_below_minimum,0.052075,0.15
iid_chopped,MAM17,minicube_231_34TFN_43.02_22.63,valid_fraction_below_minimum,0.051196,0.15
iid_chopped,MAM17,minicube_232_34TFN_42.38_22.37,valid_fraction_below_minimum,0.00994,0.15
iid_chopped,MAM17,minicube_233_34TFP_43.57_23.00,valid_fraction_below_minimum,0.056433,0.15
iid_chopped,MAM17,minicube_235_34TFP_43.67_22.65,valid_fraction_below_minimum,0.138901,0.15
iid_chopped,MAM17,minicube_239_34VCL_59.24_18.52,valid_fraction_below_minimum,0.083371,0.15
iid_chopped,MAM17,minicube_240_34VCL_59.27_17.80,valid_fraction_below_minimum,0.07471,0.15
iid_chopped,MAM17,minicube_241_34VCL_59.04_17.96,valid_fraction_below_minimum,0.094998,0.15
iid_chopped,MAM17,minicube_36_30TXS_46.61_-0.73,valid_fraction_below_minimum,0.138348,0.15
iid_chopped,MAM17,minicube_49_30UWB_51.10_-1.69,valid_fraction_below_minimum,0.053302,0.15
iid_chopped,MAM17,minicube_50_30UWB_51.10_-1.58,valid_fraction_below_minimum,0.123914,0.15
iid_chopped,MAM17,minicube_51_30UXD_52.64_-1.33,valid_fraction_below_minimum,0.065259,0.15
iid_chopped,MAM17,minicube_52_30UXD_52.36_-0.82,valid_fraction_below_minimum,0.093677,0.15
iid_chopped,MAM17,minicube_53_30UXD_52.34_-0.93,valid_fraction_below_minimum,0.149545,0.15
iid_chopped,MAM17,minicube_55_30UYU_48.03_-0.29,valid_fraction_below_minimum,0.115891,0.15
iid_chopped,MAM17,minicube_66_31TCN_47.02_1.44,valid_fraction_below_minimum,0.125259,0.15
iid_chopped,MAM17,minicube_86_31UFP_48.13_5.44,valid_fraction_below_minimum,0.069534,0.15
iid_chopped,MAM17,minicube_87_31UFP_48.13_5.44,valid_fraction_below_minimum,0.069534,0.15
iid_chopped,MAM17,minicube_89_31UGS_50.75_7.36,valid_fraction_below_minimum,0.127026,0.15
iid_chopped,MAM17,minicube_90_31UGS_51.35_7.27,valid_fraction_below_minimum,0.128955,0.15
iid_chopped,MAM18,minicube_104_32TPS_46.09_10.99,valid_fraction_below_minimum,0.146506,0.15
iid_chopped,MAM18,minicube_69_31TDH_42.94_2.93,valid_fraction_below_minimum,0.145059,0.15
iid_chopped,MAM19,minicube_134_32VMM_59.68_8.90,valid_fraction_below_minimum,0.103812,0.15
iid_chopped,MAM19,minicube_135_32VMM_59.66_8.90,valid_fraction_below_minimum,0.087112,0.15
iid_chopped,MAM19,minicube_136_32VMM_59.56_8.36,valid_fraction_below_minimum,0.044193,0.15
iid_chopped,MAM19,minicube_58_30UYV_48.73_1.18,valid_fraction_below_minimum,0.108572,0.15
iid_chopped,MJJ17,minicube_116_32UMC_52.08_8.88,valid_fraction_below_minimum,0.112057,0.15
iid_chopped,MJJ17,minicube_117_32UMC_51.50_8.22,valid_fraction_below_minimum,0.126044,0.15
iid_chopped,MJJ17,minicube_118_32UMC_51.86_7.58,valid_fraction_below_minimum,0.105545,0.15
iid_chopped,MJJ17,minicube_119_32UNC_52.14_10.49,valid_fraction_below_minimum,0.054703,0.15
iid_chopped,MJJ17,minicube_120_32UNC_51.65_10.40,valid_fraction_below_minimum,0.140988,0.15
iid_chopped,MJJ17,minicube_121_32UNC_52.09_10.49,valid_fraction_below_minimum,0.115231,0.15
iid_chopped,MJJ17,minicube_122_32UNG_55.65_9.28,valid_fraction_below_minimum,0.106946,0.15
iid_chopped,MJJ17,minicube_131_32UQC_51.73_12.23,valid_fraction_below_minimum,0.136526,0.15
iid_chopped,MJJ17,minicube_132_32UQC_51.72_13.23,valid_fraction_below_minimum,0.099969,0.15
iid_chopped,MJJ17,minicube_136_32VMM_59.56_8.36,valid_fraction_below_minimum,0.134476,0.15
iid_chopped,MJJ17,minicube_176_33VUE_57.89_12.96,valid_fraction_below_minimum,0.143542,0.15
iid_chopped,MJJ17,minicube_179_33VUF_59.25_13.11,valid_fraction_below_minimum,0.110828,0.15
iid_chopped,MJJ17,minicube_184_33VUG_59.63_12.31,valid_fraction_below_minimum,0.14982,0.15
iid_chopped,MJJ17,minicube_194_33VXH_60.88_17.08,valid_fraction_below_minimum,0.117532,0.15
iid_chopped,MJJ17,minicube_195_33VXH_60.61_17.06,valid_fraction_below_minimum,0.102737,0.15
iid_chopped,MJJ17,minicube_240_34VCL_59.27_17.80,valid_fraction_below_minimum,0.13685,0.15
iid_chopped,MJJ17,minicube_48_30UWB_50.96_-1.62,valid_fraction_below_minimum,0.141666,0.15
iid_chopped,MJJ17,minicube_49_30UWB_51.10_-1.69,valid_fraction_below_minimum,0.050241,0.15
iid_chopped,MJJ17,minicube_50_30UWB_51.10_-1.58,valid_fraction_below_minimum,0.08212,0.15
iid_chopped,MJJ17,minicube_51_30UXD_52.64_-1.33,valid_fraction_below_minimum,0.022147,0.15
iid_chopped,MJJ17,minicube_52_30UXD_52.36_-0.82,valid_fraction_below_minimum,0.058148,0.15
iid_chopped,MJJ17,minicube_53_30UXD_52.34_-0.93,valid_fraction_below_minimum,0.130194,0.15
iid_chopped,MJJ17,minicube_55_30UYU_48.03_-0.29,valid_fraction_below_minimum,0.129349,0.15
iid_chopped,MJJ17,minicube_59_30UYV_48.77_0.56,valid_fraction_below_minimum,0.148523,0.15
iid_chopped,MJJ17,minicube_86_31UFP_48.13_5.44,valid_fraction_below_minimum,0.097318,0.15
iid_chopped,MJJ17,minicube_87_31UFP_48.13_5.44,valid_fraction_below_minimum,0.097318,0.15
iid_chopped,MJJ18,minicube_109_32TPT_47.77_10.74,valid_fraction_below_minimum,0.102365,0.15
iid_chopped,SON17,minicube_116_32UMC_52.08_8.88,valid_fraction_below_minimum,0.063354,0.15
iid_chopped,SON17,minicube_119_32UNC_52.14_10.49,valid_fraction_below_minimum,0.094476,0.15
iid_chopped,SON17,minicube_120_32UNC_51.65_10.40,valid_fraction_below_minimum,0.068268,0.15
iid_chopped,SON17,minicube_121_32UNC_52.09_10.49,valid_fraction_below_minimum,0.106732,0.15
iid_chopped,SON17,minicube_126_32UNU_48.02_9.10,valid_fraction_below_minimum,0.138333,0.15
iid_chopped,SON17,minicube_127_32UNU_48.68_10.25,valid_fraction_below_minimum,0.087189,0.15
iid_chopped,SON17,minicube_130_32UPC_51.41_11.06,valid_fraction_below_minimum,0.114105,0.15
iid_chopped,SON17,minicube_131_32UQC_51.73_12.23,valid_fraction_below_minimum,0.134158,0.15
iid_chopped,SON17,minicube_132_32UQC_51.72_13.23,valid_fraction_below_minimum,0.149255,0.15
iid_chopped,SON17,minicube_134_32VMM_59.68_8.90,valid_fraction_below_minimum,0.140469,0.15
iid_chopped,SON17,minicube_135_32VMM_59.66_8.90,valid_fraction_below_minimum,0.114633,0.15
iid_chopped,SON17,minicube_136_32VMM_59.56_8.36,valid_fraction_below_minimum,0.081305,0.15
iid_chopped,SON17,minicube_164_33UVR_50.25_14.71,valid_fraction_below_minimum,0.057526,0.15
iid_chopped,SON17,minicube_165_33UVR_50.02_13.78,valid_fraction_below_minimum,0.0,0.15
iid_chopped,SON17,minicube_167_33UWT_51.42_16.40,valid_fraction_below_minimum,0.124399,0.15
iid_chopped,SON17,minicube_169_33UWT_51.93_15.97,valid_fraction_below_minimum,0.140829,0.15
iid_chopped,SON17,minicube_176_33VUE_57.89_12.96,valid_fraction_below_minimum,0.020947,0.15
iid_chopped,SON17,minicube_178_33VUE_58.37_12.63,valid_fraction_below_minimum,0.1379,0.15
iid_chopped,SON17,minicube_183_33VUG_60.04_12.05,valid_fraction_below_minimum,0.147433,0.15
iid_chopped,SON17,minicube_185_33VVG_60.09_13.98,valid_fraction_below_minimum,0.077808,0.15
iid_chopped,SON17,minicube_186_33VVG_59.61_13.86,valid_fraction_below_minimum,0.11799,0.15
iid_chopped,SON17,minicube_187_33VVG_59.54_14.81,valid_fraction_below_minimum,0.113974,0.15
iid_chopped,SON17,minicube_189_33VWE_58.37_15.48,valid_fraction_below_minimum,0.066721,0.15
iid_chopped,SON17,minicube_190_33VWE_58.41_15.13,valid_fraction_below_minimum,0.048053,0.15
iid_chopped,SON17,minicube_192_33VXG_59.93_17.47,valid_fraction_below_minimum,0.104462,0.15
iid_chopped,SON17,minicube_194_33VXH_60.88_17.08,valid_fraction_below_minimum,0.049426,0.15
iid_chopped,SON17,minicube_195_33VXH_60.61_17.06,valid_fraction_below_minimum,0.010837,0.15
iid_chopped,SON17,minicube_196_33VXH_60.40_16.91,valid_fraction_below_minimum,0.05329,0.15
iid_chopped,SON17,minicube_240_34VCL_59.27_17.80,valid_fraction_below_minimum,0.067215,0.15
iid_chopped,SON17,minicube_241_34VCL_59.04_17.96,valid_fraction_below_minimum,0.073358,0.15
iid_chopped,SON17,minicube_49_30UWB_51.10_-1.69,valid_fraction_below_minimum,0.140454,0.15
iid_chopped,SON17,minicube_55_30UYU_48.03_-0.29,valid_fraction_below_minimum,0.113461,0.15
iid_chopped,SON17,minicube_56_30UYU_47.75_-0.16,valid_fraction_below_minimum,0.011584,0.15
iid_chopped,SON17,minicube_57_30UYV_48.99_-0.02,valid_fraction_below_minimum,0.054785,0.15
iid_chopped,SON17,minicube_59_30UYV_48.77_0.56,valid_fraction_below_minimum,0.148923,0.15
iid_chopped,SON17,minicube_82_31TGN_46.86_5.72,valid_fraction_below_minimum,0.12258,0.15
iid_chopped,SON17,minicube_89_31UGS_50.75_7.36,valid_fraction_below_minimum,0.104639,0.15
iid_chopped,SON17,minicube_90_31UGS_51.35_7.27,valid_fraction_below_minimum,0.045383,0.15
iid_chopped,SON18,minicube_122_32UNG_55.65_9.28,valid_fraction_below_minimum,0.13299,0.15
iid_chopped,SON18,minicube_179_33VUF_59.25_13.11,valid_fraction_below_minimum,0.104535,0.15
iid_chopped,SON18,minicube_180_33VUF_59.46_13.23,valid_fraction_below_minimum,0.137439,0.15
iid_chopped,SON18,minicube_181_33VUF_59.44_13.28,valid_fraction_below_minimum,0.121783,0.15
iid_chopped,SON18,minicube_182_33VUG_59.61_11.54,valid_fraction_below_minimum,0.116779,0.15
iid_chopped,SON18,minicube_184_33VUG_59.63_12.31,valid_fraction_below_minimum,0.137704,0.15
iid_chopped,SON18,minicube_191_33VXG_59.95_18.58,valid_fraction_below_minimum,0.126071,0.15
iid_chopped,SON18,minicube_192_33VXG_59.93_17.47,valid_fraction_below_minimum,0.083136,0.15
iid_chopped,SON18,minicube_193_33VXG_59.68_18.55,valid_fraction_below_minimum,0.088336,0.15
iid_chopped,SON18,minicube_239_34VCL_59.24_18.52,valid_fraction_below_minimum,0.149307,0.15
iid_chopped,SON18,minicube_240_34VCL_59.27_17.80,valid_fraction_below_minimum,0.073111,0.15
iid_chopped,SON18,minicube_84_31UES_51.01_4.27,valid_fraction_below_minimum,0.140823,0.15
iid_chopped,SON18,minicube_89_31UGS_50.75_7.36,valid_fraction_below_minimum,0.138696,0.15
iid_chopped,SON19,minicube_116_32UMC_52.08_8.88,valid_fraction_below_minimum,0.064117,0.15
iid_chopped,SON19,minicube_117_32UMC_51.50_8.22,valid_fraction_below_minimum,0.068359,0.15
iid_chopped,SON19,minicube_118_32UMC_51.86_7.58,valid_fraction_below_minimum,0.081271,0.15
iid_chopped,SON19,minicube_119_32UNC_52.14_10.49,valid_fraction_below_minimum,0.111542,0.15
iid_chopped,SON19,minicube_120_32UNC_51.65_10.40,valid_fraction_below_minimum,0.096487,0.15
iid_chopped,SON19,minicube_121_32UNC_52.09_10.49,valid_fraction_below_minimum,0.12778,0.15
iid_chopped,SON19,minicube_134_32VMM_59.68_8.90,valid_fraction_below_minimum,0.123578,0.15
iid_chopped,SON19,minicube_176_33VUE_57.89_12.96,valid_fraction_below_minimum,0.129361,0.15
iid_chopped,SON19,minicube_177_33VUE_58.26_13.25,valid_fraction_below_minimum,0.093207,0.15
iid_chopped,SON19,minicube_178_33VUE_58.37_12.63,valid_fraction_below_minimum,0.088635,0.15
iid_chopped,SON19,minicube_182_33VUG_59.61_11.54,valid_fraction_below_minimum,0.138144,0.15
iid_chopped,SON19,minicube_185_33VVG_60.09_13.98,valid_fraction_below_minimum,0.127042,0.15
iid_chopped,SON19,minicube_186_33VVG_59.61_13.86,valid_fraction_below_minimum,0.128659,0.15
iid_chopped,SON19,minicube_194_33VXH_60.88_17.08,valid_fraction_below_minimum,0.145773,0.15
iid_chopped,SON19,minicube_195_33VXH_60.61_17.06,valid_fraction_below_minimum,0.03761,0.15
iid_chopped,SON19,minicube_196_33VXH_60.40_16.91,valid_fraction_below_minimum,0.116776,0.15
iid_chopped,SON19,minicube_240_34VCL_59.27_17.80,valid_fraction_below_minimum,0.144641,0.15
iid_chopped,SON19,minicube_90_31UGS_51.35_7.27,valid_fraction_below_minimum,0.032526,0.15
iid_chopped,SON19,minicube_91_31UGS_50.56_5.89,valid_fraction_below_minimum,0.087466,0.15
ood-t_chopped,JAS21,minicube_176_33VUE_57.89_12.96,valid_fraction_below_minimum,0.135178,0.15
ood-t_chopped,JAS21,minicube_240_34VCL_59.27_17.80,valid_fraction_below_minimum,0.137134,0.15
ood-t_chopped,JAS21,minicube_49_30UWB_51.10_-1.69,valid_fraction_below_minimum,0.106064,0.15
ood-t_chopped,JAS21,minicube_53_30UXD_52.34_-0.93,valid_fraction_below_minimum,0.093323,0.15
ood-t_chopped,JAS21,minicube_59_30UYV_48.77_0.56,valid_fraction_below_minimum,0.148535,0.15
ood-t_chopped,JAS22,minicube_136_32VMM_59.56_8.36,valid_fraction_below_minimum,0.148697,0.15
ood-t_chopped,JAS22,minicube_182_33VUG_59.61_11.54,valid_fraction_below_minimum,0.138254,0.15
ood-t_chopped,JAS22,minicube_185_33VVG_60.09_13.98,valid_fraction_below_minimum,0.13317,0.15
ood-t_chopped,JAS22,minicube_193_33VXG_59.68_18.55,valid_fraction_below_minimum,0.136911,0.15
ood-t_chopped,JAS22,minicube_240_34VCL_59.27_17.80,valid_fraction_below_minimum,0.129086,0.15
ood-t_chopped,MAM21,minicube_131_32UQC_51.73_12.23,valid_fraction_below_minimum,0.133969,0.15
ood-t_chopped,MAM21,minicube_134_32VMM_59.68_8.90,valid_fraction_below_minimum,0.118085,0.15
ood-t_chopped,MAM21,minicube_136_32VMM_59.56_8.36,valid_fraction_below_minimum,0.064621,0.15
ood-t_chopped,MAM21,minicube_169_33UWT_51.93_15.97,valid_fraction_below_minimum,0.111456,0.15
ood-t_chopped,MAM22,minicube_136_32VMM_59.56_8.36,valid_fraction_below_minimum,0.131497,0.15
ood-t_chopped,MAM22,minicube_176_33VUE_57.89_12.96,valid_fraction_below_minimum,0.125775,0.15
ood-t_chopped,MAM22,minicube_51_30UXD_52.64_-1.33,valid_fraction_below_minimum,0.116397,0.15
ood-t_chopped,MJJ21,minicube_59_30UYV_48.77_0.56,valid_fraction_below_minimum,0.132333,0.15
ood-t_chopped,MJJ22,minicube_176_33VUE_57.89_12.96,valid_fraction_below_minimum,0.137701,0.15
ood-t_chopped,SON21,minicube_107_32TPT_47.73_10.40,valid_fraction_below_minimum,0.102664,0.15
ood-t_chopped,SON21,minicube_116_32UMC_52.08_8.88,valid_fraction_below_minimum,0.146494,0.15
ood-t_chopped,SON21,minicube_117_32UMC_51.50_8.22,valid_fraction_below_minimum,0.122644,0.15
ood-t_chopped,SON21,minicube_118_32UMC_51.86_7.58,valid_fraction_below_minimum,0.022891,0.15
ood-t_chopped,SON21,minicube_119_32UNC_52.14_10.49,valid_fraction_below_minimum,0.007932,0.15
ood-t_chopped,SON21,minicube_121_32UNC_52.09_10.49,valid_fraction_below_minimum,0.073215,0.15
ood-t_chopped,SON21,minicube_122_32UNG_55.65_9.28,valid_fraction_below_minimum,0.103088,0.15
ood-t_chopped,SON21,minicube_123_32UNG_55.55_10.30,valid_fraction_below_minimum,0.059799,0.15
ood-t_chopped,SON21,minicube_124_32UNG_55.50_10.70,valid_fraction_below_minimum,0.123282,0.15
ood-t_chopped,SON21,minicube_125_32UNU_48.36_9.65,valid_fraction_below_minimum,0.134247,0.15
ood-t_chopped,SON21,minicube_131_32UQC_51.73_12.23,valid_fraction_below_minimum,0.07774,0.15
ood-t_chopped,SON21,minicube_132_32UQC_51.72_13.23,valid_fraction_below_minimum,0.087689,0.15
ood-t_chopped,SON21,minicube_164_33UVR_50.25_14.71,valid_fraction_below_minimum,0.068738,0.15
ood-t_chopped,SON21,minicube_166_33UVR_50.05_14.92,valid_fraction_below_minimum,0.14744,0.15
ood-t_chopped,SON21,minicube_168_33UWT_51.61_15.92,valid_fraction_below_minimum,0.100085,0.15
ood-t_chopped,SON21,minicube_169_33UWT_51.93_15.97,valid_fraction_below_minimum,0.116513,0.15
ood-t_chopped,SON21,minicube_171_33UXP_47.84_16.88,valid_fraction_below_minimum,0.124966,0.15
ood-t_chopped,SON21,minicube_174_33UXQ_48.94_17.24,valid_fraction_below_minimum,0.147101,0.15
ood-t_chopped,SON21,minicube_175_33UXQ_48.88_16.99,valid_fraction_below_minimum,0.136987,0.15
ood-t_chopped,SON21,minicube_176_33VUE_57.89_12.96,valid_fraction_below_minimum,0.026538,0.15
ood-t_chopped,SON21,minicube_178_33VUE_58.37_12.63,valid_fraction_below_minimum,0.113528,0.15
ood-t_chopped,SON21,minicube_179_33VUF_59.25_13.11,valid_fraction_below_minimum,0.076563,0.15
ood-t_chopped,SON21,minicube_180_33VUF_59.46_13.23,valid_fraction_below_minimum,0.045227,0.15
ood-t_chopped,SON21,minicube_181_33VUF_59.44_13.28,valid_fraction_below_minimum,0.050082,0.15
ood-t_chopped,SON21,minicube_182_33VUG_59.61_11.54,valid_fraction_below_minimum,0.090161,0.15
ood-t_chopped,SON21,minicube_183_33VUG_60.04_12.05,valid_fraction_below_minimum,0.131403,0.15
ood-t_chopped,SON21,minicube_184_33VUG_59.63_12.31,valid_fraction_below_minimum,0.101212,0.15
ood-t_chopped,SON21,minicube_185_33VVG_60.09_13.98,valid_fraction_below_minimum,0.061172,0.15
ood-t_chopped,SON21,minicube_186_33VVG_59.61_13.86,valid_fraction_below_minimum,0.09155,0.15
ood-t_chopped,SON21,minicube_187_33VVG_59.54_14.81,valid_fraction_below_minimum,0.027731,0.15
ood-t_chopped,SON21,minicube_189_33VWE_58.37_15.48,valid_fraction_below_minimum,0.114896,0.15
ood-t_chopped,SON21,minicube_190_33VWE_58.41_15.13,valid_fraction_below_minimum,0.095578,0.15
ood-t_chopped,SON21,minicube_191_33VXG_59.95_18.58,valid_fraction_below_minimum,0.09892,0.15
ood-t_chopped,SON21,minicube_193_33VXG_59.68_18.55,valid_fraction_below_minimum,0.103445,0.15
ood-t_chopped,SON21,minicube_194_33VXH_60.88_17.08,valid_fraction_below_minimum,0.116476,0.15
ood-t_chopped,SON21,minicube_195_33VXH_60.61_17.06,valid_fraction_below_minimum,0.136713,0.15
ood-t_chopped,SON21,minicube_196_33VXH_60.40_16.91,valid_fraction_below_minimum,0.122418,0.15
ood-t_chopped,SON21,minicube_211_34TDK_40.44_20.66,valid_fraction_below_minimum,0.097198,0.15
ood-t_chopped,SON21,minicube_212_34TDM_41.60_20.47,valid_fraction_below_minimum,0.13028,0.15
ood-t_chopped,SON21,minicube_213_34TDM_41.53_20.93,valid_fraction_below_minimum,0.146851,0.15
ood-t_chopped,SON21,minicube_215_34TDP_43.66_20.71,valid_fraction_below_minimum,0.148044,0.15
ood-t_chopped,SON21,minicube_234_34TFP_43.81_23.48,valid_fraction_below_minimum,0.146878,0.15
ood-t_chopped,SON21,minicube_239_34VCL_59.24_18.52,valid_fraction_below_minimum,0.060919,0.15
ood-t_chopped,SON21,minicube_240_34VCL_59.27_17.80,valid_fraction_below_minimum,0.031784,0.15
ood-t_chopped,SON21,minicube_43_30TYQ_44.35_0.09,valid_fraction_below_minimum,0.147067,0.15
ood-t_chopped,SON21,minicube_51_30UXD_52.64_-1.33,valid_fraction_below_minimum,0.144254,0.15
ood-t_chopped,SON21,minicube_53_30UXD_52.34_-0.93,valid_fraction_below_minimum,0.141406,0.15
ood-t_chopped,SON21,minicube_57_30UYV_48.99_-0.02,valid_fraction_below_minimum,0.095407,0.15
ood-t_chopped,SON21,minicube_89_31UGS_50.75_7.36,valid_fraction_below_minimum,0.065292,0.15
ood-t_chopped,SON21,minicube_90_31UGS_51.35_7.27,valid_fraction_below_minimum,0.055399,0.15
ood-t_chopped,SON21,minicube_91_31UGS_50.56_5.89,valid_fraction_below_minimum,0.137152,0.15
ood-t_chopped,SON22,minicube_108_32TPT_47.81_11.26,valid_fraction_below_minimum,0.129077,0.15
ood-t_chopped,SON22,minicube_116_32UMC_52.08_8.88,valid_fraction_below_minimum,0.119247,0.15
ood-t_chopped,SON22,minicube_122_32UNG_55.65_9.28,valid_fraction_below_minimum,0.112949,0.15
ood-t_chopped,SON22,minicube_125_32UNU_48.36_9.65,valid_fraction_below_minimum,0.105313,0.15
ood-t_chopped,SON22,minicube_126_32UNU_48.02_9.10,valid_fraction_below_minimum,0.075949,0.15
ood-t_chopped,SON22,minicube_127_32UNU_48.68_10.25,valid_fraction_below_minimum,0.04548,0.15
ood-t_chopped,SON22,minicube_128_32UPC_52.07_11.73,valid_fraction_below_minimum,0.064606,0.15
ood-t_chopped,SON22,minicube_134_32VMM_59.68_8.90,valid_fraction_below_minimum,0.068039,0.15
ood-t_chopped,SON22,minicube_135_32VMM_59.66_8.90,valid_fraction_below_minimum,0.025955,0.15
ood-t_chopped,SON22,minicube_136_32VMM_59.56_8.36,valid_fraction_below_minimum,0.018686,0.15
ood-t_chopped,SON22,minicube_143_33TUN_47.78_12.36,valid_fraction_below_minimum,0.075345,0.15
ood-t_chopped,SON22,minicube_144_33TUN_47.64_12.37,valid_fraction_below_minimum,0.040829,0.15
ood-t_chopped,SON22,minicube_145_33TUN_47.78_12.40,valid_fraction_below_minimum,0.036563,0.15
ood-t_chopped,SON22,minicube_155_33TXN_47.56_16.91,valid_fraction_below_minimum,0.101294,0.15
ood-t_chopped,SON22,minicube_156_33TXN_47.36_16.70,valid_fraction_below_minimum,0.084277,0.15
ood-t_chopped,SON22,minicube_157_33TXN_46.91_17.39,valid_fraction_below_minimum,0.096201,0.15
ood-t_chopped,SON22,minicube_161_33TYN_47.69_18.48,valid_fraction_below_minimum,0.096399,0.15
ood-t_chopped,SON22,minicube_162_33TYN_46.95_18.60,valid_fraction_below_minimum,0.149756,0.15
ood-t_chopped,SON22,minicube_170_33UXP_48.23_16.83,valid_fraction_below_minimum,0.134341,0.15
ood-t_chopped,SON22,minicube_171_33UXP_47.84_16.88,valid_fraction_below_minimum,0.093823,0.15
ood-t_chopped,SON22,minicube_173_33UXQ_49.09_17.63,valid_fraction_below_minimum,0.146664,0.15
ood-t_chopped,SON22,minicube_176_33VUE_57.89_12.96,valid_fraction_below_minimum,0.106924,0.15
ood-t_chopped,SON22,minicube_177_33VUE_58.26_13.25,valid_fraction_below_minimum,0.058707,0.15
ood-t_chopped,SON22,minicube_178_33VUE_58.37_12.63,valid_fraction_below_minimum,0.104352,0.15
ood-t_chopped,SON22,minicube_179_33VUF_59.25_13.11,valid_fraction_below_minimum,0.077487,0.15
ood-t_chopped,SON22,minicube_182_33VUG_59.61_11.54,valid_fraction_below_minimum,0.147198,0.15
ood-t_chopped,SON22,minicube_184_33VUG_59.63_12.31,valid_fraction_below_minimum,0.101404,0.15
ood-t_chopped,SON22,minicube_185_33VVG_60.09_13.98,valid_fraction_below_minimum,0.104913,0.15
ood-t_chopped,SON22,minicube_186_33VVG_59.61_13.86,valid_fraction_below_minimum,0.116989,0.15
ood-t_chopped,SON22,minicube_187_33VVG_59.54_14.81,valid_fraction_below_minimum,0.082019,0.15
ood-t_chopped,SON22,minicube_189_33VWE_58.37_15.48,valid_fraction_below_minimum,0.089307,0.15
ood-t_chopped,SON22,minicube_191_33VXG_59.95_18.58,valid_fraction_below_minimum,0.113568,0.15
ood-t_chopped,SON22,minicube_193_33VXG_59.68_18.55,valid_fraction_below_minimum,0.077628,0.15
ood-t_chopped,SON22,minicube_224_34TET_47.72_21.24,valid_fraction_below_minimum,0.10983,0.15
ood-t_chopped,SON22,minicube_235_34TFP_43.67_22.65,valid_fraction_below_minimum,0.10614,0.15
ood-t_chopped,SON22,minicube_239_34VCL_59.24_18.52,valid_fraction_below_minimum,0.085831,0.15
ood-t_chopped,SON22,minicube_240_34VCL_59.27_17.80,valid_fraction_below_minimum,0.116492,0.15
ood-t_chopped,SON22,minicube_241_34VCL_59.04_17.96,valid_fraction_below_minimum,0.117703,0.15
ood-t_chopped,SON22,minicube_33_30TXR_45.17_-0.36,valid_fraction_below_minimum,0.093625,0.15
ood-t_chopped,SON22,minicube_50_30UWB_51.10_-1.58,valid_fraction_below_minimum,0.146097,0.15
ood-t_chopped,SON22,minicube_57_30UYV_48.99_-0.02,valid_fraction_below_minimum,0.147882,0.15
ood-t_chopped,SON22,minicube_68_31TCN_47.21_0.93,valid_fraction_below_minimum,0.137698,0.15
ood-t_chopped,SON22,minicube_84_31UES_51.01_4.27,valid_fraction_below_minimum,0.146332,0.15
ood-s_chopped,JAS17,minicube_228_46.25_3.55,valid_fraction_below_minimum,0.147028,0.15
ood-s_chopped,JAS17,minicube_267_46.75_9.05,valid_fraction_below_minimum,0.131482,0.15
ood-s_chopped,JAS17,minicube_292_47.75_-3.25,valid_fraction_below_minimum,0.148364,0.15
ood-s_chopped,JAS17,minicube_298_47.75_3.05,valid_fraction_below_minimum,0.147409,0.15
ood-s_chopped,JAS17,minicube_307_48.25_-3.75,valid_fraction_below_minimum,0.131549,0.15
ood-s_chopped,JAS17,minicube_311_48.25_-1.75,valid_fraction_below_minimum,0.116339,0.15
ood-s_chopped,JAS17,minicube_312_48.25_-1.25,valid_fraction_below_minimum,0.122177,0.15
ood-s_chopped,JAS17,minicube_316_48.25_3.55,valid_fraction_below_minimum,0.148236,0.15
ood-s_chopped,JAS17,minicube_322_48.25_15.05,valid_fraction_below_minimum,0.143878,0.15
ood-s_chopped,JAS17,minicube_328_48.75_-3.25,valid_fraction_below_minimum,0.055157,0.15
ood-s_chopped,JAS17,minicube_329_48.75_-1.25,valid_fraction_below_minimum,0.121002,0.15
ood-s_chopped,JAS17,minicube_330_48.75_2.05,valid_fraction_below_minimum,0.028107,0.15
ood-s_chopped,JAS17,minicube_331_48.75_2.55,valid_fraction_below_minimum,0.047891,0.15
ood-s_chopped,JAS17,minicube_335_48.75_7.05,valid_fraction_below_minimum,0.105371,0.15
ood-s_chopped,JAS17,minicube_361_49.25_-0.75,valid_fraction_below_minimum,0.116101,0.15
ood-s_chopped,JAS17,minicube_363_49.25_2.55,valid_fraction_below_minimum,0.022803,0.15
ood-s_chopped,JAS17,minicube_365_49.25_3.55,valid_fraction_below_minimum,0.127744,0.15
ood-s_chopped,JAS17,minicube_417_49.75_12.05,valid_fraction_below_minimum,0.144809,0.15
ood-s_chopped,JAS17,minicube_418_49.75_12.55,valid_fraction_below_minimum,0.089212,0.15
ood-s_chopped,JAS17,minicube_431_50.25_2.05,valid_fraction_below_minimum,0.100983,0.15
ood-s_chopped,JAS17,minicube_438_50.25_9.55,valid_fraction_below_minimum,0.114655,0.15
ood-s_chopped,JAS17,minicube_439_50.25_10.05,valid_fraction_below_minimum,0.134644,0.15
ood-s_chopped,JAS17,minicube_443_50.25_12.05,valid_fraction_below_minimum,0.067615,0.15
ood-s_chopped,JAS17,minicube_462_50.75_-4.25,valid_fraction_below_minimum,0.09595,0.15
ood-s_chopped,JAS17,minicube_463_50.75_-3.75,valid_fraction_below_minimum,0.098663,0.15
ood-s_chopped,JAS17,minicube_472_50.75_10.55,valid_fraction_below_minimum,0.14415,0.15
ood-s_chopped,JAS17,minicube_475_50.75_12.05,valid_fraction_below_minimum,0.127039,0.15
ood-s_chopped,JAS17,minicube_476_50.75_12.55,valid_fraction_below_minimum,0.078693,0.15
ood-s_chopped,JAS17,minicube_477_50.75_13.05,valid_fraction_below_minimum,0.074979,0.15
ood-s_chopped,JAS17,minicube_479_50.75_16.55,valid_fraction_below_minimum,0.113425,0.15
ood-s_chopped,JAS17,minicube_494_51.25_-0.75,valid_fraction_below_minimum,0.10126,0.15
ood-s_chopped,JAS17,minicube_495_51.25_-0.25,valid_fraction_below_minimum,0.144693,0.15
ood-s_chopped,JAS17,minicube_496_51.25_0.09,valid_fraction_below_minimum,0.036554,0.15
ood-s_chopped,JAS17,minicube_497_51.25_0.55,valid_fraction_below_minimum,0.089581,0.15
ood-s_chopped,JAS17,minicube_499_51.25_5.05,valid_fraction_below_minimum,0.119067,0.15
ood-s_chopped,JAS17,minicube_507_51.25_20.05,valid_fraction_below_minimum,0.143292,0.15
ood-s_chopped,JAS17,minicube_515_51.75_-8.75,valid_fraction_below_minimum,0.124301,0.15
ood-s_chopped,JAS17,minicube_516_51.75_-4.75,valid_fraction_below_minimum,0.036539,0.15
ood-s_chopped,JAS17,minicube_517_51.75_-4.25,valid_fraction_below_minimum,0.068076,0.15
ood-s_chopped,JAS17,minicube_518_51.75_-3.75,valid_fraction_below_minimum,0.094382,0.15
ood-s_chopped,JAS17,minicube_519_51.75_-0.75,valid_fraction_below_minimum,0.046078,0.15
ood-s_chopped,JAS17,minicube_522_51.75_0.55,valid_fraction_below_minimum,0.098492,0.15
ood-s_chopped,JAS17,minicube_540_52.25_-9.25,valid_fraction_below_minimum,0.097803,0.15
ood-s_chopped,JAS17,minicube_541_52.25_-8.75,valid_fraction_below_minimum,0.070721,0.15
ood-s_chopped,JAS17,minicube_542_52.25_-8.25,valid_fraction_below_minimum,0.094699,0.15
ood-s_chopped,JAS17,minicube_543_52.25_-7.75,valid_fraction_below_minimum,0.083255,0.15
ood-s_chopped,JAS17,minicube_544_52.25_-7.25,valid_fraction_below_minimum,0.102536,0.15
ood-s_chopped,JAS17,minicube_546_52.25_-3.75,valid_fraction_below_minimum,0.106238,0.15
ood-s_chopped,JAS17,minicube_547_52.25_-3.25,valid_fraction_below_minimum,0.128751,0.15
ood-s_chopped,JAS17,minicube_548_52.25_-2.75,valid_fraction_below_minimum,0.140637,0.15
ood-s_chopped,JAS17,minicube_550_52.25_0.55,valid_fraction_below_minimum,0.068256,0.15
ood-s_chopped,JAS17,minicube_551_52.25_1.05,valid_fraction_below_minimum,0.108578,0.15
ood-s_chopped,JAS17,minicube_552_52.25_1.55,valid_fraction_below_minimum,0.050705,0.15
ood-s_chopped,JAS17,minicube_572_52.75_-8.75,valid_fraction_below_minimum,0.120581,0.15
ood-s_chopped,JAS17,minicube_573_52.75_-8.25,valid_fraction_below_minimum,0.133719,0.15
ood-s_chopped,JAS17,minicube_574_52.75_-7.75,valid_fraction_below_minimum,0.057709,0.15
ood-s_chopped,JAS17,minicube_576_52.75_-6.75,valid_fraction_below_minimum,0.149316,0.15
ood-s_chopped,JAS17,minicube_577_52.75_-3.75,valid_fraction_below_minimum,0.132159,0.15
ood-s_chopped,JAS17,minicube_578_52.75_-3.25,valid_fraction_below_minimum,0.106827,0.15
ood-s_chopped,JAS17,minicube_579_52.75_-2.75,valid_fraction_below_minimum,0.081384,0.15
ood-s_chopped,JAS17,minicube_580_52.75_-2.25,valid_fraction_below_minimum,0.065909,0.15
ood-s_chopped,JAS17,minicube_581_52.75_0.55,valid_fraction_below_minimum,0.088364,0.15
ood-s_chopped,JAS17,minicube_582_52.75_1.05,valid_fraction_below_minimum,0.058563,0.15
ood-s_chopped,JAS17,minicube_583_52.75_5.05,valid_fraction_below_minimum,0.063556,0.15
ood-s_chopped,JAS17,minicube_586_52.75_7.05,valid_fraction_below_minimum,0.128375,0.15
ood-s_chopped,JAS17,minicube_591_52.75_13.05,valid_fraction_below_minimum,0.048587,0.15
ood-s_chopped,JAS17,minicube_592_52.75_13.55,valid_fraction_below_minimum,0.058261,0.15
ood-s_chopped,JAS17,minicube_593_52.75_14.05,valid_fraction_below_minimum,0.120883,0.15
ood-s_chopped,JAS17,minicube_606_52.75_23.05,valid_fraction_below_minimum,0.129962,0.15
ood-s_chopped,JAS17,minicube_608_53.25_-8.25,valid_fraction_below_minimum,0.128647,0.15
ood-s_chopped,JAS17,minicube_609_53.25_-7.75,valid_fraction_below_minimum,0.11394,0.15
ood-s_chopped,JAS17,minicube_611_53.25_-6.75,valid_fraction_below_minimum,0.037213,0.15
ood-s_chopped,JAS17,minicube_612_53.25_-6.25,valid_fraction_below_minimum,0.073083,0.15
ood-s_chopped,JAS17,minicube_613_53.25_-4.25,valid_fraction_below_minimum,0.026505,0.15
ood-s_chopped,JAS17,minicube_614_53.25_-3.75,valid_fraction_below_minimum,0.097031,0.15
ood-s_chopped,JAS17,minicube_615_53.25_-3.25,valid_fraction_below_minimum,0.121957,0.15
ood-s_chopped,JAS17,minicube_616_53.25_-2.75,valid_fraction_below_minimum,0.064581,0.15
ood-s_chopped,JAS17,minicube_617_53.25_-2.25,valid_fraction_below_minimum,0.016153,0.15
ood-s_chopped,JAS17,minicube_620_53.25_7.05,valid_fraction_below_minimum,0.096622,0.15
ood-s_chopped,JAS17,minicube_622_53.25_8.05,valid_fraction_below_minimum,0.145892,0.15
ood-s_chopped,JAS17,minicube_625_53.25_9.55,valid_fraction_below_minimum,0.144305,0.15
ood-s_chopped,JAS17,minicube_628_53.25_11.05,valid_fraction_below_minimum,0.079776,0.15
ood-s_chopped,JAS17,minicube_631_53.25_12.55,valid_fraction_below_minimum,0.111099,0.15
ood-s_chopped,JAS17,minicube_633_53.25_13.55,valid_fraction_below_minimum,0.117935,0.15
ood-s_chopped,JAS17,minicube_635_53.25_14.55,valid_fraction_below_minimum,0.10524,0.15
ood-s_chopped,JAS17,minicube_640_53.25_17.05,valid_fraction_below_minimum,0.148242,0.15
ood-s_chopped,JAS17,minicube_642_53.25_18.05,valid_fraction_below_minimum,0.132498,0.15
ood-s_chopped,JAS17,minicube_654_53.75_-8.75,valid_fraction_below_minimum,0.082455,0.15
ood-s_chopped,JAS17,minicube_657_53.75_-7.25,valid_fraction_below_minimum,0.03826,0.15
ood-s_chopped,JAS17,minicube_658_53.75_-6.75,valid_fraction_below_minimum,0.087256,0.15
ood-s_chopped,JAS17,minicube_659_53.75_-2.75,valid_fraction_below_minimum,0.062915,0.15
ood-s_chopped,JAS17,minicube_660_53.75_-2.25,valid_fraction_below_minimum,0.072217,0.15
ood-s_chopped,JAS17,minicube_661_53.75_-1.75,valid_fraction_below_minimum,0.078018,0.15
ood-s_chopped,JAS17,minicube_662_53.75_-1.25,valid_fraction_below_minimum,0.121295,0.15
ood-s_chopped,JAS17,minicube_668_53.75_10.55,valid_fraction_below_minimum,0.098727,0.15
ood-s_chopped,JAS17,minicube_670_53.75_11.55,valid_fraction_below_minimum,0.127118,0.15
ood-s_chopped,JAS17,minicube_672_53.75_12.55,valid_fraction_below_minimum,0.120627,0.15
ood-s_chopped,JAS17,minicube_674_53.75_14.05,valid_fraction_below_minimum,0.130634,0.15
ood-s_chopped,JAS17,minicube_678_53.75_16.55,valid_fraction_below_minimum,0.083801,0.15
ood-s_chopped,JAS17,minicube_679_53.75_17.05,valid_fraction_below_minimum,0.106015,0.15
ood-s_chopped,JAS17,minicube_693_54.25_-9.75,valid_fraction_below_minimum,0.046503,0.15
ood-s_chopped,JAS17,minicube_694_54.25_-9.25,valid_fraction_below_minimum,0.003287,0.15
ood-s_chopped,JAS17,minicube_695_54.25_-8.75,valid_fraction_below_minimum,0.137457,0.15
ood-s_chopped,JAS17,minicube_696_54.25_-8.25,valid_fraction_below_minimum,0.078796,0.15
ood-s_chopped,JAS17,minicube_697_54.25_-7.75,valid_fraction_below_minimum,0.108002,0.15
ood-s_chopped,JAS17,minicube_698_54.25_-7.25,valid_fraction_below_minimum,0.127283,0.15
ood-s_chopped,JAS17,minicube_699_54.25_-6.75,valid_fraction_below_minimum,0.08544,0.15
ood-s_chopped,JAS17,minicube_700_54.25_-6.25,valid_fraction_below_minimum,0.072293,0.15
ood-s_chopped,JAS17,minicube_701_54.25_-2.75,valid_fraction_below_minimum,0.036353,0.15
ood-s_chopped,JAS17,minicube_702_54.25_-2.25,valid_fraction_below_minimum,0.036804,0.15
ood-s_chopped,JAS17,minicube_703_54.25_-1.75,valid_fraction_below_minimum,0.03147,0.15
ood-s_chopped,JAS17,minicube_704_54.25_-1.25,valid_fraction_below_minimum,0.058447,0.15
ood-s_chopped,JAS17,minicube_705_54.25_-0.75,valid_fraction_below_minimum,0.100208,0.15
ood-s_chopped,JAS17,minicube_706_54.25_9.05,valid_fraction_below_minimum,0.049692,0.15
ood-s_chopped,JAS17,minicube_709_54.25_10.55,valid_fraction_below_minimum,0.117197,0.15
ood-s_chopped,JAS17,minicube_710_54.25_11.05,valid_fraction_below_minimum,0.133734,0.15
ood-s_chopped,JAS17,minicube_711_54.25_12.55,valid_fraction_below_minimum,0.039337,0.15
ood-s_chopped,JAS17,minicube_713_54.25_16.55,valid_fraction_below_minimum,0.092804,0.15
ood-s_chopped,JAS17,minicube_724_54.25_22.05,valid_fraction_below_minimum,0.142841,0.15
ood-s_chopped,JAS17,minicube_728_54.75_-8.25,valid_fraction_below_minimum,0.031137,0.15
ood-s_chopped,JAS17,minicube_729_54.75_-7.75,valid_fraction_below_minimum,0.045886,0.15
ood-s_chopped,JAS17,minicube_730_54.75_-7.25,valid_fraction_below_minimum,0.072882,0.15
ood-s_chopped,JAS17,minicube_731_54.75_-6.75,valid_fraction_below_minimum,0.086142,0.15
ood-s_chopped,JAS17,minicube_732_54.75_-6.25,valid_fraction_below_minimum,0.047473,0.15
ood-s_chopped,JAS17,minicube_733_54.75_-3.25,valid_fraction_below_minimum,0.055548,0.15
ood-s_chopped,JAS17,minicube_734_54.75_-2.75,valid_fraction_below_minimum,0.045551,0.15
ood-s_chopped,JAS17,minicube_735_54.75_-2.25,valid_fraction_below_minimum,0.052002,0.15
ood-s_chopped,JAS17,minicube_736_54.75_-1.75,valid_fraction_below_minimum,0.039755,0.15
ood-s_chopped,JAS17,minicube_738_54.75_20.55,valid_fraction_below_minimum,0.028305,0.15
ood-s_chopped,JAS17,minicube_745_55.25_-7.25,valid_fraction_below_minimum,0.020392,0.15
ood-s_chopped,JAS17,minicube_746_55.25_-4.75,valid_fraction_below_minimum,0.020654,0.15
ood-s_chopped,JAS17,minicube_747_55.25_-4.25,valid_fraction_below_minimum,0.074121,0.15
ood-s_chopped,JAS17,minicube_748_55.25_-3.75,valid_fraction_below_minimum,2.7e-05,0.15
ood-s_chopped,JAS17,minicube_749_55.25_-3.25,valid_fraction_below_minimum,0.07226,0.15
ood-s_chopped,JAS17,minicube_750_55.25_-2.75,valid_fraction_below_minimum,0.03923,0.15
ood-s_chopped,JAS17,minicube_751_55.25_-2.25,valid_fraction_below_minimum,0.100525,0.15
ood-s_chopped,JAS17,minicube_752_55.25_-1.75,valid_fraction_below_minimum,0.053171,0.15
ood-s_chopped,JAS17,minicube_760_55.75_-4.75,valid_fraction_below_minimum,0.017578,0.15
ood-s_chopped,JAS17,minicube_761_55.75_-4.25,valid_fraction_below_minimum,0.087701,0.15
ood-s_chopped,JAS17,minicube_762_55.75_-3.75,valid_fraction_below_minimum,0.015973,0.15
ood-s_chopped,JAS17,minicube_763_55.75_-3.25,valid_fraction_below_minimum,0.092688,0.15
ood-s_chopped,JAS17,minicube_764_55.75_-2.25,valid_fraction_below_minimum,0.064615,0.15
ood-s_chopped,JAS17,minicube_766_55.75_11.55,valid_fraction_below_minimum,0.116675,0.15
ood-s_chopped,JAS17,minicube_767_55.75_12.05,valid_fraction_below_minimum,0.078964,0.15
ood-s_chopped,JAS17,minicube_770_55.75_13.55,valid_fraction_below_minimum,0.139035,0.15
ood-s_chopped,JAS17,minicube_777_56.25_-4.75,valid_fraction_below_minimum,0.015894,0.15
ood-s_chopped,JAS17,minicube_778_56.25_-4.25,valid_fraction_below_minimum,0.003262,0.15
ood-s_chopped,JAS17,minicube_779_56.25_-3.75,valid_fraction_below_minimum,0.035867,0.15
ood-s_chopped,JAS17,minicube_780_56.25_-3.25,valid_fraction_below_minimum,0.11301,0.15
ood-s_chopped,JAS17,minicube_782_56.25_8.55,valid_fraction_below_minimum,0.070053,0.15
ood-s_chopped,JAS17,minicube_783_56.25_13.05,valid_fraction_below_minimum,0.053207,0.15
ood-s_chopped,JAS17,minicube_784_56.25_13.55,valid_fraction_below_minimum,0.140097,0.15
ood-s_chopped,JAS17,minicube_785_56.25_14.05,valid_fraction_below_minimum,0.080408,0.15
ood-s_chopped,JAS17,minicube_786_56.25_14.55,valid_fraction_below_minimum,0.147464,0.15
ood-s_chopped,JAS17,minicube_791_56.25_22.55,valid_fraction_below_minimum,0.145807,0.15
ood-s_chopped,JAS17,minicube_794_56.75_-5.75,valid_fraction_below_minimum,0.027451,0.15
ood-s_chopped,JAS17,minicube_795_56.75_-5.25,valid_fraction_below_minimum,0.011856,0.15
ood-s_chopped,JAS17,minicube_796_56.75_-4.75,valid_fraction_below_minimum,0.019495,0.15
ood-s_chopped,JAS17,minicube_797_56.75_-4.25,valid_fraction_below_minimum,0.022299,0.15
ood-s_chopped,JAS17,minicube_798_56.75_-3.75,valid_fraction_below_minimum,0.011096,0.15
ood-s_chopped,JAS17,minicube_799_56.75_-3.25,valid_fraction_below_minimum,0.018311,0.15
ood-s_chopped,JAS17,minicube_800_56.75_-2.75,valid_fraction_below_minimum,0.132449,0.15
ood-s_chopped,JAS17,minicube_801_56.75_8.55,valid_fraction_below_minimum,0.090598,0.15
ood-s_chopped,JAS17,minicube_802_56.75_9.55,valid_fraction_below_minimum,0.127963,0.15
ood-s_chopped,JAS17,minicube_804_56.75_13.05,valid_fraction_below_minimum,0.13732,0.15
ood-s_chopped,JAS17,minicube_805_56.75_13.55,valid_fraction_below_minimum,0.124673,0.15
ood-s_chopped,JAS17,minicube_806_56.75_14.05,valid_fraction_below_minimum,0.056708,0.15
ood-s_chopped,JAS17,minicube_807_56.75_14.55,valid_fraction_below_minimum,0.127609,0.15
ood-s_chopped,JAS17,minicube_808_56.75_15.05,valid_fraction_below_minimum,0.122668,0.15
ood-s_chopped,JAS17,minicube_80_41.25_16.05,valid_fraction_below_minimum,0.126089,0.15
ood-s_chopped,JAS17,minicube_816_57.25_-5.75,valid_fraction_below_minimum,0.007764,0.15
ood-s_chopped,JAS17,minicube_817_57.25_-5.25,valid_fraction_below_minimum,0.114929,0.15
ood-s_chopped,JAS17,minicube_818_57.25_-4.75,valid_fraction_below_minimum,0.011411,0.15
ood-s_chopped,JAS17,minicube_819_57.25_-4.25,valid_fraction_below_minimum,0.006604,0.15
ood-s_chopped,JAS17,minicube_820_57.25_-3.75,valid_fraction_below_minimum,0.013464,0.15
ood-s_chopped,JAS17,minicube_821_57.25_-3.25,valid_fraction_below_minimum,0.056442,0.15
ood-s_chopped,JAS17,minicube_822_57.25_-2.75,valid_fraction_below_minimum,0.120328,0.15
ood-s_chopped,JAS17,minicube_824_57.25_12.55,valid_fraction_below_minimum,0.114215,0.15
ood-s_chopped,JAS17,minicube_825_57.25_14.05,valid_fraction_below_minimum,0.149994,0.15
ood-s_chopped,JAS17,minicube_826_57.25_14.55,valid_fraction_below_minimum,0.083887,0.15
ood-s_chopped,JAS17,minicube_832_57.75_-5.25,valid_fraction_below_minimum,0.091574,0.15
ood-s_chopped,JAS17,minicube_833_57.75_-4.75,valid_fraction_below_minimum,0.002386,0.15
ood-s_chopped,JAS17,minicube_834_57.75_-4.25,valid_fraction_below_minimum,0.144403,0.15
ood-s_chopped,JAS17,minicube_835_57.75_14.05,valid_fraction_below_minimum,0.128757,0.15
ood-s_chopped,JAS17,minicube_836_58.25_-4.75,valid_fraction_below_minimum,0.070624,0.15
ood-s_chopped,JAS17,minicube_837_58.25_-4.25,valid_fraction_below_minimum,0.067426,0.15
ood-s_chopped,JAS17,minicube_838_58.25_-3.75,valid_fraction_below_minimum,0.145874,0.15
ood-s_chopped,JAS17,minicube_839_58.25_7.05,valid_fraction_below_minimum,0.126819,0.15
ood-s_chopped,JAS17,minicube_841_58.25_8.05,valid_fraction_below_minimum,0.108759,0.15
ood-s_chopped,JAS17,minicube_842_58.25_14.05,valid_fraction_below_minimum,0.071497,0.15
ood-s_chopped,JAS17,minicube_843_58.75_6.05,valid_fraction_below_minimum,0.096176,0.15
ood-s_chopped,JAS17,minicube_844_58.75_6.55,valid_fraction_below_minimum,0.125854,0.15
ood-s_chopped,JAS17,minicube_845_58.75_7.05,valid_fraction_below_minimum,0.092172,0.15
ood-s_chopped,JAS17,minicube_846_58.75_7.55,valid_fraction_below_minimum,0.126859,0.15
ood-s_chopped,JAS17,minicube_847_58.75_8.05,valid_fraction_below_minimum,0.081659,0.15
ood-s_chopped,JAS17,minicube_848_58.75_8.55,valid_fraction_below_minimum,0.021823,0.15
ood-s_chopped,JAS17,minicube_849_58.75_9.05,valid_fraction_below_minimum,0.123901,0.15
ood-s_chopped,JAS17,minicube_852_59.25_6.55,valid_fraction_below_minimum,0.139435,0.15
ood-s_chopped,JAS17,minicube_854_59.25_16.05,valid_fraction_below_minimum,0.086652,0.15
ood-s_chopped,JAS17,minicube_855_59.75_6.05,valid_fraction_below_minimum,0.104013,0.15
ood-s_chopped,JAS17,minicube_856_59.75_6.55,valid_fraction_below_minimum,0.019717,0.15
ood-s_chopped,JAS17,minicube_858_59.75_16.05,valid_fraction_below_minimum,0.019498,0.15
ood-s_chopped,JAS17,minicube_860_60.25_7.05,valid_fraction_below_minimum,0.012271,0.15
ood-s_chopped,JAS17,minicube_861_60.25_7.55,valid_fraction_below_minimum,0.052557,0.15
ood-s_chopped,JAS17,minicube_868_60.75_5.55,valid_fraction_below_minimum,0.019894,0.15
ood-s_chopped,JAS17,minicube_870_60.75_7.55,valid_fraction_below_minimum,0.036246,0.15
ood-s_chopped,JAS17,minicube_872_60.75_8.55,valid_fraction_below_minimum,0.099805,0.15
ood-s_chopped,JAS17,minicube_875_60.75_10.05,valid_fraction_below_minimum,0.07056,0.15
ood-s_chopped,JAS17,minicube_879_60.75_22.55,valid_fraction_below_minimum,0.134299,0.15
ood-s_chopped,JAS17,minicube_882_61.25_5.05,valid_fraction_below_minimum,0.097388,0.15
ood-s_chopped,JAS17,minicube_887_61.25_7.55,valid_fraction_below_minimum,0.018372,0.15
ood-s_chopped,JAS17,minicube_890_61.25_9.05,valid_fraction_below_minimum,0.093216,0.15
ood-s_chopped,JAS17,minicube_898_61.25_16.05,valid_fraction_below_minimum,0.123621,0.15
ood-s_chopped,JAS18,minicube_328_48.75_-3.25,valid_fraction_below_minimum,0.086551,0.15
ood-s_chopped,JAS18,minicube_330_48.75_2.05,valid_fraction_below_minimum,0.065359,0.15
ood-s_chopped,JAS18,minicube_363_49.25_2.55,valid_fraction_below_minimum,0.059369,0.15
ood-s_chopped,JAS18,minicube_431_50.25_2.05,valid_fraction_below_minimum,0.13147,0.15
ood-s_chopped,JAS18,minicube_517_51.75_-4.25,valid_fraction_below_minimum,0.118961,0.15
ood-s_chopped,JAS18,minicube_541_52.25_-8.75,valid_fraction_below_minimum,0.118646,0.15
ood-s_chopped,JAS18,minicube_543_52.25_-7.75,valid_fraction_below_minimum,0.116455,0.15
ood-s_chopped,JAS18,minicube_544_52.25_-7.25,valid_fraction_below_minimum,0.144992,0.15
ood-s_chopped,JAS18,minicube_549_52.25_-2.25,valid_fraction_below_minimum,0.128476,0.15
ood-s_chopped,JAS18,minicube_572_52.75_-8.75,valid_fraction_below_minimum,0.110773,0.15
ood-s_chopped,JAS18,minicube_573_52.75_-8.25,valid_fraction_below_minimum,0.144965,0.15
ood-s_chopped,JAS18,minicube_579_52.75_-2.75,valid_fraction_below_minimum,0.080344,0.15
ood-s_chopped,JAS18,minicube_580_52.75_-2.25,valid_fraction_below_minimum,0.113055,0.15
ood-s_chopped,JAS18,minicube_583_52.75_5.05,valid_fraction_below_minimum,0.106335,0.15
ood-s_chopped,JAS18,minicube_608_53.25_-8.25,valid_fraction_below_minimum,0.128555,0.15
ood-s_chopped,JAS18,minicube_654_53.75_-8.75,valid_fraction_below_minimum,0.094846,0.15
ood-s_chopped,JAS18,minicube_656_53.75_-7.75,valid_fraction_below_minimum,0.126913,0.15
ood-s_chopped,JAS18,minicube_659_53.75_-2.75,valid_fraction_below_minimum,0.139236,0.15
ood-s_chopped,JAS18,minicube_663_53.75_-0.75,valid_fraction_below_minimum,0.127997,0.15
ood-s_chopped,JAS18,minicube_693_54.25_-9.75,valid_fraction_below_minimum,0.069092,0.15
ood-s_chopped,JAS18,minicube_694_54.25_-9.25,valid_fraction_below_minimum,0.092148,0.15
ood-s_chopped,JAS18,minicube_695_54.25_-8.75,valid_fraction_below_minimum,0.108691,0.15
ood-s_chopped,JAS18,minicube_696_54.25_-8.25,valid_fraction_below_minimum,0.068698,0.15
ood-s_chopped,JAS18,minicube_697_54.25_-7.75,valid_fraction_below_minimum,0.08309,0.15
ood-s_chopped,JAS18,minicube_698_54.25_-7.25,valid_fraction_below_minimum,0.062427,0.15
ood-s_chopped,JAS18,minicube_699_54.25_-6.75,valid_fraction_below_minimum,0.103613,0.15
ood-s_chopped,JAS18,minicube_701_54.25_-2.75,valid_fraction_below_minimum,0.069724,0.15
ood-s_chopped,JAS18,minicube_706_54.25_9.05,valid_fraction_below_minimum,0.137296,0.15
ood-s_chopped,JAS18,minicube_708_54.25_10.05,valid_fraction_below_minimum,0.121808,0.15
ood-s_chopped,JAS18,minicube_711_54.25_12.55,valid_fraction_below_minimum,0.079187,0.15
ood-s_chopped,JAS18,minicube_721_54.25_20.55,valid_fraction_below_minimum,0.117184,0.15
ood-s_chopped,JAS18,minicube_728_54.75_-8.25,valid_fraction_below_minimum,0.049063,0.15
ood-s_chopped,JAS18,minicube_729_54.75_-7.75,valid_fraction_below_minimum,0.016721,0.15
ood-s_chopped,JAS18,minicube_730_54.75_-7.25,valid_fraction_below_minimum,0.072925,0.15
ood-s_chopped,JAS18,minicube_731_54.75_-6.75,valid_fraction_below_minimum,0.02395,0.15
ood-s_chopped,JAS18,minicube_732_54.75_-6.25,valid_fraction_below_minimum,0.148691,0.15
ood-s_chopped,JAS18,minicube_733_54.75_-3.25,valid_fraction_below_minimum,0.076334,0.15
ood-s_chopped,JAS18,minicube_734_54.75_-2.75,valid_fraction_below_minimum,0.046136,0.15
ood-s_chopped,JAS18,minicube_738_54.75_20.55,valid_fraction_below_minimum,0.04628,0.15
ood-s_chopped,JAS18,minicube_745_55.25_-7.25,valid_fraction_below_minimum,0.079279,0.15
ood-s_chopped,JAS18,minicube_747_55.25_-4.25,valid_fraction_below_minimum,0.080212,0.15
ood-s_chopped,JAS18,minicube_748_55.25_-3.75,valid_fraction_below_minimum,0.023315,0.15
ood-s_chopped,JAS18,minicube_749_55.25_-3.25,valid_fraction_below_minimum,0.055795,0.15
ood-s_chopped,JAS18,minicube_751_55.25_-2.25,valid_fraction_below_minimum,0.018451,0.15
ood-s_chopped,JAS18,minicube_760_55.75_-4.75,valid_fraction_below_minimum,0.096625,0.15
ood-s_chopped,JAS18,minicube_761_55.75_-4.25,valid_fraction_below_minimum,0.067703,0.15
ood-s_chopped,JAS18,minicube_762_55.75_-3.75,valid_fraction_below_minimum,0.055612,0.15
ood-s_chopped,JAS18,minicube_764_55.75_-2.25,valid_fraction_below_minimum,0.090927,0.15
ood-s_chopped,JAS18,minicube_777_56.25_-4.75,valid_fraction_below_minimum,0.08374,0.15
ood-s_chopped,JAS18,minicube_778_56.25_-4.25,valid_fraction_below_minimum,0.077475,0.15
ood-s_chopped,JAS18,minicube_779_56.25_-3.75,valid_fraction_below_minimum,0.058783,0.15
ood-s_chopped,JAS18,minicube_787_56.25_15.05,valid_fraction_below_minimum,0.087421,0.15
ood-s_chopped,JAS18,minicube_794_56.75_-5.75,valid_fraction_below_minimum,0.022046,0.15
ood-s_chopped,JAS18,minicube_795_56.75_-5.25,valid_fraction_below_minimum,0.039688,0.15
ood-s_chopped,JAS18,minicube_796_56.75_-4.75,valid_fraction_below_minimum,0.095392,0.15
ood-s_chopped,JAS18,minicube_798_56.75_-3.75,valid_fraction_below_minimum,0.123529,0.15
ood-s_chopped,JAS18,minicube_801_56.75_8.55,valid_fraction_below_minimum,0.10426,0.15
ood-s_chopped,JAS18,minicube_80_41.25_16.05,valid_fraction_below_minimum,0.124765,0.15
ood-s_chopped,JAS18,minicube_816_57.25_-5.75,valid_fraction_below_minimum,0.077856,0.15
ood-s_chopped,JAS18,minicube_817_57.25_-5.25,valid_fraction_below_minimum,0.120425,0.15
ood-s_chopped,JAS18,minicube_819_57.25_-4.25,valid_fraction_below_minimum,0.140372,0.15
ood-s_chopped,JAS18,minicube_820_57.25_-3.75,valid_fraction_below_minimum,0.118661,0.15
ood-s_chopped,JAS18,minicube_822_57.25_-2.75,valid_fraction_below_minimum,0.143661,0.15
ood-s_chopped,JAS18,minicube_826_57.25_14.55,valid_fraction_below_minimum,0.131232,0.15
ood-s_chopped,JAS18,minicube_832_57.75_-5.25,valid_fraction_below_minimum,0.054172,0.15
ood-s_chopped,JAS18,minicube_833_57.75_-4.75,valid_fraction_below_minimum,0.030313,0.15
ood-s_chopped,JAS18,minicube_838_58.25_-3.75,valid_fraction_below_minimum,0.109296,0.15
ood-s_chopped,JAS18,minicube_848_58.75_8.55,valid_fraction_below_minimum,0.03186,0.15
ood-s_chopped,JAS18,minicube_856_59.75_6.55,valid_fraction_below_minimum,0.106906,0.15
ood-s_chopped,JAS18,minicube_858_59.75_16.05,valid_fraction_below_minimum,0.042123,0.15
ood-s_chopped,JAS18,minicube_860_60.25_7.05,valid_fraction_below_minimum,0.033206,0.15
ood-s_chopped,JAS18,minicube_861_60.25_7.55,valid_fraction_below_minimum,0.067767,0.15
ood-s_chopped,JAS18,minicube_868_60.75_5.55,valid_fraction_below_minimum,0.047324,0.15
ood-s_chopped,JAS18,minicube_870_60.75_7.55,valid_fraction_below_minimum,0.032266,0.15
ood-s_chopped,JAS18,minicube_887_61.25_7.55,valid_fraction_below_minimum,0.025214,0.15
ood-s_chopped,JAS19,minicube_270_46.75_14.05,valid_fraction_below_minimum,0.143457,0.15
ood-s_chopped,JAS19,minicube_328_48.75_-3.25,valid_fraction_below_minimum,0.070444,0.15
ood-s_chopped,JAS19,minicube_330_48.75_2.05,valid_fraction_below_minimum,0.073355,0.15
ood-s_chopped,JAS19,minicube_363_49.25_2.55,valid_fraction_below_minimum,0.061368,0.15
ood-s_chopped,JAS19,minicube_370_49.25_6.05,valid_fraction_below_minimum,0.118671,0.15
ood-s_chopped,JAS19,minicube_431_50.25_2.05,valid_fraction_below_minimum,0.145938,0.15
ood-s_chopped,JAS19,minicube_464_50.75_2.05,valid_fraction_below_minimum,0.118527,0.15
ood-s_chopped,JAS19,minicube_496_51.25_0.09,valid_fraction_below_minimum,0.088223,0.15
ood-s_chopped,JAS19,minicube_515_51.75_-8.75,valid_fraction_below_minimum,0.12001,0.15
ood-s_chopped,JAS19,minicube_516_51.75_-4.75,valid_fraction_below_minimum,0.146848,0.15
ood-s_chopped,JAS19,minicube_517_51.75_-4.25,valid_fraction_below_minimum,0.125571,0.15
ood-s_chopped,JAS19,minicube_540_52.25_-9.25,valid_fraction_below_minimum,0.080829,0.15
ood-s_chopped,JAS19,minicube_541_52.25_-8.75,valid_fraction_below_minimum,0.141391,0.15
ood-s_chopped,JAS19,minicube_542_52.25_-8.25,valid_fraction_below_minimum,0.13606,0.15
ood-s_chopped,JAS19,minicube_543_52.25_-7.75,valid_fraction_below_minimum,0.116171,0.15
ood-s_chopped,JAS19,minicube_544_52.25_-7.25,valid_fraction_below_minimum,0.136029,0.15
ood-s_chopped,JAS19,minicube_545_52.25_-6.75,valid_fraction_below_minimum,0.144348,0.15
ood-s_chopped,JAS19,minicube_546_52.25_-3.75,valid_fraction_below_minimum,0.123431,0.15
ood-s_chopped,JAS19,minicube_549_52.25_-2.25,valid_fraction_below_minimum,0.131064,0.15
ood-s_chopped,JAS19,minicube_572_52.75_-8.75,valid_fraction_below_minimum,0.102966,0.15
ood-s_chopped,JAS19,minicube_573_52.75_-8.25,valid_fraction_below_minimum,0.091153,0.15
ood-s_chopped,JAS19,minicube_577_52.75_-3.75,valid_fraction_below_minimum,0.098523,0.15
ood-s_chopped,JAS19,minicube_579_52.75_-2.75,valid_fraction_below_minimum,0.130826,0.15
ood-s_chopped,JAS19,minicube_580_52.75_-2.25,valid_fraction_below_minimum,0.118835,0.15
ood-s_chopped,JAS19,minicube_583_52.75_5.05,valid_fraction_below_minimum,0.104852,0.15
ood-s_chopped,JAS19,minicube_584_52.75_6.05,valid_fraction_below_minimum,0.142776,0.15
ood-s_chopped,JAS19,minicube_602_52.75_21.05,valid_fraction_below_minimum,0.147766,0.15
ood-s_chopped,JAS19,minicube_608_53.25_-8.25,valid_fraction_below_minimum,0.064462,0.15
ood-s_chopped,JAS19,minicube_609_53.25_-7.75,valid_fraction_below_minimum,0.127423,0.15
ood-s_chopped,JAS19,minicube_610_53.25_-7.25,valid_fraction_below_minimum,0.083093,0.15
ood-s_chopped,JAS19,minicube_611_53.25_-6.75,valid_fraction_below_minimum,0.100418,0.15
ood-s_chopped,JAS19,minicube_612_53.25_-6.25,valid_fraction_below_minimum,0.078214,0.15
ood-s_chopped,JAS19,minicube_614_53.25_-3.75,valid_fraction_below_minimum,0.148212,0.15
ood-s_chopped,JAS19,minicube_615_53.25_-3.25,valid_fraction_below_minimum,0.114996,0.15
ood-s_chopped,JAS19,minicube_617_53.25_-2.25,valid_fraction_below_minimum,0.127402,0.15
ood-s_chopped,JAS19,minicube_654_53.75_-8.75,valid_fraction_below_minimum,0.142502,0.15
ood-s_chopped,JAS19,minicube_656_53.75_-7.75,valid_fraction_below_minimum,0.147464,0.15
ood-s_chopped,JAS19,minicube_657_53.75_-7.25,valid_fraction_below_minimum,0.083014,0.15
ood-s_chopped,JAS19,minicube_658_53.75_-6.75,valid_fraction_below_minimum,0.074805,0.15
ood-s_chopped,JAS19,minicube_661_53.75_-1.75,valid_fraction_below_minimum,0.141504,0.15
ood-s_chopped,JAS19,minicube_664_53.75_-0.25,valid_fraction_below_minimum,0.138208,0.15
ood-s_chopped,JAS19,minicube_666_53.75_9.55,valid_fraction_below_minimum,0.114124,0.15
ood-s_chopped,JAS19,minicube_667_53.75_10.05,valid_fraction_below_minimum,0.091177,0.15
ood-s_chopped,JAS19,minicube_678_53.75_16.55,valid_fraction_below_minimum,0.129099,0.15
ood-s_chopped,JAS19,minicube_695_54.25_-8.75,valid_fraction_below_minimum,0.120544,0.15
ood-s_chopped,JAS19,minicube_696_54.25_-8.25,valid_fraction_below_minimum,0.126382,0.15
ood-s_chopped,JAS19,minicube_697_54.25_-7.75,valid_fraction_below_minimum,0.042892,0.15
ood-s_chopped,JAS19,minicube_698_54.25_-7.25,valid_fraction_below_minimum,0.064041,0.15
ood-s_chopped,JAS19,minicube_699_54.25_-6.75,valid_fraction_below_minimum,0.131082,0.15
ood-s_chopped,JAS19,minicube_700_54.25_-6.25,valid_fraction_below_minimum,0.046381,0.15
ood-s_chopped,JAS19,minicube_701_54.25_-2.75,valid_fraction_below_minimum,0.125629,0.15
ood-s_chopped,JAS19,minicube_702_54.25_-2.25,valid_fraction_below_minimum,0.133444,0.15
ood-s_chopped,JAS19,minicube_705_54.25_-0.75,valid_fraction_below_minimum,0.142462,0.15
ood-s_chopped,JAS19,minicube_709_54.25_10.55,valid_fraction_below_minimum,0.144257,0.15
ood-s_chopped,JAS19,minicube_711_54.25_12.55,valid_fraction_below_minimum,0.059976,0.15
ood-s_chopped,JAS19,minicube_728_54.75_-8.25,valid_fraction_below_minimum,0.029913,0.15
ood-s_chopped,JAS19,minicube_729_54.75_-7.75,valid_fraction_below_minimum,0.08544,0.15
ood-s_chopped,JAS19,minicube_730_54.75_-7.25,valid_fraction_below_minimum,0.09238,0.15
ood-s_chopped,JAS19,minicube_731_54.75_-6.75,valid_fraction_below_minimum,0.076663,0.15
ood-s_chopped,JAS19,minicube_732_54.75_-6.25,valid_fraction_below_minimum,0.111514,0.15
ood-s_chopped,JAS19,minicube_733_54.75_-3.25,valid_fraction_below_minimum,0.082776,0.15
ood-s_chopped,JAS19,minicube_738_54.75_20.55,valid_fraction_below_minimum,0.035492,0.15
ood-s_chopped,JAS19,minicube_745_55.25_-7.25,valid_fraction_below_minimum,0.063342,0.15
ood-s_chopped,JAS19,minicube_746_55.25_-4.75,valid_fraction_below_minimum,0.06951,0.15
ood-s_chopped,JAS19,minicube_747_55.25_-4.25,valid_fraction_below_minimum,0.083032,0.15
ood-s_chopped,JAS19,minicube_748_55.25_-3.75,valid_fraction_below_minimum,0.077936,0.15
ood-s_chopped,JAS19,minicube_749_55.25_-3.25,valid_fraction_below_minimum,0.081332,0.15
ood-s_chopped,JAS19,minicube_750_55.25_-2.75,valid_fraction_below_minimum,0.123663,0.15
ood-s_chopped,JAS19,minicube_751_55.25_-2.25,valid_fraction_below_minimum,0.059225,0.15
ood-s_chopped,JAS19,minicube_760_55.75_-4.75,valid_fraction_below_minimum,0.043478,0.15
ood-s_chopped,JAS19,minicube_761_55.75_-4.25,valid_fraction_below_minimum,0.077615,0.15
ood-s_chopped,JAS19,minicube_762_55.75_-3.75,valid_fraction_below_minimum,0.055978,0.15
ood-s_chopped,JAS19,minicube_764_55.75_-2.25,valid_fraction_below_minimum,0.098331,0.15
ood-s_chopped,JAS19,minicube_777_56.25_-4.75,valid_fraction_below_minimum,0.047449,0.15
ood-s_chopped,JAS19,minicube_778_56.25_-4.25,valid_fraction_below_minimum,0.099347,0.15
ood-s_chopped,JAS19,minicube_779_56.25_-3.75,valid_fraction_below_minimum,0.127316,0.15
ood-s_chopped,JAS19,minicube_781_56.25_-2.75,valid_fraction_below_minimum,0.133768,0.15
ood-s_chopped,JAS19,minicube_783_56.25_13.05,valid_fraction_below_minimum,0.133026,0.15
ood-s_chopped,JAS19,minicube_794_56.75_-5.75,valid_fraction_below_minimum,0.051913,0.15
ood-s_chopped,JAS19,minicube_795_56.75_-5.25,valid_fraction_below_minimum,0.04054,0.15
ood-s_chopped,JAS19,minicube_796_56.75_-4.75,valid_fraction_below_minimum,0.016812,0.15
ood-s_chopped,JAS19,minicube_797_56.75_-4.25,valid_fraction_below_minimum,0.100735,0.15
ood-s_chopped,JAS19,minicube_799_56.75_-3.25,valid_fraction_below_minimum,0.097076,0.15
ood-s_chopped,JAS19,minicube_801_56.75_8.55,valid_fraction_below_minimum,0.110056,0.15
ood-s_chopped,JAS19,minicube_804_56.75_13.05,valid_fraction_below_minimum,0.131876,0.15
ood-s_chopped,JAS19,minicube_805_56.75_13.55,valid_fraction_below_minimum,0.115125,0.15
ood-s_chopped,JAS19,minicube_80_41.25_16.05,valid_fraction_below_minimum,0.140393,0.15
ood-s_chopped,JAS19,minicube_816_57.25_-5.75,valid_fraction_below_minimum,0.101398,0.15
ood-s_chopped,JAS19,minicube_817_57.25_-5.25,valid_fraction_below_minimum,0.05238,0.15
ood-s_chopped,JAS19,minicube_818_57.25_-4.75,valid_fraction_below_minimum,0.010196,0.15
ood-s_chopped,JAS19,minicube_819_57.25_-4.25,valid_fraction_below_minimum,0.11257,0.15
ood-s_chopped,JAS19,minicube_821_57.25_-3.25,valid_fraction_below_minimum,0.110605,0.15
ood-s_chopped,JAS19,minicube_822_57.25_-2.75,valid_fraction_below_minimum,0.067807,0.15
ood-s_chopped,JAS19,minicube_826_57.25_14.55,valid_fraction_below_minimum,0.146588,0.15
ood-s_chopped,JAS19,minicube_832_57.75_-5.25,valid_fraction_below_minimum,0.072525,0.15
ood-s_chopped,JAS19,minicube_833_57.75_-4.75,valid_fraction_below_minimum,0.001736,0.15
ood-s_chopped,JAS19,minicube_834_57.75_-4.25,valid_fraction_below_minimum,0.073425,0.15
ood-s_chopped,JAS19,minicube_835_57.75_14.05,valid_fraction_below_minimum,0.139877,0.15
ood-s_chopped,JAS19,minicube_836_58.25_-4.75,valid_fraction_below_minimum,0.118668,0.15
ood-s_chopped,JAS19,minicube_838_58.25_-3.75,valid_fraction_below_minimum,0.147775,0.15
ood-s_chopped,JAS19,minicube_848_58.75_8.55,valid_fraction_below_minimum,0.034195,0.15
ood-s_chopped,JAS19,minicube_852_59.25_6.55,valid_fraction_below_minimum,0.135718,0.15
ood-s_chopped,JAS19,minicube_854_59.25_16.05,valid_fraction_below_minimum,0.133807,0.15
ood-s_chopped,JAS19,minicube_855_59.75_6.05,valid_fraction_below_minimum,0.098047,0.15
ood-s_chopped,JAS19,minicube_856_59.75_6.55,valid_fraction_below_minimum,0.097034,0.15
ood-s_chopped,JAS19,minicube_858_59.75_16.05,valid_fraction_below_minimum,0.0353,0.15
ood-s_chopped,JAS19,minicube_860_60.25_7.05,valid_fraction_below_minimum,0.036118,0.15
ood-s_chopped,JAS19,minicube_861_60.25_7.55,valid_fraction_below_minimum,0.063309,0.15
ood-s_chopped,JAS19,minicube_862_60.25_10.05,valid_fraction_below_minimum,0.131039,0.15
ood-s_chopped,JAS19,minicube_868_60.75_5.55,valid_fraction_below_minimum,0.063489,0.15
ood-s_chopped,JAS19,minicube_870_60.75_7.55,valid_fraction_below_minimum,0.046466,0.15
ood-s_chopped,JAS19,minicube_875_60.75_10.05,valid_fraction_below_minimum,0.109106,0.15
ood-s_chopped,JAS19,minicube_887_61.25_7.55,valid_fraction_below_minimum,0.023981,0.15
ood-s_chopped,JAS19,minicube_893_61.25_13.55,valid_fraction_below_minimum,0.132764,0.15
ood-s_chopped,MAM17,minicube_100_42.25_14.05,valid_fraction_below_minimum,0.134973,0.15
ood-s_chopped,MAM17,minicube_101_42.25_19.05,valid_fraction_below_minimum,0.135007,0.15
ood-s_chopped,MAM17,minicube_102_42.75_-8.75,valid_fraction_below_minimum,0.095123,0.15
ood-s_chopped,MAM17,minicube_103_42.75_-8.25,valid_fraction_below_minimum,0.117032,0.15
ood-s_chopped,MAM17,minicube_104_42.75_-5.75,valid_fraction_below_minimum,0.092654,0.15
ood-s_chopped,MAM17,minicube_106_42.75_-4.75,valid_fraction_below_minimum,0.118011,0.15
ood-s_chopped,MAM17,minicube_107_42.75_-4.25,valid_fraction_below_minimum,0.130698,0.15
ood-s_chopped,MAM17,minicube_114_42.75_18.55,valid_fraction_below_minimum,0.078796,0.15
ood-s_chopped,MAM17,minicube_116_42.75_19.55,valid_fraction_below_minimum,0.124078,0.15
ood-s_chopped,MAM17,minicube_117_42.75_21.05,valid_fraction_below_minimum,0.13418,0.15
ood-s_chopped,MAM17,minicube_118_42.75_21.55,valid_fraction_below_minimum,0.107162,0.15
ood-s_chopped,MAM17,minicube_119_43.25_-8.75,valid_fraction_below_minimum,0.132227,0.15
ood-s_chopped,MAM17,minicube_120_43.25_-8.25,valid_fraction_below_minimum,0.051669,0.15
ood-s_chopped,MAM17,minicube_123_43.25_-4.75,valid_fraction_below_minimum,0.075433,0.15
ood-s_chopped,MAM17,minicube_124_43.25_-4.25,valid_fraction_below_minimum,0.137329,0.15
ood-s_chopped,MAM17,minicube_133_43.25_19.05,valid_fraction_below_minimum,0.123529,0.15
ood-s_chopped,MAM17,minicube_135_43.75_-1.25,valid_fraction_below_minimum,0.145618,0.15
ood-s_chopped,MAM17,minicube_13_37.25_-2.25,valid_fraction_below_minimum,0.108545,0.15
ood-s_chopped,MAM17,minicube_151_44.75_4.05,valid_fraction_below_minimum,0.127249,0.15
ood-s_chopped,MAM17,minicube_153_44.75_5.05,valid_fraction_below_minimum,0.147079,0.15
ood-s_chopped,MAM17,minicube_156_44.75_6.55,valid_fraction_below_minimum,0.137643,0.15
ood-s_chopped,MAM17,minicube_158_44.75_7.55,valid_fraction_below_minimum,0.130972,0.15
ood-s_chopped,MAM17,minicube_161_44.75_15.05,valid_fraction_below_minimum,0.101227,0.15
ood-s_chopped,MAM17,minicube_163_44.75_16.05,valid_fraction_below_minimum,0.136887,0.15
ood-s_chopped,MAM17,minicube_166_44.75_17.55,valid_fraction_below_minimum,0.149805,0.15
ood-s_chopped,MAM17,minicube_167_44.75_22.05,valid_fraction_below_minimum,0.124625,0.15
ood-s_chopped,MAM17,minicube_170_44.75_23.55,valid_fraction_below_minimum,0.078046,0.15
ood-s_chopped,MAM17,minicube_171_45.25_4.05,valid_fraction_below_minimum,0.083859,0.15
ood-s_chopped,MAM17,minicube_174_45.25_5.55,valid_fraction_below_minimum,0.146527,0.15
ood-s_chopped,MAM17,minicube_176_45.25_6.55,valid_fraction_below_minimum,0.086099,0.15
ood-s_chopped,MAM17,minicube_178_45.25_7.55,valid_fraction_below_minimum,0.10975,0.15
ood-s_chopped,MAM17,minicube_17_37.75_-8.75,valid_fraction_below_minimum,0.129327,0.15
ood-s_chopped,MAM17,minicube_186_45.25_17.55,valid_fraction_below_minimum,0.139749,0.15
ood-s_chopped,MAM17,minicube_190_45.25_23.55,valid_fraction_below_minimum,0.080466,0.15
ood-s_chopped,MAM17,minicube_198_45.75_5.05,valid_fraction_below_minimum,0.121793,0.15
ood-s_chopped,MAM17,minicube_200_45.75_6.05,valid_fraction_below_minimum,0.14538,0.15
ood-s_chopped,MAM17,minicube_203_45.75_7.55,valid_fraction_below_minimum,0.06348,0.15
ood-s_chopped,MAM17,minicube_206_45.75_12.55,valid_fraction_below_minimum,0.100867,0.15
ood-s_chopped,MAM17,minicube_208_45.75_14.05,valid_fraction_below_minimum,0.131274,0.15
ood-s_chopped,MAM17,minicube_209_45.75_14.55,valid_fraction_below_minimum,0.122345,0.15
ood-s_chopped,MAM17,minicube_210_45.75_15.05,valid_fraction_below_minimum,0.066663,0.15
ood-s_chopped,MAM17,minicube_212_45.75_16.05,valid_fraction_below_minimum,0.09335,0.15
ood-s_chopped,MAM17,minicube_215_45.75_19.55,valid_fraction_below_minimum,0.134802,0.15
ood-s_chopped,MAM17,minicube_218_45.75_21.05,valid_fraction_below_minimum,0.137949,0.15
ood-s_chopped,MAM17,minicube_221_45.75_22.55,valid_fraction_below_minimum,0.10506,0.15
ood-s_chopped,MAM17,minicube_222_45.75_23.05,valid_fraction_below_minimum,0.082947,0.15
ood-s_chopped,MAM17,minicube_223_45.75_23.55,valid_fraction_below_minimum,0.047278,0.15
ood-s_chopped,MAM17,minicube_232_46.25_5.55,valid_fraction_below_minimum,0.14884,0.15
ood-s_chopped,MAM17,minicube_234_46.25_6.55,valid_fraction_below_minimum,0.106332,0.15
ood-s_chopped,MAM17,minicube_235_46.25_7.05,valid_fraction_below_minimum,0.100385,0.15
ood-s_chopped,MAM17,minicube_236_46.25_7.55,valid_fraction_below_minimum,0.149353,0.15
ood-s_chopped,MAM17,minicube_237_46.25_8.05,valid_fraction_below_minimum,0.060999,0.15
ood-s_chopped,MAM17,minicube_238_46.25_8.55,valid_fraction_below_minimum,0.067215,0.15
ood-s_chopped,MAM17,minicube_239_46.25_12.55,valid_fraction_below_minimum,0.099805,0.15
ood-s_chopped,MAM17,minicube_23_37.75_-2.25,valid_fraction_below_minimum,0.107108,0.15
ood-s_chopped,MAM17,minicube_240_46.25_13.05,valid_fraction_below_minimum,0.112589,0.15
ood-s_chopped,MAM17,minicube_246_46.25_16.05,valid_fraction_below_minimum,0.141849,0.15
ood-s_chopped,MAM17,minicube_249_46.25_19.55,valid_fraction_below_minimum,0.12659,0.15
ood-s_chopped,MAM17,minicube_251_46.25_20.55,valid_fraction_below_minimum,0.078369,0.15
ood-s_chopped,MAM17,minicube_252_46.25_21.05,valid_fraction_below_minimum,0.126245,0.15
ood-s_chopped,MAM17,minicube_253_46.25_21.55,valid_fraction_below_minimum,0.149579,0.15
ood-s_chopped,MAM17,minicube_256_46.25_23.05,valid_fraction_below_minimum,0.063025,0.15
ood-s_chopped,MAM17,minicube_257_46.25_23.55,valid_fraction_below_minimum,0.012192,0.15
ood-s_chopped,MAM17,minicube_25_37.75_-1.25,valid_fraction_below_minimum,0.075385,0.15
ood-s_chopped,MAM17,minicube_266_46.75_8.55,valid_fraction_below_minimum,0.105682,0.15
ood-s_chopped,MAM17,minicube_267_46.75_9.05,valid_fraction_below_minimum,0.031732,0.15
ood-s_chopped,MAM17,minicube_269_46.75_13.55,valid_fraction_below_minimum,0.092395,0.15
ood-s_chopped,MAM17,minicube_270_46.75_14.05,valid_fraction_below_minimum,0.008636,0.15
ood-s_chopped,MAM17,minicube_274_46.75_19.55,valid_fraction_below_minimum,0.063428,0.15
ood-s_chopped,MAM17,minicube_276_46.75_20.55,valid_fraction_below_minimum,0.121854,0.15
ood-s_chopped,MAM17,minicube_279_47.25_3.55,valid_fraction_below_minimum,0.145865,0.15
ood-s_chopped,MAM17,minicube_285_47.25_8.55,valid_fraction_below_minimum,0.042398,0.15
ood-s_chopped,MAM17,minicube_287_47.25_9.55,valid_fraction_below_minimum,0.135577,0.15
ood-s_chopped,MAM17,minicube_291_47.25_20.05,valid_fraction_below_minimum,0.069818,0.15
ood-s_chopped,MAM17,minicube_292_47.75_-3.25,valid_fraction_below_minimum,0.117123,0.15
ood-s_chopped,MAM17,minicube_293_47.75_-2.75,valid_fraction_below_minimum,0.124673,0.15
ood-s_chopped,MAM17,minicube_294_47.75_-2.25,valid_fraction_below_minimum,0.082242,0.15
ood-s_chopped,MAM17,minicube_295_47.75_-1.75,valid_fraction_below_minimum,0.07634,0.15
ood-s_chopped,MAM17,minicube_297_47.75_2.55,valid_fraction_below_minimum,0.148071,0.15
ood-s_chopped,MAM17,minicube_298_47.75_3.05,valid_fraction_below_minimum,0.145453,0.15
ood-s_chopped,MAM17,minicube_302_47.75_14.55,valid_fraction_below_minimum,0.124811,0.15
ood-s_chopped,MAM17,minicube_303_47.75_15.05,valid_fraction_below_minimum,0.147623,0.15
ood-s_chopped,MAM17,minicube_304_47.75_15.55,valid_fraction_below_minimum,0.106934,0.15
ood-s_chopped,MAM17,minicube_306_48.25_-4.25,valid_fraction_below_minimum,0.103925,0.15
ood-s_chopped,MAM17,minicube_307_48.25_-3.75,valid_fraction_below_minimum,0.114954,0.15
ood-s_chopped,MAM17,minicube_308_48.25_-3.25,valid_fraction_below_minimum,0.100455,0.15
ood-s_chopped,MAM17,minicube_309_48.25_-2.75,valid_fraction_below_minimum,0.095132,0.15
ood-s_chopped,MAM17,minicube_310_48.25_-2.25,valid_fraction_below_minimum,0.112003,0.15
ood-s_chopped,MAM17,minicube_311_48.25_-1.75,valid_fraction_below_minimum,0.120642,0.15
ood-s_chopped,MAM17,minicube_316_48.25_3.55,valid_fraction_below_minimum,0.12738,0.15
ood-s_chopped,MAM17,minicube_321_48.25_14.55,valid_fraction_below_minimum,0.104285,0.15
ood-s_chopped,MAM17,minicube_322_48.25_15.05,valid_fraction_below_minimum,0.050339,0.15
ood-s_chopped,MAM17,minicube_323_48.25_15.55,valid_fraction_below_minimum,0.139755,0.15
ood-s_chopped,MAM17,minicube_324_48.25_19.55,valid_fraction_below_minimum,0.137292,0.15
ood-s_chopped,MAM17,minicube_328_48.75_-3.25,valid_fraction_below_minimum,0.010068,0.15
ood-s_chopped,MAM17,minicube_32_37.75_22.05,valid_fraction_below_minimum,0.147305,0.15
ood-s_chopped,MAM17,minicube_330_48.75_2.05,valid_fraction_below_minimum,0.02919,0.15
ood-s_chopped,MAM17,minicube_331_48.75_2.55,valid_fraction_below_minimum,0.069012,0.15
ood-s_chopped,MAM17,minicube_332_48.75_3.05,valid_fraction_below_minimum,0.100897,0.15
ood-s_chopped,MAM17,minicube_333_48.75_3.55,valid_fraction_below_minimum,0.138235,0.15
ood-s_chopped,MAM17,minicube_335_48.75_7.05,valid_fraction_below_minimum,0.110504,0.15
ood-s_chopped,MAM17,minicube_339_48.75_11.05,valid_fraction_below_minimum,0.111493,0.15
ood-s_chopped,MAM17,minicube_33_38.25_-8.75,valid_fraction_below_minimum,0.134952,0.15
ood-s_chopped,MAM17,minicube_340_48.75_11.55,valid_fraction_below_minimum,0.096341,0.15
ood-s_chopped,MAM17,minicube_342_48.75_12.55,valid_fraction_below_minimum,0.100473,0.15
ood-s_chopped,MAM17,minicube_344_48.75_13.55,valid_fraction_below_minimum,0.07052,0.15
ood-s_chopped,MAM17,minicube_345_48.75_14.05,valid_fraction_below_minimum,0.149274,0.15
ood-s_chopped,MAM17,minicube_346_48.75_14.55,valid_fraction_below_minimum,0.122662,0.15
ood-s_chopped,MAM17,minicube_347_48.75_15.05,valid_fraction_below_minimum,0.120969,0.15
ood-s_chopped,MAM17,minicube_348_48.75_15.55,valid_fraction_below_minimum,0.147839,0.15
ood-s_chopped,MAM17,minicube_349_48.75_18.55,valid_fraction_below_minimum,0.054169,0.15
ood-s_chopped,MAM17,minicube_350_48.75_19.05,valid_fraction_below_minimum,0.134369,0.15
ood-s_chopped,MAM17,minicube_351_48.75_19.55,valid_fraction_below_minimum,0.107861,0.15
ood-s_chopped,MAM17,minicube_354_48.75_21.05,valid_fraction_below_minimum,0.12002,0.15
ood-s_chopped,MAM17,minicube_355_48.75_21.55,valid_fraction_below_minimum,0.029135,0.15
ood-s_chopped,MAM17,minicube_356_48.75_22.05,valid_fraction_below_minimum,0.082361,0.15
ood-s_chopped,MAM17,minicube_357_48.75_22.55,valid_fraction_below_minimum,0.139832,0.15
ood-s_chopped,MAM17,minicube_360_49.25_-1.25,valid_fraction_below_minimum,0.037967,0.15
ood-s_chopped,MAM17,minicube_363_49.25_2.55,valid_fraction_below_minimum,0.019476,0.15
ood-s_chopped,MAM17,minicube_364_49.25_3.05,valid_fraction_below_minimum,0.129114,0.15
ood-s_chopped,MAM17,minicube_366_49.25_4.05,valid_fraction_below_minimum,0.123679,0.15
ood-s_chopped,MAM17,minicube_368_49.25_5.05,valid_fraction_below_minimum,0.107388,0.15
ood-s_chopped,MAM17,minicube_369_49.25_5.55,valid_fraction_below_minimum,0.056607,0.15
ood-s_chopped,MAM17,minicube_370_49.25_6.05,valid_fraction_below_minimum,0.08046,0.15
ood-s_chopped,MAM17,minicube_380_49.25_11.05,valid_fraction_below_minimum,0.147879,0.15
ood-s_chopped,MAM17,minicube_381_49.25_11.55,valid_fraction_below_minimum,0.148056,0.15
ood-s_chopped,MAM17,minicube_382_49.25_12.05,valid_fraction_below_minimum,0.056171,0.15
ood-s_chopped,MAM17,minicube_383_49.25_12.55,valid_fraction_below_minimum,0.09249,0.15
ood-s_chopped,MAM17,minicube_384_49.25_13.05,valid_fraction_below_minimum,0.066177,0.15
ood-s_chopped,MAM17,minicube_385_49.25_15.55,valid_fraction_below_minimum,0.142816,0.15
ood-s_chopped,MAM17,minicube_386_49.25_18.55,valid_fraction_below_minimum,0.137302,0.15
ood-s_chopped,MAM17,minicube_387_49.25_19.05,valid_fraction_below_minimum,0.045084,0.15
ood-s_chopped,MAM17,minicube_388_49.25_19.55,valid_fraction_below_minimum,0.139731,0.15
ood-s_chopped,MAM17,minicube_389_49.25_20.05,valid_fraction_below_minimum,0.077393,0.15
ood-s_chopped,MAM17,minicube_390_49.25_20.55,valid_fraction_below_minimum,0.093918,0.15
ood-s_chopped,MAM17,minicube_391_49.25_21.05,valid_fraction_below_minimum,0.096432,0.15
ood-s_chopped,MAM17,minicube_392_49.25_21.55,valid_fraction_below_minimum,0.097729,0.15
ood-s_chopped,MAM17,minicube_393_49.25_22.05,valid_fraction_below_minimum,0.028012,0.15
ood-s_chopped,MAM17,minicube_394_49.25_22.55,valid_fraction_below_minimum,0.041321,0.15
ood-s_chopped,MAM17,minicube_397_49.75_2.05,valid_fraction_below_minimum,0.100729,0.15
ood-s_chopped,MAM17,minicube_398_49.75_2.55,valid_fraction_below_minimum,0.107169,0.15
ood-s_chopped,MAM17,minicube_400_49.75_3.55,valid_fraction_below_minimum,0.116656,0.15
ood-s_chopped,MAM17,minicube_405_49.75_6.05,valid_fraction_below_minimum,0.03855,0.15
ood-s_chopped,MAM17,minicube_40_38.25_-1.75,valid_fraction_below_minimum,0.136658,0.15
ood-s_chopped,MAM17,minicube_412_49.75_9.55,valid_fraction_below_minimum,0.138638,0.15
ood-s_chopped,MAM17,minicube_414_49.75_10.55,valid_fraction_below_minimum,0.119342,0.15
ood-s_chopped,MAM17,minicube_415_49.75_11.05,valid_fraction_below_minimum,0.136368,0.15
ood-s_chopped,MAM17,minicube_416_49.75_11.55,valid_fraction_below_minimum,0.138208,0.15
ood-s_chopped,MAM17,minicube_417_49.75_12.05,valid_fraction_below_minimum,0.121152,0.15
ood-s_chopped,MAM17,minicube_418_49.75_12.55,valid_fraction_below_minimum,0.047583,0.15
ood-s_chopped,MAM17,minicube_419_49.75_13.05,valid_fraction_below_minimum,0.061307,0.15
ood-s_chopped,MAM17,minicube_420_49.75_18.55,valid_fraction_below_minimum,0.139355,0.15
ood-s_chopped,MAM17,minicube_421_49.75_19.05,valid_fraction_below_minimum,0.121646,0.15
ood-s_chopped,MAM17,minicube_422_49.75_19.55,valid_fraction_below_minimum,0.050455,0.15
ood-s_chopped,MAM17,minicube_423_49.75_20.05,valid_fraction_below_minimum,0.047595,0.15
ood-s_chopped,MAM17,minicube_424_49.75_20.55,valid_fraction_below_minimum,0.072556,0.15
ood-s_chopped,MAM17,minicube_425_49.75_21.05,valid_fraction_below_minimum,0.097131,0.15
ood-s_chopped,MAM17,minicube_426_49.75_21.55,valid_fraction_below_minimum,0.049304,0.15
ood-s_chopped,MAM17,minicube_427_49.75_22.05,valid_fraction_below_minimum,0.053534,0.15
ood-s_chopped,MAM17,minicube_428_49.75_22.55,valid_fraction_below_minimum,0.049957,0.15
ood-s_chopped,MAM17,minicube_429_49.75_23.05,valid_fraction_below_minimum,0.091925,0.15
ood-s_chopped,MAM17,minicube_430_49.75_23.55,valid_fraction_below_minimum,0.075845,0.15
ood-s_chopped,MAM17,minicube_435_50.25_8.05,valid_fraction_below_minimum,0.11441,0.15
ood-s_chopped,MAM17,minicube_437_50.25_9.05,valid_fraction_below_minimum,0.14613,0.15
ood-s_chopped,MAM17,minicube_439_50.25_10.05,valid_fraction_below_minimum,0.121542,0.15
ood-s_chopped,MAM17,minicube_440_50.25_10.55,valid_fraction_below_minimum,0.143628,0.15
ood-s_chopped,MAM17,minicube_441_50.25_11.05,valid_fraction_below_minimum,0.13721,0.15
ood-s_chopped,MAM17,minicube_442_50.25_11.55,valid_fraction_below_minimum,0.144983,0.15
ood-s_chopped,MAM17,minicube_443_50.25_12.05,valid_fraction_below_minimum,0.140002,0.15
ood-s_chopped,MAM17,minicube_444_50.25_12.55,valid_fraction_below_minimum,0.052014,0.15
ood-s_chopped,MAM17,minicube_445_50.25_13.05,valid_fraction_below_minimum,0.090729,0.15
ood-s_chopped,MAM17,minicube_446_50.25_16.05,valid_fraction_below_minimum,0.092993,0.15
ood-s_chopped,MAM17,minicube_447_50.25_16.55,valid_fraction_below_minimum,0.111093,0.15
ood-s_chopped,MAM17,minicube_449_50.25_17.55,valid_fraction_below_minimum,0.149954,0.15
ood-s_chopped,MAM17,minicube_44_38.25_22.05,valid_fraction_below_minimum,0.1151,0.15
ood-s_chopped,MAM17,minicube_451_50.25_18.55,valid_fraction_below_minimum,0.14342,0.15
ood-s_chopped,MAM17,minicube_452_50.25_19.05,valid_fraction_below_minimum,0.107843,0.15
ood-s_chopped,MAM17,minicube_453_50.25_19.55,valid_fraction_below_minimum,0.044046,0.15
ood-s_chopped,MAM17,minicube_454_50.25_20.05,valid_fraction_below_minimum,0.024283,0.15
ood-s_chopped,MAM17,minicube_455_50.25_20.55,valid_fraction_below_minimum,0.054218,0.15
ood-s_chopped,MAM17,minicube_456_50.25_21.05,valid_fraction_below_minimum,0.084631,0.15
ood-s_chopped,MAM17,minicube_457_50.25_21.55,valid_fraction_below_minimum,0.088892,0.15
ood-s_chopped,MAM17,minicube_458_50.25_22.05,valid_fraction_below_minimum,0.051385,0.15
ood-s_chopped,MAM17,minicube_459_50.25_22.55,valid_fraction_below_minimum,0.041855,0.15
ood-s_chopped,MAM17,minicube_460_50.25_23.05,valid_fraction_below_minimum,0.064908,0.15
ood-s_chopped,MAM17,minicube_462_50.75_-4.25,valid_fraction_below_minimum,0.082379,0.15
ood-s_chopped,MAM17,minicube_463_50.75_-3.75,valid_fraction_below_minimum,0.130038,0.15
ood-s_chopped,MAM17,minicube_465_50.75_2.55,valid_fraction_below_minimum,0.093143,0.15
ood-s_chopped,MAM17,minicube_467_50.75_8.05,valid_fraction_below_minimum,0.095181,0.15
ood-s_chopped,MAM17,minicube_469_50.75_9.05,valid_fraction_below_minimum,0.133975,0.15
ood-s_chopped,MAM17,minicube_470_50.75_9.55,valid_fraction_below_minimum,0.113791,0.15
ood-s_chopped,MAM17,minicube_471_50.75_10.05,valid_fraction_below_minimum,0.127484,0.15
ood-s_chopped,MAM17,minicube_472_50.75_10.55,valid_fraction_below_minimum,0.136353,0.15
ood-s_chopped,MAM17,minicube_473_50.75_11.05,valid_fraction_below_minimum,0.110263,0.15
ood-s_chopped,MAM17,minicube_474_50.75_11.55,valid_fraction_below_minimum,0.094824,0.15
ood-s_chopped,MAM17,minicube_475_50.75_12.05,valid_fraction_below_minimum,0.090607,0.15
ood-s_chopped,MAM17,minicube_476_50.75_12.55,valid_fraction_below_minimum,0.077774,0.15
ood-s_chopped,MAM17,minicube_477_50.75_13.05,valid_fraction_below_minimum,0.053278,0.15
ood-s_chopped,MAM17,minicube_478_50.75_16.05,valid_fraction_below_minimum,0.099146,0.15
ood-s_chopped,MAM17,minicube_480_50.75_17.05,valid_fraction_below_minimum,0.14097,0.15
ood-s_chopped,MAM17,minicube_481_50.75_17.55,valid_fraction_below_minimum,0.1155,0.15
ood-s_chopped,MAM17,minicube_482_50.75_18.05,valid_fraction_below_minimum,0.147574,0.15
ood-s_chopped,MAM17,minicube_483_50.75_18.55,valid_fraction_below_minimum,0.144601,0.15
ood-s_chopped,MAM17,minicube_484_50.75_19.05,valid_fraction_below_minimum,0.143698,0.15
ood-s_chopped,MAM17,minicube_486_50.75_20.05,valid_fraction_below_minimum,0.011353,0.15
ood-s_chopped,MAM17,minicube_487_50.75_20.55,valid_fraction_below_minimum,0.033475,0.15
ood-s_chopped,MAM17,minicube_488_50.75_21.05,valid_fraction_below_minimum,0.075787,0.15
ood-s_chopped,MAM17,minicube_489_50.75_21.55,valid_fraction_below_minimum,0.043454,0.15
ood-s_chopped,MAM17,minicube_490_50.75_22.05,valid_fraction_below_minimum,0.086313,0.15
ood-s_chopped,MAM17,minicube_491_50.75_22.55,valid_fraction_below_minimum,0.148468,0.15
ood-s_chopped,MAM17,minicube_492_50.75_23.05,valid_fraction_below_minimum,0.099768,0.15
ood-s_chopped,MAM17,minicube_493_50.75_23.55,valid_fraction_below_minimum,0.066669,0.15
ood-s_chopped,MAM17,minicube_494_51.25_-0.75,valid_fraction_below_minimum,0.11095,0.15
ood-s_chopped,MAM17,minicube_495_51.25_-0.25,valid_fraction_below_minimum,0.091635,0.15
ood-s_chopped,MAM17,minicube_496_51.25_0.09,valid_fraction_below_minimum,0.027383,0.15
ood-s_chopped,MAM17,minicube_497_51.25_0.55,valid_fraction_below_minimum,0.037106,0.15
ood-s_chopped,MAM17,minicube_498_51.25_1.05,valid_fraction_below_minimum,0.087912,0.15
ood-s_chopped,MAM17,minicube_499_51.25_5.05,valid_fraction_below_minimum,0.142047,0.15
ood-s_chopped,MAM17,minicube_4_37.25_-8.75,valid_fraction_below_minimum,0.069498,0.15
ood-s_chopped,MAM17,minicube_500_51.25_14.05,valid_fraction_below_minimum,0.070026,0.15
ood-s_chopped,MAM17,minicube_501_51.25_14.55,valid_fraction_below_minimum,0.111163,0.15
ood-s_chopped,MAM17,minicube_502_51.25_17.55,valid_fraction_below_minimum,0.069839,0.15
ood-s_chopped,MAM17,minicube_503_51.25_18.05,valid_fraction_below_minimum,0.113525,0.15
ood-s_chopped,MAM17,minicube_504_51.25_18.55,valid_fraction_below_minimum,0.096948,0.15
ood-s_chopped,MAM17,minicube_505_51.25_19.05,valid_fraction_below_minimum,0.129666,0.15
ood-s_chopped,MAM17,minicube_506_51.25_19.55,valid_fraction_below_minimum,0.106165,0.15
ood-s_chopped,MAM17,minicube_507_51.25_20.05,valid_fraction_below_minimum,0.049704,0.15
ood-s_chopped,MAM17,minicube_508_51.25_20.55,valid_fraction_below_minimum,0.055411,0.15
ood-s_chopped,MAM17,minicube_509_51.25_21.05,valid_fraction_below_minimum,0.092627,0.15
ood-s_chopped,MAM17,minicube_510_51.25_21.55,valid_fraction_below_minimum,0.085382,0.15
ood-s_chopped,MAM17,minicube_511_51.25_22.05,valid_fraction_below_minimum,0.106329,0.15
ood-s_chopped,MAM17,minicube_513_51.25_23.05,valid_fraction_below_minimum,0.120856,0.15
ood-s_chopped,MAM17,minicube_514_51.25_23.55,valid_fraction_below_minimum,0.107645,0.15
ood-s_chopped,MAM17,minicube_515_51.75_-8.75,valid_fraction_below_minimum,0.067383,0.15
ood-s_chopped,MAM17,minicube_516_51.75_-4.75,valid_fraction_below_minimum,0.124762,0.15
ood-s_chopped,MAM17,minicube_517_51.75_-4.25,valid_fraction_below_minimum,0.066061,0.15
ood-s_chopped,MAM17,minicube_518_51.75_-3.75,valid_fraction_below_minimum,0.078061,0.15
ood-s_chopped,MAM17,minicube_519_51.75_-0.75,valid_fraction_below_minimum,0.080487,0.15
ood-s_chopped,MAM17,minicube_520_51.75_-0.25,valid_fraction_below_minimum,0.062457,0.15
ood-s_chopped,MAM17,minicube_521_51.75_0.09,valid_fraction_below_minimum,0.083139,0.15
ood-s_chopped,MAM17,minicube_522_51.75_0.55,valid_fraction_below_minimum,0.071298,0.15
ood-s_chopped,MAM17,minicube_524_51.75_5.55,valid_fraction_below_minimum,0.139029,0.15
ood-s_chopped,MAM17,minicube_525_51.75_6.05,valid_fraction_below_minimum,0.100015,0.15
ood-s_chopped,MAM17,minicube_526_51.75_14.05,valid_fraction_below_minimum,0.008167,0.15
ood-s_chopped,MAM17,minicube_527_51.75_17.55,valid_fraction_below_minimum,0.068585,0.15
ood-s_chopped,MAM17,minicube_528_51.75_18.05,valid_fraction_below_minimum,0.085977,0.15
ood-s_chopped,MAM17,minicube_529_51.75_18.55,valid_fraction_below_minimum,0.111444,0.15
ood-s_chopped,MAM17,minicube_530_51.75_19.05,valid_fraction_below_minimum,0.076752,0.15
ood-s_chopped,MAM17,minicube_531_51.75_19.55,valid_fraction_below_minimum,0.148975,0.15
ood-s_chopped,MAM17,minicube_533_51.75_20.55,valid_fraction_below_minimum,0.145325,0.15
ood-s_chopped,MAM17,minicube_534_51.75_21.05,valid_fraction_below_minimum,0.129404,0.15
ood-s_chopped,MAM17,minicube_536_51.75_22.05,valid_fraction_below_minimum,0.093115,0.15
ood-s_chopped,MAM17,minicube_537_51.75_22.55,valid_fraction_below_minimum,0.123724,0.15
ood-s_chopped,MAM17,minicube_538_51.75_23.05,valid_fraction_below_minimum,0.111105,0.15
ood-s_chopped,MAM17,minicube_539_51.75_23.55,valid_fraction_below_minimum,0.120145,0.15
ood-s_chopped,MAM17,minicube_540_52.25_-9.25,valid_fraction_below_minimum,0.066644,0.15
ood-s_chopped,MAM17,minicube_541_52.25_-8.75,valid_fraction_below_minimum,0.068851,0.15
ood-s_chopped,MAM17,minicube_543_52.25_-7.75,valid_fraction_below_minimum,0.075928,0.15
ood-s_chopped,MAM17,minicube_544_52.25_-7.25,valid_fraction_below_minimum,0.020905,0.15
ood-s_chopped,MAM17,minicube_545_52.25_-6.75,valid_fraction_below_minimum,0.025992,0.15
ood-s_chopped,MAM17,minicube_546_52.25_-3.75,valid_fraction_below_minimum,0.053793,0.15
ood-s_chopped,MAM17,minicube_547_52.25_-3.25,valid_fraction_below_minimum,0.045963,0.15
ood-s_chopped,MAM17,minicube_548_52.25_-2.75,valid_fraction_below_minimum,0.033636,0.15
ood-s_chopped,MAM17,minicube_549_52.25_-2.25,valid_fraction_below_minimum,0.102914,0.15
ood-s_chopped,MAM17,minicube_550_52.25_0.55,valid_fraction_below_minimum,0.06452,0.15
ood-s_chopped,MAM17,minicube_551_52.25_1.05,valid_fraction_below_minimum,0.080533,0.15
ood-s_chopped,MAM17,minicube_552_52.25_1.55,valid_fraction_below_minimum,0.099994,0.15
ood-s_chopped,MAM17,minicube_555_52.25_6.05,valid_fraction_below_minimum,0.148584,0.15
ood-s_chopped,MAM17,minicube_556_52.25_6.55,valid_fraction_below_minimum,0.114548,0.15
ood-s_chopped,MAM17,minicube_558_52.25_14.05,valid_fraction_below_minimum,0.083511,0.15
ood-s_chopped,MAM17,minicube_559_52.25_17.55,valid_fraction_below_minimum,0.070062,0.15
ood-s_chopped,MAM17,minicube_560_52.25_18.05,valid_fraction_below_minimum,0.094394,0.15
ood-s_chopped,MAM17,minicube_561_52.25_18.55,valid_fraction_below_minimum,0.118924,0.15
ood-s_chopped,MAM17,minicube_562_52.25_19.05,valid_fraction_below_minimum,0.067352,0.15
ood-s_chopped,MAM17,minicube_565_52.25_20.55,valid_fraction_below_minimum,0.119189,0.15
ood-s_chopped,MAM17,minicube_566_52.25_21.05,valid_fraction_below_minimum,0.142294,0.15
ood-s_chopped,MAM17,minicube_567_52.25_21.55,valid_fraction_below_minimum,0.075375,0.15
ood-s_chopped,MAM17,minicube_568_52.25_22.05,valid_fraction_below_minimum,0.118848,0.15
ood-s_chopped,MAM17,minicube_570_52.25_23.05,valid_fraction_below_minimum,0.138782,0.15
ood-s_chopped,MAM17,minicube_572_52.75_-8.75,valid_fraction_below_minimum,0.057916,0.15
ood-s_chopped,MAM17,minicube_573_52.75_-8.25,valid_fraction_below_minimum,0.097607,0.15
ood-s_chopped,MAM17,minicube_574_52.75_-7.75,valid_fraction_below_minimum,0.032742,0.15
ood-s_chopped,MAM17,minicube_575_52.75_-7.25,valid_fraction_below_minimum,0.004724,0.15
ood-s_chopped,MAM17,minicube_576_52.75_-6.75,valid_fraction_below_minimum,0.025537,0.15
ood-s_chopped,MAM17,minicube_577_52.75_-3.75,valid_fraction_below_minimum,0.10531,0.15
ood-s_chopped,MAM17,minicube_578_52.75_-3.25,valid_fraction_below_minimum,0.149509,0.15
ood-s_chopped,MAM17,minicube_579_52.75_-2.75,valid_fraction_below_minimum,0.116019,0.15
ood-s_chopped,MAM17,minicube_580_52.75_-2.25,valid_fraction_below_minimum,0.037021,0.15
ood-s_chopped,MAM17,minicube_581_52.75_0.55,valid_fraction_below_minimum,0.05954,0.15
ood-s_chopped,MAM17,minicube_582_52.75_1.05,valid_fraction_below_minimum,0.06806,0.15
ood-s_chopped,MAM17,minicube_583_52.75_5.05,valid_fraction_below_minimum,0.076291,0.15
ood-s_chopped,MAM17,minicube_584_52.75_6.05,valid_fraction_below_minimum,0.127032,0.15
ood-s_chopped,MAM17,minicube_585_52.75_6.55,valid_fraction_below_minimum,0.111798,0.15
ood-s_chopped,MAM17,minicube_586_52.75_7.05,valid_fraction_below_minimum,0.112155,0.15
ood-s_chopped,MAM17,minicube_588_52.75_8.05,valid_fraction_below_minimum,0.032593,0.15
ood-s_chopped,MAM17,minicube_590_52.75_12.55,valid_fraction_below_minimum,0.14025,0.15
ood-s_chopped,MAM17,minicube_591_52.75_13.05,valid_fraction_below_minimum,0.041602,0.15
ood-s_chopped,MAM17,minicube_592_52.75_13.55,valid_fraction_below_minimum,0.033228,0.15
ood-s_chopped,MAM17,minicube_593_52.75_14.05,valid_fraction_below_minimum,0.030774,0.15
ood-s_chopped,MAM17,minicube_594_52.75_14.55,valid_fraction_below_minimum,0.120245,0.15
ood-s_chopped,MAM17,minicube_595_52.75_17.55,valid_fraction_below_minimum,0.107306,0.15
ood-s_chopped,MAM17,minicube_596_52.75_18.05,valid_fraction_below_minimum,0.060449,0.15
ood-s_chopped,MAM17,minicube_597_52.75_18.55,valid_fraction_below_minimum,0.054376,0.15
ood-s_chopped,MAM17,minicube_598_52.75_19.05,valid_fraction_below_minimum,0.060208,0.15
ood-s_chopped,MAM17,minicube_599_52.75_19.55,valid_fraction_below_minimum,0.051355,0.15
ood-s_chopped,MAM17,minicube_5_37.25_-8.25,valid_fraction_below_minimum,0.128394,0.15
ood-s_chopped,MAM17,minicube_601_52.75_20.55,valid_fraction_below_minimum,0.149408,0.15
ood-s_chopped,MAM17,minicube_602_52.75_21.05,valid_fraction_below_minimum,0.083966,0.15
ood-s_chopped,MAM17,minicube_603_52.75_21.55,valid_fraction_below_minimum,0.061963,0.15
ood-s_chopped,MAM17,minicube_604_52.75_22.05,valid_fraction_below_minimum,0.058377,0.15
ood-s_chopped,MAM17,minicube_607_52.75_23.55,valid_fraction_below_minimum,0.144745,0.15
ood-s_chopped,MAM17,minicube_608_53.25_-8.25,valid_fraction_below_minimum,0.094843,0.15
ood-s_chopped,MAM17,minicube_609_53.25_-7.75,valid_fraction_below_minimum,0.03833,0.15
ood-s_chopped,MAM17,minicube_610_53.25_-7.25,valid_fraction_below_minimum,0.016031,0.15
ood-s_chopped,MAM17,minicube_611_53.25_-6.75,valid_fraction_below_minimum,0.069708,0.15
ood-s_chopped,MAM17,minicube_612_53.25_-6.25,valid_fraction_below_minimum,0.070996,0.15
ood-s_chopped,MAM17,minicube_613_53.25_-4.25,valid_fraction_below_minimum,0.138776,0.15
ood-s_chopped,MAM17,minicube_614_53.25_-3.75,valid_fraction_below_minimum,0.115332,0.15
ood-s_chopped,MAM17,minicube_615_53.25_-3.25,valid_fraction_below_minimum,0.146863,0.15
ood-s_chopped,MAM17,minicube_616_53.25_-2.75,valid_fraction_below_minimum,0.10488,0.15
ood-s_chopped,MAM17,minicube_617_53.25_-2.25,valid_fraction_below_minimum,0.108417,0.15
ood-s_chopped,MAM17,minicube_618_53.25_6.05,valid_fraction_below_minimum,0.117136,0.15
ood-s_chopped,MAM17,minicube_619_53.25_6.55,valid_fraction_below_minimum,0.140549,0.15
ood-s_chopped,MAM17,minicube_620_53.25_7.05,valid_fraction_below_minimum,0.100775,0.15
ood-s_chopped,MAM17,minicube_621_53.25_7.55,valid_fraction_below_minimum,0.076114,0.15
ood-s_chopped,MAM17,minicube_623_53.25_8.55,valid_fraction_below_minimum,0.099203,0.15
ood-s_chopped,MAM17,minicube_624_53.25_9.05,valid_fraction_below_minimum,0.078134,0.15
ood-s_chopped,MAM17,minicube_625_53.25_9.55,valid_fraction_below_minimum,0.091806,0.15
ood-s_chopped,MAM17,minicube_626_53.25_10.05,valid_fraction_below_minimum,0.095364,0.15
ood-s_chopped,MAM17,minicube_627_53.25_10.55,valid_fraction_below_minimum,0.081949,0.15
ood-s_chopped,MAM17,minicube_628_53.25_11.05,valid_fraction_below_minimum,0.053436,0.15
ood-s_chopped,MAM17,minicube_629_53.25_11.55,valid_fraction_below_minimum,0.020258,0.15
ood-s_chopped,MAM17,minicube_631_53.25_12.55,valid_fraction_below_minimum,0.012613,0.15
ood-s_chopped,MAM17,minicube_632_53.25_13.05,valid_fraction_below_minimum,0.094077,0.15
ood-s_chopped,MAM17,minicube_633_53.25_13.55,valid_fraction_below_minimum,0.096152,0.15
ood-s_chopped,MAM17,minicube_634_53.25_14.05,valid_fraction_below_minimum,0.048972,0.15
ood-s_chopped,MAM17,minicube_635_53.25_14.55,valid_fraction_below_minimum,0.05434,0.15
ood-s_chopped,MAM17,minicube_638_53.25_16.05,valid_fraction_below_minimum,0.0797,0.15
ood-s_chopped,MAM17,minicube_641_53.25_17.55,valid_fraction_below_minimum,0.071558,0.15
ood-s_chopped,MAM17,minicube_642_53.25_18.05,valid_fraction_below_minimum,0.057547,0.15
ood-s_chopped,MAM17,minicube_643_53.25_18.55,valid_fraction_below_minimum,0.064728,0.15
ood-s_chopped,MAM17,minicube_644_53.25_19.05,valid_fraction_below_minimum,0.07207,0.15
ood-s_chopped,MAM17,minicube_645_53.25_19.55,valid_fraction_below_minimum,0.144855,0.15
ood-s_chopped,MAM17,minicube_648_53.25_21.05,valid_fraction_below_minimum,0.146982,0.15
ood-s_chopped,MAM17,minicube_649_53.25_21.55,valid_fraction_below_minimum,0.087436,0.15
ood-s_chopped,MAM17,minicube_650_53.25_22.05,valid_fraction_below_minimum,0.058737,0.15
ood-s_chopped,MAM17,minicube_651_53.25_22.55,valid_fraction_below_minimum,0.124844,0.15
ood-s_chopped,MAM17,minicube_652_53.25_23.05,valid_fraction_below_minimum,0.104388,0.15
ood-s_chopped,MAM17,minicube_654_53.75_-8.75,valid_fraction_below_minimum,0.06586,0.15
ood-s_chopped,MAM17,minicube_656_53.75_-7.75,valid_fraction_below_minimum,0.086438,0.15
ood-s_chopped,MAM17,minicube_657_53.75_-7.25,valid_fraction_below_minimum,0.052997,0.15
ood-s_chopped,MAM17,minicube_658_53.75_-6.75,valid_fraction_below_minimum,0.060568,0.15
ood-s_chopped,MAM17,minicube_660_53.75_-2.25,valid_fraction_below_minimum,0.137863,0.15
ood-s_chopped,MAM17,minicube_661_53.75_-1.75,valid_fraction_below_minimum,0.125967,0.15
ood-s_chopped,MAM17,minicube_662_53.75_-1.25,valid_fraction_below_minimum,0.1353,0.15
ood-s_chopped,MAM17,minicube_663_53.75_-0.75,valid_fraction_below_minimum,0.024017,0.15
ood-s_chopped,MAM17,minicube_664_53.75_-0.25,valid_fraction_below_minimum,0.094754,0.15
ood-s_chopped,MAM17,minicube_665_53.75_9.05,valid_fraction_below_minimum,0.06524,0.15
ood-s_chopped,MAM17,minicube_666_53.75_9.55,valid_fraction_below_minimum,0.091754,0.15
ood-s_chopped,MAM17,minicube_667_53.75_10.05,valid_fraction_below_minimum,0.106635,0.15
ood-s_chopped,MAM17,minicube_668_53.75_10.55,valid_fraction_below_minimum,0.044037,0.15
ood-s_chopped,MAM17,minicube_669_53.75_11.05,valid_fraction_below_minimum,0.042169,0.15
ood-s_chopped,MAM17,minicube_670_53.75_11.55,valid_fraction_below_minimum,0.050449,0.15
ood-s_chopped,MAM17,minicube_671_53.75_12.05,valid_fraction_below_minimum,0.07291,0.15
ood-s_chopped,MAM17,minicube_672_53.75_12.55,valid_fraction_below_minimum,0.070462,0.15
ood-s_chopped,MAM17,minicube_673_53.75_13.05,valid_fraction_below_minimum,0.124207,0.15
ood-s_chopped,MAM17,minicube_674_53.75_14.05,valid_fraction_below_minimum,0.046472,0.15
ood-s_chopped,MAM17,minicube_675_53.75_15.05,valid_fraction_below_minimum,0.08407,0.15
ood-s_chopped,MAM17,minicube_678_53.75_16.55,valid_fraction_below_minimum,0.087155,0.15
ood-s_chopped,MAM17,minicube_679_53.75_17.05,valid_fraction_below_minimum,0.142694,0.15
ood-s_chopped,MAM17,minicube_681_53.75_18.05,valid_fraction_below_minimum,0.071872,0.15
ood-s_chopped,MAM17,minicube_682_53.75_18.55,valid_fraction_below_minimum,0.100342,0.15
ood-s_chopped,MAM17,minicube_683_53.75_19.05,valid_fraction_below_minimum,0.049005,0.15
ood-s_chopped,MAM17,minicube_684_53.75_19.55,valid_fraction_below_minimum,0.134412,0.15
ood-s_chopped,MAM17,minicube_685_53.75_20.05,valid_fraction_below_minimum,0.079898,0.15
ood-s_chopped,MAM17,minicube_686_53.75_20.55,valid_fraction_below_minimum,0.073917,0.15
ood-s_chopped,MAM17,minicube_687_53.75_21.05,valid_fraction_below_minimum,0.066974,0.15
ood-s_chopped,MAM17,minicube_689_53.75_22.05,valid_fraction_below_minimum,0.117303,0.15
ood-s_chopped,MAM17,minicube_690_53.75_22.55,valid_fraction_below_minimum,0.111469,0.15
ood-s_chopped,MAM17,minicube_691_53.75_23.05,valid_fraction_below_minimum,0.148523,0.15
ood-s_chopped,MAM17,minicube_692_53.75_23.55,valid_fraction_below_minimum,0.100632,0.15
ood-s_chopped,MAM17,minicube_693_54.25_-9.75,valid_fraction_below_minimum,0.091089,0.15
ood-s_chopped,MAM17,minicube_694_54.25_-9.25,valid_fraction_below_minimum,0.098929,0.15
ood-s_chopped,MAM17,minicube_695_54.25_-8.75,valid_fraction_below_minimum,0.071674,0.15
ood-s_chopped,MAM17,minicube_696_54.25_-8.25,valid_fraction_below_minimum,0.143008,0.15
ood-s_chopped,MAM17,minicube_697_54.25_-7.75,valid_fraction_below_minimum,0.101193,0.15
ood-s_chopped,MAM17,minicube_698_54.25_-7.25,valid_fraction_below_minimum,0.039896,0.15
ood-s_chopped,MAM17,minicube_699_54.25_-6.75,valid_fraction_below_minimum,0.117123,0.15
ood-s_chopped,MAM17,minicube_6_37.25_-7.75,valid_fraction_below_minimum,0.083209,0.15
ood-s_chopped,MAM17,minicube_700_54.25_-6.25,valid_fraction_below_minimum,0.049881,0.15
ood-s_chopped,MAM17,minicube_703_54.25_-1.75,valid_fraction_below_minimum,0.114578,0.15
ood-s_chopped,MAM17,minicube_704_54.25_-1.25,valid_fraction_below_minimum,0.134857,0.15
ood-s_chopped,MAM17,minicube_705_54.25_-0.75,valid_fraction_below_minimum,0.104547,0.15
ood-s_chopped,MAM17,minicube_706_54.25_9.05,valid_fraction_below_minimum,0.091553,0.15
ood-s_chopped,MAM17,minicube_707_54.25_9.55,valid_fraction_below_minimum,0.035687,0.15
ood-s_chopped,MAM17,minicube_708_54.25_10.05,valid_fraction_below_minimum,0.012662,0.15
ood-s_chopped,MAM17,minicube_709_54.25_10.55,valid_fraction_below_minimum,0.040552,0.15
ood-s_chopped,MAM17,minicube_710_54.25_11.05,valid_fraction_below_minimum,0.068588,0.15
ood-s_chopped,MAM17,minicube_711_54.25_12.55,valid_fraction_below_minimum,0.034146,0.15
ood-s_chopped,MAM17,minicube_719_54.25_19.55,valid_fraction_below_minimum,0.129172,0.15
ood-s_chopped,MAM17,minicube_720_54.25_20.05,valid_fraction_below_minimum,0.089828,0.15
ood-s_chopped,MAM17,minicube_721_54.25_20.55,valid_fraction_below_minimum,0.092575,0.15
ood-s_chopped,MAM17,minicube_722_54.25_21.05,valid_fraction_below_minimum,0.064468,0.15
ood-s_chopped,MAM17,minicube_723_54.25_21.55,valid_fraction_below_minimum,0.071655,0.15
ood-s_chopped,MAM17,minicube_724_54.25_22.05,valid_fraction_below_minimum,0.076254,0.15
ood-s_chopped,MAM17,minicube_725_54.25_22.55,valid_fraction_below_minimum,0.053354,0.15
ood-s_chopped,MAM17,minicube_726_54.25_23.05,valid_fraction_below_minimum,0.061795,0.15
ood-s_chopped,MAM17,minicube_727_54.25_23.55,valid_fraction_below_minimum,0.095502,0.15
ood-s_chopped,MAM17,minicube_728_54.75_-8.25,valid_fraction_below_minimum,0.010257,0.15
ood-s_chopped,MAM17,minicube_729_54.75_-7.75,valid_fraction_below_minimum,0.038367,0.15
ood-s_chopped,MAM17,minicube_730_54.75_-7.25,valid_fraction_below_minimum,0.028543,0.15
ood-s_chopped,MAM17,minicube_731_54.75_-6.75,valid_fraction_below_minimum,0.011209,0.15
ood-s_chopped,MAM17,minicube_732_54.75_-6.25,valid_fraction_below_minimum,0.091449,0.15
ood-s_chopped,MAM17,minicube_733_54.75_-3.25,valid_fraction_below_minimum,0.133344,0.15
ood-s_chopped,MAM17,minicube_735_54.75_-2.25,valid_fraction_below_minimum,0.134494,0.15
ood-s_chopped,MAM17,minicube_738_54.75_20.55,valid_fraction_below_minimum,0.025006,0.15
ood-s_chopped,MAM17,minicube_739_54.75_21.05,valid_fraction_below_minimum,0.075049,0.15
ood-s_chopped,MAM17,minicube_740_54.75_21.55,valid_fraction_below_minimum,0.09035,0.15
ood-s_chopped,MAM17,minicube_741_54.75_22.05,valid_fraction_below_minimum,0.059998,0.15
ood-s_chopped,MAM17,minicube_742_54.75_22.55,valid_fraction_below_minimum,0.108182,0.15
ood-s_chopped,MAM17,minicube_743_54.75_23.05,valid_fraction_below_minimum,0.089761,0.15
ood-s_chopped,MAM17,minicube_744_54.75_23.55,valid_fraction_below_minimum,0.106967,0.15
ood-s_chopped,MAM17,minicube_745_55.25_-7.25,valid_fraction_below_minimum,0.055554,0.15
ood-s_chopped,MAM17,minicube_746_55.25_-4.75,valid_fraction_below_minimum,0.027887,0.15
ood-s_chopped,MAM17,minicube_747_55.25_-4.25,valid_fraction_below_minimum,0.074652,0.15
ood-s_chopped,MAM17,minicube_748_55.25_-3.75,valid_fraction_below_minimum,0.044394,0.15
ood-s_chopped,MAM17,minicube_74_41.25_-8.25,valid_fraction_below_minimum,0.137146,0.15
ood-s_chopped,MAM17,minicube_753_55.25_11.55,valid_fraction_below_minimum,0.049692,0.15
ood-s_chopped,MAM17,minicube_754_55.25_12.05,valid_fraction_below_minimum,0.117072,0.15
ood-s_chopped,MAM17,minicube_755_55.25_21.55,valid_fraction_below_minimum,0.092822,0.15
ood-s_chopped,MAM17,minicube_756_55.25_22.05,valid_fraction_below_minimum,0.133792,0.15
ood-s_chopped,MAM17,minicube_757_55.25_22.55,valid_fraction_below_minimum,0.072202,0.15
ood-s_chopped,MAM17,minicube_758_55.25_23.05,valid_fraction_below_minimum,0.078662,0.15
ood-s_chopped,MAM17,minicube_759_55.25_23.55,valid_fraction_below_minimum,0.100815,0.15
ood-s_chopped,MAM17,minicube_75_41.25_-7.75,valid_fraction_below_minimum,0.143369,0.15
ood-s_chopped,MAM17,minicube_760_55.75_-4.75,valid_fraction_below_minimum,0.03389,0.15
ood-s_chopped,MAM17,minicube_761_55.75_-4.25,valid_fraction_below_minimum,0.09205,0.15
ood-s_chopped,MAM17,minicube_762_55.75_-3.75,valid_fraction_below_minimum,0.064313,0.15
ood-s_chopped,MAM17,minicube_763_55.75_-3.25,valid_fraction_below_minimum,0.089148,0.15
ood-s_chopped,MAM17,minicube_764_55.75_-2.25,valid_fraction_below_minimum,0.127908,0.15
ood-s_chopped,MAM17,minicube_765_55.75_8.55,valid_fraction_below_minimum,0.099402,0.15
ood-s_chopped,MAM17,minicube_766_55.75_11.55,valid_fraction_below_minimum,0.022131,0.15
ood-s_chopped,MAM17,minicube_767_55.75_12.05,valid_fraction_below_minimum,0.064551,0.15
ood-s_chopped,MAM17,minicube_768_55.75_12.55,valid_fraction_below_minimum,0.080197,0.15
ood-s_chopped,MAM17,minicube_769_55.75_13.05,valid_fraction_below_minimum,0.087741,0.15
ood-s_chopped,MAM17,minicube_770_55.75_13.55,valid_fraction_below_minimum,0.067984,0.15
ood-s_chopped,MAM17,minicube_771_55.75_14.05,valid_fraction_below_minimum,0.071844,0.15
ood-s_chopped,MAM17,minicube_772_55.75_21.55,valid_fraction_below_minimum,0.122928,0.15
ood-s_chopped,MAM17,minicube_773_55.75_22.05,valid_fraction_below_minimum,0.097705,0.15
ood-s_chopped,MAM17,minicube_774_55.75_22.55,valid_fraction_below_minimum,0.139511,0.15
ood-s_chopped,MAM17,minicube_776_55.75_23.55,valid_fraction_below_minimum,0.143414,0.15
ood-s_chopped,MAM17,minicube_777_56.25_-4.75,valid_fraction_below_minimum,0.042416,0.15
ood-s_chopped,MAM17,minicube_778_56.25_-4.25,valid_fraction_below_minimum,0.097192,0.15
ood-s_chopped,MAM17,minicube_779_56.25_-3.75,valid_fraction_below_minimum,0.083392,0.15
ood-s_chopped,MAM17,minicube_781_56.25_-2.75,valid_fraction_below_minimum,0.145679,0.15
ood-s_chopped,MAM17,minicube_782_56.25_8.55,valid_fraction_below_minimum,0.105243,0.15
ood-s_chopped,MAM17,minicube_783_56.25_13.05,valid_fraction_below_minimum,0.073395,0.15
ood-s_chopped,MAM17,minicube_784_56.25_13.55,valid_fraction_below_minimum,0.079037,0.15
ood-s_chopped,MAM17,minicube_785_56.25_14.05,valid_fraction_below_minimum,0.053391,0.15
ood-s_chopped,MAM17,minicube_786_56.25_14.55,valid_fraction_below_minimum,0.094217,0.15
ood-s_chopped,MAM17,minicube_787_56.25_15.05,valid_fraction_below_minimum,0.119901,0.15
ood-s_chopped,MAM17,minicube_788_56.25_15.55,valid_fraction_below_minimum,0.13956,0.15
ood-s_chopped,MAM17,minicube_789_56.25_21.55,valid_fraction_below_minimum,0.051645,0.15
ood-s_chopped,MAM17,minicube_78_41.25_-4.25,valid_fraction_below_minimum,0.146664,0.15
ood-s_chopped,MAM17,minicube_794_56.75_-5.75,valid_fraction_below_minimum,0.013412,0.15
ood-s_chopped,MAM17,minicube_795_56.75_-5.25,valid_fraction_below_minimum,0.030521,0.15
ood-s_chopped,MAM17,minicube_796_56.75_-4.75,valid_fraction_below_minimum,0.06687,0.15
ood-s_chopped,MAM17,minicube_797_56.75_-4.25,valid_fraction_below_minimum,0.071188,0.15
ood-s_chopped,MAM17,minicube_798_56.75_-3.75,valid_fraction_below_minimum,0.056607,0.15
ood-s_chopped,MAM17,minicube_799_56.75_-3.25,valid_fraction_below_minimum,0.082901,0.15
ood-s_chopped,MAM17,minicube_800_56.75_-2.75,valid_fraction_below_minimum,0.120911,0.15
ood-s_chopped,MAM17,minicube_801_56.75_8.55,valid_fraction_below_minimum,0.054648,0.15
ood-s_chopped,MAM17,minicube_803_56.75_10.05,valid_fraction_below_minimum,0.091113,0.15
ood-s_chopped,MAM17,minicube_804_56.75_13.05,valid_fraction_below_minimum,0.09928,0.15
ood-s_chopped,MAM17,minicube_805_56.75_13.55,valid_fraction_below_minimum,0.047174,0.15
ood-s_chopped,MAM17,minicube_806_56.75_14.05,valid_fraction_below_minimum,0.109583,0.15
ood-s_chopped,MAM17,minicube_807_56.75_14.55,valid_fraction_below_minimum,0.106754,0.15
ood-s_chopped,MAM17,minicube_808_56.75_15.05,valid_fraction_below_minimum,0.080249,0.15
ood-s_chopped,MAM17,minicube_80_41.25_16.05,valid_fraction_below_minimum,0.066937,0.15
ood-s_chopped,MAM17,minicube_812_56.75_22.05,valid_fraction_below_minimum,0.095721,0.15
ood-s_chopped,MAM17,minicube_816_57.25_-5.75,valid_fraction_below_minimum,0.05004,0.15
ood-s_chopped,MAM17,minicube_817_57.25_-5.25,valid_fraction_below_minimum,0.015103,0.15
ood-s_chopped,MAM17,minicube_818_57.25_-4.75,valid_fraction_below_minimum,0.013617,0.15
ood-s_chopped,MAM17,minicube_819_57.25_-4.25,valid_fraction_below_minimum,0.040994,0.15
ood-s_chopped,MAM17,minicube_820_57.25_-3.75,valid_fraction_below_minimum,0.063287,0.15
ood-s_chopped,MAM17,minicube_821_57.25_-3.25,valid_fraction_below_minimum,0.099512,0.15
ood-s_chopped,MAM17,minicube_823_57.25_10.05,valid_fraction_below_minimum,0.110925,0.15
ood-s_chopped,MAM17,minicube_824_57.25_12.55,valid_fraction_below_minimum,0.049551,0.15
ood-s_chopped,MAM17,minicube_825_57.25_14.05,valid_fraction_below_minimum,0.029999,0.15
ood-s_chopped,MAM17,minicube_826_57.25_14.55,valid_fraction_below_minimum,0.033649,0.15
ood-s_chopped,MAM17,minicube_829_57.25_22.05,valid_fraction_below_minimum,0.036575,0.15
ood-s_chopped,MAM17,minicube_832_57.75_-5.25,valid_fraction_below_minimum,0.018323,0.15
ood-s_chopped,MAM17,minicube_833_57.75_-4.75,valid_fraction_below_minimum,0.076291,0.15
ood-s_chopped,MAM17,minicube_834_57.75_-4.25,valid_fraction_below_minimum,0.086737,0.15
ood-s_chopped,MAM17,minicube_835_57.75_14.05,valid_fraction_below_minimum,0.047546,0.15
ood-s_chopped,MAM17,minicube_836_58.25_-4.75,valid_fraction_below_minimum,0.102075,0.15
ood-s_chopped,MAM17,minicube_837_58.25_-4.25,valid_fraction_below_minimum,0.058212,0.15
ood-s_chopped,MAM17,minicube_838_58.25_-3.75,valid_fraction_below_minimum,0.075671,0.15
ood-s_chopped,MAM17,minicube_839_58.25_7.05,valid_fraction_below_minimum,0.138187,0.15
ood-s_chopped,MAM17,minicube_83_41.75_-7.75,valid_fraction_below_minimum,0.12327,0.15
ood-s_chopped,MAM17,minicube_842_58.25_14.05,valid_fraction_below_minimum,0.142386,0.15
ood-s_chopped,MAM17,minicube_843_58.75_6.05,valid_fraction_below_minimum,0.066934,0.15
ood-s_chopped,MAM17,minicube_844_58.75_6.55,valid_fraction_below_minimum,0.10918,0.15
ood-s_chopped,MAM17,minicube_845_58.75_7.05,valid_fraction_below_minimum,0.021039,0.15
ood-s_chopped,MAM17,minicube_846_58.75_7.55,valid_fraction_below_minimum,0.060114,0.15
ood-s_chopped,MAM17,minicube_848_58.75_8.55,valid_fraction_below_minimum,0.024478,0.15
ood-s_chopped,MAM17,minicube_850_58.75_14.05,valid_fraction_below_minimum,0.07453,0.15
ood-s_chopped,MAM17,minicube_852_59.25_6.55,valid_fraction_below_minimum,0.06604,0.15
ood-s_chopped,MAM17,minicube_854_59.25_16.05,valid_fraction_below_minimum,0.044678,0.15
ood-s_chopped,MAM17,minicube_855_59.75_6.05,valid_fraction_below_minimum,0.094778,0.15
ood-s_chopped,MAM17,minicube_856_59.75_6.55,valid_fraction_below_minimum,0.006964,0.15
ood-s_chopped,MAM17,minicube_857_59.75_10.05,valid_fraction_below_minimum,0.134311,0.15
ood-s_chopped,MAM17,minicube_858_59.75_16.05,valid_fraction_below_minimum,0.011102,0.15
ood-s_chopped,MAM17,minicube_860_60.25_7.05,valid_fraction_below_minimum,0.000845,0.15
ood-s_chopped,MAM17,minicube_861_60.25_7.55,valid_fraction_below_minimum,0.000998,0.15
ood-s_chopped,MAM17,minicube_862_60.25_10.05,valid_fraction_below_minimum,0.127328,0.15
ood-s_chopped,MAM17,minicube_865_60.25_22.55,valid_fraction_below_minimum,0.099591,0.15
ood-s_chopped,MAM17,minicube_866_60.25_23.05,valid_fraction_below_minimum,0.119659,0.15
ood-s_chopped,MAM17,minicube_868_60.75_5.55,valid_fraction_below_minimum,0.000116,0.15
ood-s_chopped,MAM17,minicube_870_60.75_7.55,valid_fraction_below_minimum,0.007629,0.15
ood-s_chopped,MAM17,minicube_872_60.75_8.55,valid_fraction_below_minimum,0.116977,0.15
ood-s_chopped,MAM17,minicube_875_60.75_10.05,valid_fraction_below_minimum,0.067151,0.15
ood-s_chopped,MAM17,minicube_876_60.75_10.55,valid_fraction_below_minimum,0.123618,0.15
ood-s_chopped,MAM17,minicube_881_60.75_23.55,valid_fraction_below_minimum,0.116449,0.15
ood-s_chopped,MAM17,minicube_882_61.25_5.05,valid_fraction_below_minimum,0.042755,0.15
ood-s_chopped,MAM17,minicube_887_61.25_7.55,valid_fraction_below_minimum,0.000537,0.15
ood-s_chopped,MAM17,minicube_889_61.25_8.55,valid_fraction_below_minimum,0.067929,0.15
ood-s_chopped,MAM17,minicube_890_61.25_9.05,valid_fraction_below_minimum,0.087363,0.15
ood-s_chopped,MAM17,minicube_893_61.25_13.55,valid_fraction_below_minimum,0.136826,0.15
ood-s_chopped,MAM17,minicube_898_61.25_16.05,valid_fraction_below_minimum,0.036435,0.15
ood-s_chopped,MAM18,minicube_100_42.25_14.05,valid_fraction_below_minimum,0.124142,0.15
ood-s_chopped,MAM18,minicube_102_42.75_-8.75,valid_fraction_below_minimum,0.108783,0.15
ood-s_chopped,MAM18,minicube_107_42.75_-4.25,valid_fraction_below_minimum,0.063129,0.15
ood-s_chopped,MAM18,minicube_123_43.25_-4.75,valid_fraction_below_minimum,0.041293,0.15
ood-s_chopped,MAM18,minicube_156_44.75_6.55,valid_fraction_below_minimum,0.06716,0.15
ood-s_chopped,MAM18,minicube_176_45.25_6.55,valid_fraction_below_minimum,0.049371,0.15
ood-s_chopped,MAM18,minicube_203_45.75_7.55,valid_fraction_below_minimum,0.13425,0.15
ood-s_chopped,MAM18,minicube_206_45.75_12.55,valid_fraction_below_minimum,0.102979,0.15
ood-s_chopped,MAM18,minicube_210_45.75_15.05,valid_fraction_below_minimum,0.10101,0.15
ood-s_chopped,MAM18,minicube_230_46.25_4.55,valid_fraction_below_minimum,0.133365,0.15
ood-s_chopped,MAM18,minicube_237_46.25_8.05,valid_fraction_below_minimum,0.114993,0.15
ood-s_chopped,MAM18,minicube_238_46.25_8.55,valid_fraction_below_minimum,0.084076,0.15
ood-s_chopped,MAM18,minicube_264_46.75_7.55,valid_fraction_below_minimum,0.120941,0.15
ood-s_chopped,MAM18,minicube_266_46.75_8.55,valid_fraction_below_minimum,0.083511,0.15
ood-s_chopped,MAM18,minicube_267_46.75_9.05,valid_fraction_below_minimum,0.076617,0.15
ood-s_chopped,MAM18,minicube_268_46.75_9.55,valid_fraction_below_minimum,0.136813,0.15
ood-s_chopped,MAM18,minicube_270_46.75_14.05,valid_fraction_below_minimum,0.060934,0.15
ood-s_chopped,MAM18,minicube_285_47.25_8.55,valid_fraction_below_minimum,0.089401,0.15
ood-s_chopped,MAM18,minicube_317_48.25_6.55,valid_fraction_below_minimum,0.107285,0.15
ood-s_chopped,MAM18,minicube_328_48.75_-3.25,valid_fraction_below_minimum,0.039374,0.15
ood-s_chopped,MAM18,minicube_330_48.75_2.05,valid_fraction_below_minimum,0.062988,0.15
ood-s_chopped,MAM18,minicube_331_48.75_2.55,valid_fraction_below_minimum,0.143225,0.15
ood-s_chopped,MAM18,minicube_363_49.25_2.55,valid_fraction_below_minimum,0.057397,0.15
ood-s_chopped,MAM18,minicube_370_49.25_6.05,valid_fraction_below_minimum,0.112311,0.15
ood-s_chopped,MAM18,minicube_422_49.75_19.55,valid_fraction_below_minimum,0.099216,0.15
ood-s_chopped,MAM18,minicube_454_50.25_20.05,valid_fraction_below_minimum,0.093787,0.15
ood-s_chopped,MAM18,minicube_496_51.25_0.09,valid_fraction_below_minimum,0.131519,0.15
ood-s_chopped,MAM18,minicube_525_51.75_6.05,valid_fraction_below_minimum,0.13519,0.15
ood-s_chopped,MAM18,minicube_541_52.25_-8.75,valid_fraction_below_minimum,0.142722,0.15
ood-s_chopped,MAM18,minicube_542_52.25_-8.25,valid_fraction_below_minimum,0.13873,0.15
ood-s_chopped,MAM18,minicube_572_52.75_-8.75,valid_fraction_below_minimum,0.131415,0.15
ood-s_chopped,MAM18,minicube_580_52.75_-2.25,valid_fraction_below_minimum,0.126108,0.15
ood-s_chopped,MAM18,minicube_583_52.75_5.05,valid_fraction_below_minimum,0.125598,0.15
ood-s_chopped,MAM18,minicube_612_53.25_-6.25,valid_fraction_below_minimum,0.136356,0.15
ood-s_chopped,MAM18,minicube_614_53.25_-3.75,valid_fraction_below_minimum,0.127377,0.15
ood-s_chopped,MAM18,minicube_615_53.25_-3.25,valid_fraction_below_minimum,0.128799,0.15
ood-s_chopped,MAM18,minicube_659_53.75_-2.75,valid_fraction_below_minimum,0.148541,0.15
ood-s_chopped,MAM18,minicube_693_54.25_-9.75,valid_fraction_below_minimum,0.135321,0.15
ood-s_chopped,MAM18,minicube_694_54.25_-9.25,valid_fraction_below_minimum,0.139252,0.15
ood-s_chopped,MAM18,minicube_695_54.25_-8.75,valid_fraction_below_minimum,0.108603,0.15
ood-s_chopped,MAM18,minicube_696_54.25_-8.25,valid_fraction_below_minimum,0.122449,0.15
ood-s_chopped,MAM18,minicube_697_54.25_-7.75,valid_fraction_below_minimum,0.123679,0.15
ood-s_chopped,MAM18,minicube_698_54.25_-7.25,valid_fraction_below_minimum,0.128635,0.15
ood-s_chopped,MAM18,minicube_6_37.25_-7.75,valid_fraction_below_minimum,0.144598,0.15
ood-s_chopped,MAM18,minicube_711_54.25_12.55,valid_fraction_below_minimum,0.061456,0.15
ood-s_chopped,MAM18,minicube_728_54.75_-8.25,valid_fraction_below_minimum,0.13457,0.15
ood-s_chopped,MAM18,minicube_729_54.75_-7.75,valid_fraction_below_minimum,0.088303,0.15
ood-s_chopped,MAM18,minicube_730_54.75_-7.25,valid_fraction_below_minimum,0.103998,0.15
ood-s_chopped,MAM18,minicube_731_54.75_-6.75,valid_fraction_below_minimum,0.107986,0.15
ood-s_chopped,MAM18,minicube_732_54.75_-6.25,valid_fraction_below_minimum,0.126636,0.15
ood-s_chopped,MAM18,minicube_733_54.75_-3.25,valid_fraction_below_minimum,0.117654,0.15
ood-s_chopped,MAM18,minicube_734_54.75_-2.75,valid_fraction_below_minimum,0.149789,0.15
ood-s_chopped,MAM18,minicube_738_54.75_20.55,valid_fraction_below_minimum,0.069266,0.15
ood-s_chopped,MAM18,minicube_745_55.25_-7.25,valid_fraction_below_minimum,0.105823,0.15
ood-s_chopped,MAM18,minicube_748_55.25_-3.75,valid_fraction_below_minimum,0.128555,0.15
ood-s_chopped,MAM18,minicube_749_55.25_-3.25,valid_fraction_below_minimum,0.117361,0.15
ood-s_chopped,MAM18,minicube_751_55.25_-2.25,valid_fraction_below_minimum,0.113846,0.15
ood-s_chopped,MAM18,minicube_760_55.75_-4.75,valid_fraction_below_minimum,0.08356,0.15
ood-s_chopped,MAM18,minicube_777_56.25_-4.75,valid_fraction_below_minimum,0.070038,0.15
ood-s_chopped,MAM18,minicube_778_56.25_-4.25,valid_fraction_below_minimum,0.130389,0.15
ood-s_chopped,MAM18,minicube_794_56.75_-5.75,valid_fraction_below_minimum,0.053064,0.15
ood-s_chopped,MAM18,minicube_795_56.75_-5.25,valid_fraction_below_minimum,0.061832,0.15
ood-s_chopped,MAM18,minicube_796_56.75_-4.75,valid_fraction_below_minimum,0.121286,0.15
ood-s_chopped,MAM18,minicube_798_56.75_-3.75,valid_fraction_below_minimum,0.144635,0.15
ood-s_chopped,MAM18,minicube_80_41.25_16.05,valid_fraction_below_minimum,0.062601,0.15
ood-s_chopped,MAM18,minicube_819_57.25_-4.25,valid_fraction_below_minimum,0.146967,0.15
ood-s_chopped,MAM18,minicube_820_57.25_-3.75,valid_fraction_below_minimum,0.146609,0.15
ood-s_chopped,MAM18,minicube_822_57.25_-2.75,valid_fraction_below_minimum,0.135977,0.15
ood-s_chopped,MAM18,minicube_826_57.25_14.55,valid_fraction_below_minimum,0.132938,0.15
ood-s_chopped,MAM18,minicube_845_58.75_7.05,valid_fraction_below_minimum,0.075531,0.15
ood-s_chopped,MAM18,minicube_848_58.75_8.55,valid_fraction_below_minimum,0.04198,0.15
ood-s_chopped,MAM18,minicube_852_59.25_6.55,valid_fraction_below_minimum,0.123849,0.15
ood-s_chopped,MAM18,minicube_856_59.75_6.55,valid_fraction_below_minimum,0.050302,0.15
ood-s_chopped,MAM18,minicube_858_59.75_16.05,valid_fraction_below_minimum,0.065851,0.15
ood-s_chopped,MAM18,minicube_860_60.25_7.05,valid_fraction_below_minimum,0.015756,0.15
ood-s_chopped,MAM18,minicube_861_60.25_7.55,valid_fraction_below_minimum,0.036108,0.15
ood-s_chopped,MAM18,minicube_868_60.75_5.55,valid_fraction_below_minimum,0.01402,0.15
ood-s_chopped,MAM18,minicube_870_60.75_7.55,valid_fraction_below_minimum,0.044031,0.15
ood-s_chopped,MAM18,minicube_875_60.75_10.05,valid_fraction_below_minimum,0.103619,0.15
ood-s_chopped,MAM18,minicube_887_61.25_7.55,valid_fraction_below_minimum,0.012872,0.15
ood-s_chopped,MAM18,minicube_889_61.25_8.55,valid_fraction_below_minimum,0.137756,0.15
ood-s_chopped,MAM18,minicube_890_61.25_9.05,valid_fraction_below_minimum,0.129678,0.15
ood-s_chopped,MAM19,minicube_212_45.75_16.05,valid_fraction_below_minimum,0.143317,0.15
ood-s_chopped,MAM19,minicube_219_45.75_21.55,valid_fraction_below_minimum,0.13848,0.15
ood-s_chopped,MAM19,minicube_257_46.25_23.55,valid_fraction_below_minimum,0.115894,0.15
ood-s_chopped,MAM19,minicube_266_46.75_8.55,valid_fraction_below_minimum,0.113452,0.15
ood-s_chopped,MAM19,minicube_267_46.75_9.05,valid_fraction_below_minimum,0.068881,0.15
ood-s_chopped,MAM19,minicube_268_46.75_9.55,valid_fraction_below_minimum,0.099701,0.15
ood-s_chopped,MAM19,minicube_270_46.75_14.05,valid_fraction_below_minimum,0.020169,0.15
ood-s_chopped,MAM19,minicube_285_47.25_8.55,valid_fraction_below_minimum,0.05723,0.15
ood-s_chopped,MAM19,minicube_306_48.25_-4.25,valid_fraction_below_minimum,0.103006,0.15
ood-s_chopped,MAM19,minicube_308_48.25_-3.25,valid_fraction_below_minimum,0.116043,0.15
ood-s_chopped,MAM19,minicube_328_48.75_-3.25,valid_fraction_below_minimum,0.063681,0.15
ood-s_chopped,MAM19,minicube_330_48.75_2.05,valid_fraction_below_minimum,0.052676,0.15
ood-s_chopped,MAM19,minicube_331_48.75_2.55,valid_fraction_below_minimum,0.095178,0.15
ood-s_chopped,MAM19,minicube_344_48.75_13.55,valid_fraction_below_minimum,0.135745,0.15
ood-s_chopped,MAM19,minicube_347_48.75_15.05,valid_fraction_below_minimum,0.134985,0.15
ood-s_chopped,MAM19,minicube_359_48.75_23.55,valid_fraction_below_minimum,0.10184,0.15
ood-s_chopped,MAM19,minicube_363_49.25_2.55,valid_fraction_below_minimum,0.055511,0.15
ood-s_chopped,MAM19,minicube_420_49.75_18.55,valid_fraction_below_minimum,0.126138,0.15
ood-s_chopped,MAM19,minicube_454_50.25_20.05,valid_fraction_below_minimum,0.138593,0.15
ood-s_chopped,MAM19,minicube_462_50.75_-4.25,valid_fraction_below_minimum,0.135663,0.15
ood-s_chopped,MAM19,minicube_463_50.75_-3.75,valid_fraction_below_minimum,0.126874,0.15
ood-s_chopped,MAM19,minicube_494_51.25_-0.75,valid_fraction_below_minimum,0.106067,0.15
ood-s_chopped,MAM19,minicube_496_51.25_0.09,valid_fraction_below_minimum,0.073688,0.15
ood-s_chopped,MAM19,minicube_513_51.25_23.05,valid_fraction_below_minimum,0.149982,0.15
ood-s_chopped,MAM19,minicube_516_51.75_-4.75,valid_fraction_below_minimum,0.068365,0.15
ood-s_chopped,MAM19,minicube_517_51.75_-4.25,valid_fraction_below_minimum,0.103848,0.15
ood-s_chopped,MAM19,minicube_525_51.75_6.05,valid_fraction_below_minimum,0.117896,0.15
ood-s_chopped,MAM19,minicube_540_52.25_-9.25,valid_fraction_below_minimum,0.143942,0.15
ood-s_chopped,MAM19,minicube_542_52.25_-8.25,valid_fraction_below_minimum,0.137634,0.15
ood-s_chopped,MAM19,minicube_544_52.25_-7.25,valid_fraction_below_minimum,0.132971,0.15
ood-s_chopped,MAM19,minicube_549_52.25_-2.25,valid_fraction_below_minimum,0.130701,0.15
ood-s_chopped,MAM19,minicube_572_52.75_-8.75,valid_fraction_below_minimum,0.084982,0.15
ood-s_chopped,MAM19,minicube_573_52.75_-8.25,valid_fraction_below_minimum,0.104208,0.15
ood-s_chopped,MAM19,minicube_574_52.75_-7.75,valid_fraction_below_minimum,0.134512,0.15
ood-s_chopped,MAM19,minicube_575_52.75_-7.25,valid_fraction_below_minimum,0.10246,0.15
ood-s_chopped,MAM19,minicube_576_52.75_-6.75,valid_fraction_below_minimum,0.122403,0.15
ood-s_chopped,MAM19,minicube_577_52.75_-3.75,valid_fraction_below_minimum,0.11662,0.15
ood-s_chopped,MAM19,minicube_580_52.75_-2.25,valid_fraction_below_minimum,0.079208,0.15
ood-s_chopped,MAM19,minicube_583_52.75_5.05,valid_fraction_below_minimum,0.082031,0.15
ood-s_chopped,MAM19,minicube_608_53.25_-8.25,valid_fraction_below_minimum,0.07395,0.15
ood-s_chopped,MAM19,minicube_616_53.25_-2.75,valid_fraction_below_minimum,0.120923,0.15
ood-s_chopped,MAM19,minicube_617_53.25_-2.25,valid_fraction_below_minimum,0.138699,0.15
ood-s_chopped,MAM19,minicube_654_53.75_-8.75,valid_fraction_below_minimum,0.10672,0.15
ood-s_chopped,MAM19,minicube_656_53.75_-7.75,valid_fraction_below_minimum,0.072324,0.15
ood-s_chopped,MAM19,minicube_657_53.75_-7.25,valid_fraction_below_minimum,0.07261,0.15
ood-s_chopped,MAM19,minicube_658_53.75_-6.75,valid_fraction_below_minimum,0.144348,0.15
ood-s_chopped,MAM19,minicube_660_53.75_-2.25,valid_fraction_below_minimum,0.08349,0.15
ood-s_chopped,MAM19,minicube_661_53.75_-1.75,valid_fraction_below_minimum,0.11954,0.15
ood-s_chopped,MAM19,minicube_662_53.75_-1.25,valid_fraction_below_minimum,0.103665,0.15
ood-s_chopped,MAM19,minicube_678_53.75_16.55,valid_fraction_below_minimum,0.1457,0.15
ood-s_chopped,MAM19,minicube_693_54.25_-9.75,valid_fraction_below_minimum,0.084586,0.15
ood-s_chopped,MAM19,minicube_694_54.25_-9.25,valid_fraction_below_minimum,0.098267,0.15
ood-s_chopped,MAM19,minicube_695_54.25_-8.75,valid_fraction_below_minimum,0.059894,0.15
ood-s_chopped,MAM19,minicube_696_54.25_-8.25,valid_fraction_below_minimum,0.088406,0.15
ood-s_chopped,MAM19,minicube_697_54.25_-7.75,valid_fraction_below_minimum,0.133585,0.15
ood-s_chopped,MAM19,minicube_698_54.25_-7.25,valid_fraction_below_minimum,0.065692,0.15
ood-s_chopped,MAM19,minicube_699_54.25_-6.75,valid_fraction_below_minimum,0.062271,0.15
ood-s_chopped,MAM19,minicube_701_54.25_-2.75,valid_fraction_below_minimum,0.133331,0.15
ood-s_chopped,MAM19,minicube_702_54.25_-2.25,valid_fraction_below_minimum,0.141345,0.15
ood-s_chopped,MAM19,minicube_703_54.25_-1.75,valid_fraction_below_minimum,0.108942,0.15
ood-s_chopped,MAM19,minicube_711_54.25_12.55,valid_fraction_below_minimum,0.080243,0.15
ood-s_chopped,MAM19,minicube_728_54.75_-8.25,valid_fraction_below_minimum,0.09234,0.15
ood-s_chopped,MAM19,minicube_729_54.75_-7.75,valid_fraction_below_minimum,0.120322,0.15
ood-s_chopped,MAM19,minicube_730_54.75_-7.25,valid_fraction_below_minimum,0.116223,0.15
ood-s_chopped,MAM19,minicube_731_54.75_-6.75,valid_fraction_below_minimum,0.061569,0.15
ood-s_chopped,MAM19,minicube_733_54.75_-3.25,valid_fraction_below_minimum,0.105939,0.15
ood-s_chopped,MAM19,minicube_734_54.75_-2.75,valid_fraction_below_minimum,0.123752,0.15
ood-s_chopped,MAM19,minicube_735_54.75_-2.25,valid_fraction_below_minimum,0.14632,0.15
ood-s_chopped,MAM19,minicube_738_54.75_20.55,valid_fraction_below_minimum,0.054361,0.15
ood-s_chopped,MAM19,minicube_745_55.25_-7.25,valid_fraction_below_minimum,0.053745,0.15
ood-s_chopped,MAM19,minicube_750_55.25_-2.75,valid_fraction_below_minimum,0.114664,0.15
ood-s_chopped,MAM19,minicube_751_55.25_-2.25,valid_fraction_below_minimum,0.057513,0.15
ood-s_chopped,MAM19,minicube_760_55.75_-4.75,valid_fraction_below_minimum,0.08454,0.15
ood-s_chopped,MAM19,minicube_761_55.75_-4.25,valid_fraction_below_minimum,0.142651,0.15
ood-s_chopped,MAM19,minicube_777_56.25_-4.75,valid_fraction_below_minimum,0.063293,0.15
ood-s_chopped,MAM19,minicube_778_56.25_-4.25,valid_fraction_below_minimum,0.120352,0.15
ood-s_chopped,MAM19,minicube_779_56.25_-3.75,valid_fraction_below_minimum,0.109009,0.15
ood-s_chopped,MAM19,minicube_794_56.75_-5.75,valid_fraction_below_minimum,0.036911,0.15
ood-s_chopped,MAM19,minicube_795_56.75_-5.25,valid_fraction_below_minimum,0.023984,0.15
ood-s_chopped,MAM19,minicube_796_56.75_-4.75,valid_fraction_below_minimum,0.082413,0.15
ood-s_chopped,MAM19,minicube_797_56.75_-4.25,valid_fraction_below_minimum,0.137122,0.15
ood-s_chopped,MAM19,minicube_798_56.75_-3.75,valid_fraction_below_minimum,0.068033,0.15
ood-s_chopped,MAM19,minicube_799_56.75_-3.25,valid_fraction_below_minimum,0.076151,0.15
ood-s_chopped,MAM19,minicube_801_56.75_8.55,valid_fraction_below_minimum,0.10459,0.15
ood-s_chopped,MAM19,minicube_80_41.25_16.05,valid_fraction_below_minimum,0.109055,0.15
ood-s_chopped,MAM19,minicube_816_57.25_-5.75,valid_fraction_below_minimum,0.067059,0.15
ood-s_chopped,MAM19,minicube_817_57.25_-5.25,valid_fraction_below_minimum,0.014575,0.15
ood-s_chopped,MAM19,minicube_818_57.25_-4.75,valid_fraction_below_minimum,0.066595,0.15
ood-s_chopped,MAM19,minicube_819_57.25_-4.25,valid_fraction_below_minimum,0.050037,0.15
ood-s_chopped,MAM19,minicube_820_57.25_-3.75,valid_fraction_below_minimum,0.092001,0.15
ood-s_chopped,MAM19,minicube_821_57.25_-3.25,valid_fraction_below_minimum,0.055057,0.15
ood-s_chopped,MAM19,minicube_832_57.75_-5.25,valid_fraction_below_minimum,0.085785,0.15
ood-s_chopped,MAM19,minicube_833_57.75_-4.75,valid_fraction_below_minimum,0.039084,0.15
ood-s_chopped,MAM19,minicube_836_58.25_-4.75,valid_fraction_below_minimum,0.101031,0.15
ood-s_chopped,MAM19,minicube_843_58.75_6.05,valid_fraction_below_minimum,0.146878,0.15
ood-s_chopped,MAM19,minicube_845_58.75_7.05,valid_fraction_below_minimum,0.046371,0.15
ood-s_chopped,MAM19,minicube_848_58.75_8.55,valid_fraction_below_minimum,0.024802,0.15
ood-s_chopped,MAM19,minicube_852_59.25_6.55,valid_fraction_below_minimum,0.137085,0.15
ood-s_chopped,MAM19,minicube_856_59.75_6.55,valid_fraction_below_minimum,0.039365,0.15
ood-s_chopped,MAM19,minicube_857_59.75_10.05,valid_fraction_below_minimum,0.115317,0.15
ood-s_chopped,MAM19,minicube_858_59.75_16.05,valid_fraction_below_minimum,0.039838,0.15
ood-s_chopped,MAM19,minicube_860_60.25_7.05,valid_fraction_below_minimum,0.000793,0.15
ood-s_chopped,MAM19,minicube_861_60.25_7.55,valid_fraction_below_minimum,0.006909,0.15
ood-s_chopped,MAM19,minicube_862_60.25_10.05,valid_fraction_below_minimum,0.059634,0.15
ood-s_chopped,MAM19,minicube_868_60.75_5.55,valid_fraction_below_minimum,0.00506,0.15
ood-s_chopped,MAM19,minicube_870_60.75_7.55,valid_fraction_below_minimum,0.006036,0.15
ood-s_chopped,MAM19,minicube_872_60.75_8.55,valid_fraction_below_minimum,0.114908,0.15
ood-s_chopped,MAM19,minicube_875_60.75_10.05,valid_fraction_below_minimum,0.099722,0.15
ood-s_chopped,MAM19,minicube_876_60.75_10.55,valid_fraction_below_minimum,0.100607,0.15
ood-s_chopped,MAM19,minicube_882_61.25_5.05,valid_fraction_below_minimum,0.145853,0.15
ood-s_chopped,MAM19,minicube_887_61.25_7.55,valid_fraction_below_minimum,0.001306,0.15
ood-s_chopped,MAM19,minicube_889_61.25_8.55,valid_fraction_below_minimum,0.048474,0.15
ood-s_chopped,MAM19,minicube_890_61.25_9.05,valid_fraction_below_minimum,0.095963,0.15
ood-s_chopped,MJJ17,minicube_102_42.75_-8.75,valid_fraction_below_minimum,0.12644,0.15
ood-s_chopped,MJJ17,minicube_125_43.25_-3.75,valid_fraction_below_minimum,0.137274,0.15
ood-s_chopped,MJJ17,minicube_135_43.75_-1.25,valid_fraction_below_minimum,0.140399,0.15
ood-s_chopped,MJJ17,minicube_158_44.75_7.55,valid_fraction_below_minimum,0.115906,0.15
ood-s_chopped,MJJ17,minicube_178_45.25_7.55,valid_fraction_below_minimum,0.146146,0.15
ood-s_chopped,MJJ17,minicube_202_45.75_7.05,valid_fraction_below_minimum,0.113239,0.15
ood-s_chopped,MJJ17,minicube_203_45.75_7.55,valid_fraction_below_minimum,0.134222,0.15
ood-s_chopped,MJJ17,minicube_231_46.25_5.05,valid_fraction_below_minimum,0.103613,0.15
ood-s_chopped,MJJ17,minicube_235_46.25_7.05,valid_fraction_below_minimum,0.139029,0.15
ood-s_chopped,MJJ17,minicube_238_46.25_8.55,valid_fraction_below_minimum,0.020483,0.15
ood-s_chopped,MJJ17,minicube_262_46.75_4.55,valid_fraction_below_minimum,0.134021,0.15
ood-s_chopped,MJJ17,minicube_263_46.75_5.05,valid_fraction_below_minimum,0.108676,0.15
ood-s_chopped,MJJ17,minicube_267_46.75_9.05,valid_fraction_below_minimum,0.089151,0.15
ood-s_chopped,MJJ17,minicube_270_46.75_14.05,valid_fraction_below_minimum,0.065228,0.15
ood-s_chopped,MJJ17,minicube_285_47.25_8.55,valid_fraction_below_minimum,0.109747,0.15
ood-s_chopped,MJJ17,minicube_292_47.75_-3.25,valid_fraction_below_minimum,0.119415,0.15
ood-s_chopped,MJJ17,minicube_295_47.75_-1.75,valid_fraction_below_minimum,0.147006,0.15
ood-s_chopped,MJJ17,minicube_311_48.25_-1.75,valid_fraction_below_minimum,0.144177,0.15
ood-s_chopped,MJJ17,minicube_312_48.25_-1.25,valid_fraction_below_minimum,0.14028,0.15
ood-s_chopped,MJJ17,minicube_313_48.25_2.05,valid_fraction_below_minimum,0.125018,0.15
ood-s_chopped,MJJ17,minicube_315_48.25_3.05,valid_fraction_below_minimum,0.14426,0.15
ood-s_chopped,MJJ17,minicube_316_48.25_3.55,valid_fraction_below_minimum,0.136545,0.15
ood-s_chopped,MJJ17,minicube_322_48.25_15.05,valid_fraction_below_minimum,0.11087,0.15
ood-s_chopped,MJJ17,minicube_328_48.75_-3.25,valid_fraction_below_minimum,0.03978,0.15
ood-s_chopped,MJJ17,minicube_330_48.75_2.05,valid_fraction_below_minimum,0.026617,0.15
ood-s_chopped,MJJ17,minicube_331_48.75_2.55,valid_fraction_below_minimum,0.067145,0.15
ood-s_chopped,MJJ17,minicube_332_48.75_3.05,valid_fraction_below_minimum,0.139383,0.15
ood-s_chopped,MJJ17,minicube_335_48.75_7.05,valid_fraction_below_minimum,0.080887,0.15
ood-s_chopped,MJJ17,minicube_361_49.25_-0.75,valid_fraction_below_minimum,0.143204,0.15
ood-s_chopped,MJJ17,minicube_363_49.25_2.55,valid_fraction_below_minimum,0.019852,0.15
ood-s_chopped,MJJ17,minicube_365_49.25_3.55,valid_fraction_below_minimum,0.133746,0.15
ood-s_chopped,MJJ17,minicube_366_49.25_4.05,valid_fraction_below_minimum,0.134686,0.15
ood-s_chopped,MJJ17,minicube_370_49.25_6.05,valid_fraction_below_minimum,0.136765,0.15
ood-s_chopped,MJJ17,minicube_386_49.25_18.55,valid_fraction_below_minimum,0.102621,0.15
ood-s_chopped,MJJ17,minicube_398_49.75_2.55,valid_fraction_below_minimum,0.11102,0.15
ood-s_chopped,MJJ17,minicube_399_49.75_3.05,valid_fraction_below_minimum,0.142688,0.15
ood-s_chopped,MJJ17,minicube_400_49.75_3.55,valid_fraction_below_minimum,0.144659,0.15
ood-s_chopped,MJJ17,minicube_401_49.75_4.05,valid_fraction_below_minimum,0.119278,0.15
ood-s_chopped,MJJ17,minicube_418_49.75_12.55,valid_fraction_below_minimum,0.074316,0.15
ood-s_chopped,MJJ17,minicube_420_49.75_18.55,valid_fraction_below_minimum,0.103699,0.15
ood-s_chopped,MJJ17,minicube_426_49.75_21.55,valid_fraction_below_minimum,0.130896,0.15
ood-s_chopped,MJJ17,minicube_430_49.75_23.55,valid_fraction_below_minimum,0.092178,0.15
ood-s_chopped,MJJ17,minicube_438_50.25_9.55,valid_fraction_below_minimum,0.148633,0.15
ood-s_chopped,MJJ17,minicube_443_50.25_12.05,valid_fraction_below_minimum,0.132812,0.15
ood-s_chopped,MJJ17,minicube_452_50.25_19.05,valid_fraction_below_minimum,0.097461,0.15
ood-s_chopped,MJJ17,minicube_453_50.25_19.55,valid_fraction_below_minimum,0.119525,0.15
ood-s_chopped,MJJ17,minicube_454_50.25_20.05,valid_fraction_below_minimum,0.087146,0.15
ood-s_chopped,MJJ17,minicube_457_50.25_21.55,valid_fraction_below_minimum,0.136807,0.15
ood-s_chopped,MJJ17,minicube_459_50.25_22.55,valid_fraction_below_minimum,0.117633,0.15
ood-s_chopped,MJJ17,minicube_462_50.75_-4.25,valid_fraction_below_minimum,0.107837,0.15
ood-s_chopped,MJJ17,minicube_463_50.75_-3.75,valid_fraction_below_minimum,0.144119,0.15
ood-s_chopped,MJJ17,minicube_465_50.75_2.55,valid_fraction_below_minimum,0.146201,0.15
ood-s_chopped,MJJ17,minicube_466_50.75_5.05,valid_fraction_below_minimum,0.144598,0.15
ood-s_chopped,MJJ17,minicube_474_50.75_11.55,valid_fraction_below_minimum,0.145383,0.15
ood-s_chopped,MJJ17,minicube_475_50.75_12.05,valid_fraction_below_minimum,0.091306,0.15
ood-s_chopped,MJJ17,minicube_476_50.75_12.55,valid_fraction_below_minimum,0.085498,0.15
ood-s_chopped,MJJ17,minicube_477_50.75_13.05,valid_fraction_below_minimum,0.070438,0.15
ood-s_chopped,MJJ17,minicube_479_50.75_16.55,valid_fraction_below_minimum,0.144025,0.15
ood-s_chopped,MJJ17,minicube_486_50.75_20.05,valid_fraction_below_minimum,0.097516,0.15
ood-s_chopped,MJJ17,minicube_493_50.75_23.55,valid_fraction_below_minimum,0.129062,0.15
ood-s_chopped,MJJ17,minicube_494_51.25_-0.75,valid_fraction_below_minimum,0.11741,0.15
ood-s_chopped,MJJ17,minicube_495_51.25_-0.25,valid_fraction_below_minimum,0.089633,0.15
ood-s_chopped,MJJ17,minicube_496_51.25_0.09,valid_fraction_below_minimum,0.005087,0.15
ood-s_chopped,MJJ17,minicube_497_51.25_0.55,valid_fraction_below_minimum,0.078104,0.15
ood-s_chopped,MJJ17,minicube_498_51.25_1.05,valid_fraction_below_minimum,0.142136,0.15
ood-s_chopped,MJJ17,minicube_499_51.25_5.05,valid_fraction_below_minimum,0.108429,0.15
ood-s_chopped,MJJ17,minicube_500_51.25_14.05,valid_fraction_below_minimum,0.149817,0.15
ood-s_chopped,MJJ17,minicube_505_51.25_19.05,valid_fraction_below_minimum,0.112137,0.15
ood-s_chopped,MJJ17,minicube_507_51.25_20.05,valid_fraction_below_minimum,0.092294,0.15
ood-s_chopped,MJJ17,minicube_515_51.75_-8.75,valid_fraction_below_minimum,0.098254,0.15
ood-s_chopped,MJJ17,minicube_516_51.75_-4.75,valid_fraction_below_minimum,0.124588,0.15
ood-s_chopped,MJJ17,minicube_517_51.75_-4.25,valid_fraction_below_minimum,0.11644,0.15
ood-s_chopped,MJJ17,minicube_518_51.75_-3.75,valid_fraction_below_minimum,0.088995,0.15
ood-s_chopped,MJJ17,minicube_519_51.75_-0.75,valid_fraction_below_minimum,0.007446,0.15
ood-s_chopped,MJJ17,minicube_520_51.75_-0.25,valid_fraction_below_minimum,0.055753,0.15
ood-s_chopped,MJJ17,minicube_521_51.75_0.09,valid_fraction_below_minimum,0.048013,0.15
ood-s_chopped,MJJ17,minicube_522_51.75_0.55,valid_fraction_below_minimum,0.022641,0.15
ood-s_chopped,MJJ17,minicube_524_51.75_5.55,valid_fraction_below_minimum,0.122891,0.15
ood-s_chopped,MJJ17,minicube_525_51.75_6.05,valid_fraction_below_minimum,0.088904,0.15
ood-s_chopped,MJJ17,minicube_526_51.75_14.05,valid_fraction_below_minimum,0.114484,0.15
ood-s_chopped,MJJ17,minicube_527_51.75_17.55,valid_fraction_below_minimum,0.091177,0.15
ood-s_chopped,MJJ17,minicube_528_51.75_18.05,valid_fraction_below_minimum,0.09425,0.15
ood-s_chopped,MJJ17,minicube_540_52.25_-9.25,valid_fraction_below_minimum,0.080551,0.15
ood-s_chopped,MJJ17,minicube_541_52.25_-8.75,valid_fraction_below_minimum,0.128485,0.15
ood-s_chopped,MJJ17,minicube_543_52.25_-7.75,valid_fraction_below_minimum,0.112469,0.15
ood-s_chopped,MJJ17,minicube_544_52.25_-7.25,valid_fraction_below_minimum,0.066122,0.15
ood-s_chopped,MJJ17,minicube_545_52.25_-6.75,valid_fraction_below_minimum,0.072073,0.15
ood-s_chopped,MJJ17,minicube_546_52.25_-3.75,valid_fraction_below_minimum,0.096744,0.15
ood-s_chopped,MJJ17,minicube_547_52.25_-3.25,valid_fraction_below_minimum,0.067029,0.15
ood-s_chopped,MJJ17,minicube_548_52.25_-2.75,valid_fraction_below_minimum,0.04733,0.15
ood-s_chopped,MJJ17,minicube_549_52.25_-2.25,valid_fraction_below_minimum,0.066855,0.15
ood-s_chopped,MJJ17,minicube_550_52.25_0.55,valid_fraction_below_minimum,0.034671,0.15
ood-s_chopped,MJJ17,minicube_551_52.25_1.05,valid_fraction_below_minimum,0.067303,0.15
ood-s_chopped,MJJ17,minicube_552_52.25_1.55,valid_fraction_below_minimum,0.085364,0.15
ood-s_chopped,MJJ17,minicube_553_52.25_5.05,valid_fraction_below_minimum,0.132596,0.15
ood-s_chopped,MJJ17,minicube_555_52.25_6.05,valid_fraction_below_minimum,0.139706,0.15
ood-s_chopped,MJJ17,minicube_556_52.25_6.55,valid_fraction_below_minimum,0.098636,0.15
ood-s_chopped,MJJ17,minicube_558_52.25_14.05,valid_fraction_below_minimum,0.126205,0.15
ood-s_chopped,MJJ17,minicube_559_52.25_17.55,valid_fraction_below_minimum,0.146097,0.15
ood-s_chopped,MJJ17,minicube_560_52.25_18.05,valid_fraction_below_minimum,0.061511,0.15
ood-s_chopped,MJJ17,minicube_561_52.25_18.55,valid_fraction_below_minimum,0.128546,0.15
ood-s_chopped,MJJ17,minicube_562_52.25_19.05,valid_fraction_below_minimum,0.107678,0.15
ood-s_chopped,MJJ17,minicube_572_52.75_-8.75,valid_fraction_below_minimum,0.143527,0.15
ood-s_chopped,MJJ17,minicube_573_52.75_-8.25,valid_fraction_below_minimum,0.134674,0.15
ood-s_chopped,MJJ17,minicube_574_52.75_-7.75,valid_fraction_below_minimum,0.048563,0.15
ood-s_chopped,MJJ17,minicube_575_52.75_-7.25,valid_fraction_below_minimum,0.090945,0.15
ood-s_chopped,MJJ17,minicube_576_52.75_-6.75,valid_fraction_below_minimum,0.113461,0.15
ood-s_chopped,MJJ17,minicube_577_52.75_-3.75,valid_fraction_below_minimum,0.108609,0.15
ood-s_chopped,MJJ17,minicube_578_52.75_-3.25,valid_fraction_below_minimum,0.040808,0.15
ood-s_chopped,MJJ17,minicube_579_52.75_-2.75,valid_fraction_below_minimum,0.074664,0.15
ood-s_chopped,MJJ17,minicube_580_52.75_-2.25,valid_fraction_below_minimum,0.036322,0.15
ood-s_chopped,MJJ17,minicube_581_52.75_0.55,valid_fraction_below_minimum,0.06008,0.15
ood-s_chopped,MJJ17,minicube_582_52.75_1.05,valid_fraction_below_minimum,0.043542,0.15
ood-s_chopped,MJJ17,minicube_583_52.75_5.05,valid_fraction_below_minimum,0.046838,0.15
ood-s_chopped,MJJ17,minicube_584_52.75_6.05,valid_fraction_below_minimum,0.101013,0.15
ood-s_chopped,MJJ17,minicube_585_52.75_6.55,valid_fraction_below_minimum,0.100287,0.15
ood-s_chopped,MJJ17,minicube_586_52.75_7.05,valid_fraction_below_minimum,0.110864,0.15
ood-s_chopped,MJJ17,minicube_587_52.75_7.55,valid_fraction_below_minimum,0.124921,0.15
ood-s_chopped,MJJ17,minicube_591_52.75_13.05,valid_fraction_below_minimum,0.07251,0.15
ood-s_chopped,MJJ17,minicube_592_52.75_13.55,valid_fraction_below_minimum,0.069818,0.15
ood-s_chopped,MJJ17,minicube_593_52.75_14.05,valid_fraction_below_minimum,0.098679,0.15
ood-s_chopped,MJJ17,minicube_594_52.75_14.55,valid_fraction_below_minimum,0.138708,0.15
ood-s_chopped,MJJ17,minicube_595_52.75_17.55,valid_fraction_below_minimum,0.143677,0.15
ood-s_chopped,MJJ17,minicube_596_52.75_18.05,valid_fraction_below_minimum,0.072794,0.15
ood-s_chopped,MJJ17,minicube_597_52.75_18.55,valid_fraction_below_minimum,0.103668,0.15
ood-s_chopped,MJJ17,minicube_598_52.75_19.05,valid_fraction_below_minimum,0.082193,0.15
ood-s_chopped,MJJ17,minicube_606_52.75_23.05,valid_fraction_below_minimum,0.104895,0.15
ood-s_chopped,MJJ17,minicube_608_53.25_-8.25,valid_fraction_below_minimum,0.122821,0.15
ood-s_chopped,MJJ17,minicube_609_53.25_-7.75,valid_fraction_below_minimum,0.1237,0.15
ood-s_chopped,MJJ17,minicube_610_53.25_-7.25,valid_fraction_below_minimum,0.140582,0.15
ood-s_chopped,MJJ17,minicube_611_53.25_-6.75,valid_fraction_below_minimum,0.131946,0.15
ood-s_chopped,MJJ17,minicube_612_53.25_-6.25,valid_fraction_below_minimum,0.101749,0.15
ood-s_chopped,MJJ17,minicube_613_53.25_-4.25,valid_fraction_below_minimum,0.109933,0.15
ood-s_chopped,MJJ17,minicube_614_53.25_-3.75,valid_fraction_below_minimum,0.112802,0.15
ood-s_chopped,MJJ17,minicube_615_53.25_-3.25,valid_fraction_below_minimum,0.131458,0.15
ood-s_chopped,MJJ17,minicube_616_53.25_-2.75,valid_fraction_below_minimum,0.066443,0.15
ood-s_chopped,MJJ17,minicube_617_53.25_-2.25,valid_fraction_below_minimum,0.053052,0.15
ood-s_chopped,MJJ17,minicube_618_53.25_6.05,valid_fraction_below_minimum,0.14761,0.15
ood-s_chopped,MJJ17,minicube_619_53.25_6.55,valid_fraction_below_minimum,0.10058,0.15
ood-s_chopped,MJJ17,minicube_620_53.25_7.05,valid_fraction_below_minimum,0.117642,0.15
ood-s_chopped,MJJ17,minicube_621_53.25_7.55,valid_fraction_below_minimum,0.106281,0.15
ood-s_chopped,MJJ17,minicube_622_53.25_8.05,valid_fraction_below_minimum,0.109888,0.15
ood-s_chopped,MJJ17,minicube_623_53.25_8.55,valid_fraction_below_minimum,0.103967,0.15
ood-s_chopped,MJJ17,minicube_624_53.25_9.05,valid_fraction_below_minimum,0.127722,0.15
ood-s_chopped,MJJ17,minicube_625_53.25_9.55,valid_fraction_below_minimum,0.143384,0.15
ood-s_chopped,MJJ17,minicube_626_53.25_10.05,valid_fraction_below_minimum,0.116046,0.15
ood-s_chopped,MJJ17,minicube_627_53.25_10.55,valid_fraction_below_minimum,0.063538,0.15
ood-s_chopped,MJJ17,minicube_628_53.25_11.05,valid_fraction_below_minimum,0.099997,0.15
ood-s_chopped,MJJ17,minicube_629_53.25_11.55,valid_fraction_below_minimum,0.09975,0.15
ood-s_chopped,MJJ17,minicube_631_53.25_12.55,valid_fraction_below_minimum,0.084,0.15
ood-s_chopped,MJJ17,minicube_632_53.25_13.05,valid_fraction_below_minimum,0.1228,0.15
ood-s_chopped,MJJ17,minicube_633_53.25_13.55,valid_fraction_below_minimum,0.080075,0.15
ood-s_chopped,MJJ17,minicube_634_53.25_14.05,valid_fraction_below_minimum,0.148917,0.15
ood-s_chopped,MJJ17,minicube_635_53.25_14.55,valid_fraction_below_minimum,0.059097,0.15
ood-s_chopped,MJJ17,minicube_636_53.25_15.05,valid_fraction_below_minimum,0.127908,0.15
ood-s_chopped,MJJ17,minicube_639_53.25_16.55,valid_fraction_below_minimum,0.140182,0.15
ood-s_chopped,MJJ17,minicube_640_53.25_17.05,valid_fraction_below_minimum,0.127606,0.15
ood-s_chopped,MJJ17,minicube_641_53.25_17.55,valid_fraction_below_minimum,0.11015,0.15
ood-s_chopped,MJJ17,minicube_642_53.25_18.05,valid_fraction_below_minimum,0.092468,0.15
ood-s_chopped,MJJ17,minicube_643_53.25_18.55,valid_fraction_below_minimum,0.070642,0.15
ood-s_chopped,MJJ17,minicube_644_53.25_19.05,valid_fraction_below_minimum,0.148813,0.15
ood-s_chopped,MJJ17,minicube_652_53.25_23.05,valid_fraction_below_minimum,0.130927,0.15
ood-s_chopped,MJJ17,minicube_654_53.75_-8.75,valid_fraction_below_minimum,0.138934,0.15
ood-s_chopped,MJJ17,minicube_657_53.75_-7.25,valid_fraction_below_minimum,0.063657,0.15
ood-s_chopped,MJJ17,minicube_658_53.75_-6.75,valid_fraction_below_minimum,0.135492,0.15
ood-s_chopped,MJJ17,minicube_659_53.75_-2.75,valid_fraction_below_minimum,0.087531,0.15
ood-s_chopped,MJJ17,minicube_660_53.75_-2.25,valid_fraction_below_minimum,0.069763,0.15
ood-s_chopped,MJJ17,minicube_661_53.75_-1.75,valid_fraction_below_minimum,0.073273,0.15
ood-s_chopped,MJJ17,minicube_662_53.75_-1.25,valid_fraction_below_minimum,0.047836,0.15
ood-s_chopped,MJJ17,minicube_663_53.75_-0.75,valid_fraction_below_minimum,0.061694,0.15
ood-s_chopped,MJJ17,minicube_664_53.75_-0.25,valid_fraction_below_minimum,0.074384,0.15
ood-s_chopped,MJJ17,minicube_665_53.75_9.05,valid_fraction_below_minimum,0.130396,0.15
ood-s_chopped,MJJ17,minicube_666_53.75_9.55,valid_fraction_below_minimum,0.102487,0.15
ood-s_chopped,MJJ17,minicube_668_53.75_10.55,valid_fraction_below_minimum,0.097864,0.15
ood-s_chopped,MJJ17,minicube_669_53.75_11.05,valid_fraction_below_minimum,0.126743,0.15
ood-s_chopped,MJJ17,minicube_670_53.75_11.55,valid_fraction_below_minimum,0.06828,0.15
ood-s_chopped,MJJ17,minicube_671_53.75_12.05,valid_fraction_below_minimum,0.114932,0.15
ood-s_chopped,MJJ17,minicube_672_53.75_12.55,valid_fraction_below_minimum,0.090659,0.15
ood-s_chopped,MJJ17,minicube_674_53.75_14.05,valid_fraction_below_minimum,0.096866,0.15
ood-s_chopped,MJJ17,minicube_675_53.75_15.05,valid_fraction_below_minimum,0.065106,0.15
ood-s_chopped,MJJ17,minicube_677_53.75_16.05,valid_fraction_below_minimum,0.130582,0.15
ood-s_chopped,MJJ17,minicube_678_53.75_16.55,valid_fraction_below_minimum,0.037341,0.15
ood-s_chopped,MJJ17,minicube_679_53.75_17.05,valid_fraction_below_minimum,0.10502,0.15
ood-s_chopped,MJJ17,minicube_680_53.75_17.55,valid_fraction_below_minimum,0.139764,0.15
ood-s_chopped,MJJ17,minicube_682_53.75_18.55,valid_fraction_below_minimum,0.115018,0.15
ood-s_chopped,MJJ17,minicube_683_53.75_19.05,valid_fraction_below_minimum,0.137973,0.15
ood-s_chopped,MJJ17,minicube_685_53.75_20.05,valid_fraction_below_minimum,0.149741,0.15
ood-s_chopped,MJJ17,minicube_692_53.75_23.55,valid_fraction_below_minimum,0.14064,0.15
ood-s_chopped,MJJ17,minicube_693_54.25_-9.75,valid_fraction_below_minimum,0.106845,0.15
ood-s_chopped,MJJ17,minicube_694_54.25_-9.25,valid_fraction_below_minimum,0.119824,0.15
ood-s_chopped,MJJ17,minicube_695_54.25_-8.75,valid_fraction_below_minimum,0.07247,0.15
ood-s_chopped,MJJ17,minicube_697_54.25_-7.75,valid_fraction_below_minimum,0.119452,0.15
ood-s_chopped,MJJ17,minicube_698_54.25_-7.25,valid_fraction_below_minimum,0.145782,0.15
ood-s_chopped,MJJ17,minicube_700_54.25_-6.25,valid_fraction_below_minimum,0.107565,0.15
ood-s_chopped,MJJ17,minicube_701_54.25_-2.75,valid_fraction_below_minimum,0.122739,0.15
ood-s_chopped,MJJ17,minicube_702_54.25_-2.25,valid_fraction_below_minimum,0.105566,0.15
ood-s_chopped,MJJ17,minicube_703_54.25_-1.75,valid_fraction_below_minimum,0.090317,0.15
ood-s_chopped,MJJ17,minicube_704_54.25_-1.25,valid_fraction_below_minimum,0.102884,0.15
ood-s_chopped,MJJ17,minicube_705_54.25_-0.75,valid_fraction_below_minimum,0.102536,0.15
ood-s_chopped,MJJ17,minicube_706_54.25_9.05,valid_fraction_below_minimum,0.085965,0.15
ood-s_chopped,MJJ17,minicube_707_54.25_9.55,valid_fraction_below_minimum,0.109225,0.15
ood-s_chopped,MJJ17,minicube_709_54.25_10.55,valid_fraction_below_minimum,0.097079,0.15
ood-s_chopped,MJJ17,minicube_710_54.25_11.05,valid_fraction_below_minimum,0.118079,0.15
ood-s_chopped,MJJ17,minicube_711_54.25_12.55,valid_fraction_below_minimum,0.020703,0.15
ood-s_chopped,MJJ17,minicube_714_54.25_17.05,valid_fraction_below_minimum,0.130301,0.15
ood-s_chopped,MJJ17,minicube_715_54.25_17.55,valid_fraction_below_minimum,0.090405,0.15
ood-s_chopped,MJJ17,minicube_720_54.25_20.05,valid_fraction_below_minimum,0.140457,0.15
ood-s_chopped,MJJ17,minicube_723_54.25_21.55,valid_fraction_below_minimum,0.111902,0.15
ood-s_chopped,MJJ17,minicube_724_54.25_22.05,valid_fraction_below_minimum,0.126755,0.15
ood-s_chopped,MJJ17,minicube_726_54.25_23.05,valid_fraction_below_minimum,0.149899,0.15
ood-s_chopped,MJJ17,minicube_728_54.75_-8.25,valid_fraction_below_minimum,0.053943,0.15
ood-s_chopped,MJJ17,minicube_729_54.75_-7.75,valid_fraction_below_minimum,0.111108,0.15
ood-s_chopped,MJJ17,minicube_730_54.75_-7.25,valid_fraction_below_minimum,0.085971,0.15
ood-s_chopped,MJJ17,minicube_731_54.75_-6.75,valid_fraction_below_minimum,0.121759,0.15
ood-s_chopped,MJJ17,minicube_732_54.75_-6.25,valid_fraction_below_minimum,0.053262,0.15
ood-s_chopped,MJJ17,minicube_733_54.75_-3.25,valid_fraction_below_minimum,0.076443,0.15
ood-s_chopped,MJJ17,minicube_735_54.75_-2.25,valid_fraction_below_minimum,0.107968,0.15
ood-s_chopped,MJJ17,minicube_736_54.75_-1.75,valid_fraction_below_minimum,0.111542,0.15
ood-s_chopped,MJJ17,minicube_738_54.75_20.55,valid_fraction_below_minimum,0.04476,0.15
ood-s_chopped,MJJ17,minicube_741_54.75_22.05,valid_fraction_below_minimum,0.129773,0.15
ood-s_chopped,MJJ17,minicube_743_54.75_23.05,valid_fraction_below_minimum,0.14949,0.15
ood-s_chopped,MJJ17,minicube_745_55.25_-7.25,valid_fraction_below_minimum,0.130038,0.15
ood-s_chopped,MJJ17,minicube_746_55.25_-4.75,valid_fraction_below_minimum,0.020807,0.15
ood-s_chopped,MJJ17,minicube_747_55.25_-4.25,valid_fraction_below_minimum,0.130423,0.15
ood-s_chopped,MJJ17,minicube_748_55.25_-3.75,valid_fraction_below_minimum,0.044421,0.15
ood-s_chopped,MJJ17,minicube_750_55.25_-2.75,valid_fraction_below_minimum,0.142041,0.15
ood-s_chopped,MJJ17,minicube_751_55.25_-2.25,valid_fraction_below_minimum,0.133383,0.15
ood-s_chopped,MJJ17,minicube_752_55.25_-1.75,valid_fraction_below_minimum,0.062115,0.15
ood-s_chopped,MJJ17,minicube_753_55.25_11.55,valid_fraction_below_minimum,0.149106,0.15
ood-s_chopped,MJJ17,minicube_754_55.25_12.05,valid_fraction_below_minimum,0.149744,0.15
ood-s_chopped,MJJ17,minicube_760_55.75_-4.75,valid_fraction_below_minimum,0.016608,0.15
ood-s_chopped,MJJ17,minicube_761_55.75_-4.25,valid_fraction_below_minimum,0.064523,0.15
ood-s_chopped,MJJ17,minicube_762_55.75_-3.75,valid_fraction_below_minimum,0.048923,0.15
ood-s_chopped,MJJ17,minicube_763_55.75_-3.25,valid_fraction_below_minimum,0.082446,0.15
ood-s_chopped,MJJ17,minicube_764_55.75_-2.25,valid_fraction_below_minimum,0.081931,0.15
ood-s_chopped,MJJ17,minicube_766_55.75_11.55,valid_fraction_below_minimum,0.083899,0.15
ood-s_chopped,MJJ17,minicube_767_55.75_12.05,valid_fraction_below_minimum,0.100107,0.15
ood-s_chopped,MJJ17,minicube_768_55.75_12.55,valid_fraction_below_minimum,0.023303,0.15
ood-s_chopped,MJJ17,minicube_769_55.75_13.05,valid_fraction_below_minimum,0.020209,0.15
ood-s_chopped,MJJ17,minicube_770_55.75_13.55,valid_fraction_below_minimum,0.13443,0.15
ood-s_chopped,MJJ17,minicube_773_55.75_22.05,valid_fraction_below_minimum,0.146933,0.15
ood-s_chopped,MJJ17,minicube_777_56.25_-4.75,valid_fraction_below_minimum,0.013553,0.15
ood-s_chopped,MJJ17,minicube_778_56.25_-4.25,valid_fraction_below_minimum,0.087775,0.15
ood-s_chopped,MJJ17,minicube_779_56.25_-3.75,valid_fraction_below_minimum,0.016983,0.15
ood-s_chopped,MJJ17,minicube_782_56.25_8.55,valid_fraction_below_minimum,0.118353,0.15
ood-s_chopped,MJJ17,minicube_783_56.25_13.05,valid_fraction_below_minimum,0.008185,0.15
ood-s_chopped,MJJ17,minicube_784_56.25_13.55,valid_fraction_below_minimum,0.088684,0.15
ood-s_chopped,MJJ17,minicube_785_56.25_14.05,valid_fraction_below_minimum,0.120163,0.15
ood-s_chopped,MJJ17,minicube_788_56.25_15.55,valid_fraction_below_minimum,0.131085,0.15
ood-s_chopped,MJJ17,minicube_789_56.25_21.55,valid_fraction_below_minimum,0.119049,0.15
ood-s_chopped,MJJ17,minicube_794_56.75_-5.75,valid_fraction_below_minimum,0.010123,0.15
ood-s_chopped,MJJ17,minicube_795_56.75_-5.25,valid_fraction_below_minimum,0.01842,0.15
ood-s_chopped,MJJ17,minicube_796_56.75_-4.75,valid_fraction_below_minimum,0.053317,0.15
ood-s_chopped,MJJ17,minicube_797_56.75_-4.25,valid_fraction_below_minimum,0.146896,0.15
ood-s_chopped,MJJ17,minicube_798_56.75_-3.75,valid_fraction_below_minimum,0.041946,0.15
ood-s_chopped,MJJ17,minicube_799_56.75_-3.25,valid_fraction_below_minimum,0.089526,0.15
ood-s_chopped,MJJ17,minicube_800_56.75_-2.75,valid_fraction_below_minimum,0.131598,0.15
ood-s_chopped,MJJ17,minicube_801_56.75_8.55,valid_fraction_below_minimum,0.073953,0.15
ood-s_chopped,MJJ17,minicube_803_56.75_10.05,valid_fraction_below_minimum,0.066553,0.15
ood-s_chopped,MJJ17,minicube_804_56.75_13.05,valid_fraction_below_minimum,0.046594,0.15
ood-s_chopped,MJJ17,minicube_805_56.75_13.55,valid_fraction_below_minimum,0.037082,0.15
ood-s_chopped,MJJ17,minicube_806_56.75_14.05,valid_fraction_below_minimum,0.085226,0.15
ood-s_chopped,MJJ17,minicube_807_56.75_14.55,valid_fraction_below_minimum,0.130267,0.15
ood-s_chopped,MJJ17,minicube_808_56.75_15.05,valid_fraction_below_minimum,0.143848,0.15
ood-s_chopped,MJJ17,minicube_80_41.25_16.05,valid_fraction_below_minimum,0.088693,0.15
ood-s_chopped,MJJ17,minicube_816_57.25_-5.75,valid_fraction_below_minimum,0.018695,0.15
ood-s_chopped,MJJ17,minicube_817_57.25_-5.25,valid_fraction_below_minimum,0.019919,0.15
ood-s_chopped,MJJ17,minicube_818_57.25_-4.75,valid_fraction_below_minimum,0.045389,0.15
ood-s_chopped,MJJ17,minicube_819_57.25_-4.25,valid_fraction_below_minimum,0.07066,0.15
ood-s_chopped,MJJ17,minicube_820_57.25_-3.75,valid_fraction_below_minimum,0.091779,0.15
ood-s_chopped,MJJ17,minicube_821_57.25_-3.25,valid_fraction_below_minimum,0.107004,0.15
ood-s_chopped,MJJ17,minicube_823_57.25_10.05,valid_fraction_below_minimum,0.068045,0.15
ood-s_chopped,MJJ17,minicube_824_57.25_12.55,valid_fraction_below_minimum,0.091202,0.15
ood-s_chopped,MJJ17,minicube_825_57.25_14.05,valid_fraction_below_minimum,0.143365,0.15
ood-s_chopped,MJJ17,minicube_826_57.25_14.55,valid_fraction_below_minimum,0.077939,0.15
ood-s_chopped,MJJ17,minicube_827_57.25_15.05,valid_fraction_below_minimum,0.144275,0.15
ood-s_chopped,MJJ17,minicube_829_57.25_22.05,valid_fraction_below_minimum,0.122787,0.15
ood-s_chopped,MJJ17,minicube_832_57.75_-5.25,valid_fraction_below_minimum,0.016168,0.15
ood-s_chopped,MJJ17,minicube_833_57.75_-4.75,valid_fraction_below_minimum,0.049561,0.15
ood-s_chopped,MJJ17,minicube_834_57.75_-4.25,valid_fraction_below_minimum,0.086032,0.15
ood-s_chopped,MJJ17,minicube_835_57.75_14.05,valid_fraction_below_minimum,0.123666,0.15
ood-s_chopped,MJJ17,minicube_836_58.25_-4.75,valid_fraction_below_minimum,0.056497,0.15
ood-s_chopped,MJJ17,minicube_837_58.25_-4.25,valid_fraction_below_minimum,0.072644,0.15
ood-s_chopped,MJJ17,minicube_838_58.25_-3.75,valid_fraction_below_minimum,0.105365,0.15
ood-s_chopped,MJJ17,minicube_842_58.25_14.05,valid_fraction_below_minimum,0.124164,0.15
ood-s_chopped,MJJ17,minicube_843_58.75_6.05,valid_fraction_below_minimum,0.093927,0.15
ood-s_chopped,MJJ17,minicube_845_58.75_7.05,valid_fraction_below_minimum,0.140146,0.15
ood-s_chopped,MJJ17,minicube_846_58.75_7.55,valid_fraction_below_minimum,0.09162,0.15
ood-s_chopped,MJJ17,minicube_848_58.75_8.55,valid_fraction_below_minimum,0.022464,0.15
ood-s_chopped,MJJ17,minicube_852_59.25_6.55,valid_fraction_below_minimum,0.11376,0.15
ood-s_chopped,MJJ17,minicube_854_59.25_16.05,valid_fraction_below_minimum,0.066949,0.15
ood-s_chopped,MJJ17,minicube_855_59.75_6.05,valid_fraction_below_minimum,0.119897,0.15
ood-s_chopped,MJJ17,minicube_856_59.75_6.55,valid_fraction_below_minimum,0.006927,0.15
ood-s_chopped,MJJ17,minicube_858_59.75_16.05,valid_fraction_below_minimum,0.018375,0.15
ood-s_chopped,MJJ17,minicube_860_60.25_7.05,valid_fraction_below_minimum,0.016077,0.15
ood-s_chopped,MJJ17,minicube_861_60.25_7.55,valid_fraction_below_minimum,0.063748,0.15
ood-s_chopped,MJJ17,minicube_868_60.75_5.55,valid_fraction_below_minimum,0.000726,0.15
ood-s_chopped,MJJ17,minicube_870_60.75_7.55,valid_fraction_below_minimum,0.033615,0.15
ood-s_chopped,MJJ17,minicube_882_61.25_5.05,valid_fraction_below_minimum,0.022931,0.15
ood-s_chopped,MJJ17,minicube_887_61.25_7.55,valid_fraction_below_minimum,0.021219,0.15
ood-s_chopped,MJJ17,minicube_898_61.25_16.05,valid_fraction_below_minimum,0.077008,0.15
ood-s_chopped,MJJ18,minicube_257_46.25_23.55,valid_fraction_below_minimum,0.120984,0.15
ood-s_chopped,MJJ18,minicube_328_48.75_-3.25,valid_fraction_below_minimum,0.071185,0.15
ood-s_chopped,MJJ18,minicube_330_48.75_2.05,valid_fraction_below_minimum,0.090161,0.15
ood-s_chopped,MJJ18,minicube_363_49.25_2.55,valid_fraction_below_minimum,0.090012,0.15
ood-s_chopped,MJJ18,minicube_454_50.25_20.05,valid_fraction_below_minimum,0.1448,0.15
ood-s_chopped,MJJ18,minicube_583_52.75_5.05,valid_fraction_below_minimum,0.133331,0.15
ood-s_chopped,MJJ18,minicube_696_54.25_-8.25,valid_fraction_below_minimum,0.144687,0.15
ood-s_chopped,MJJ18,minicube_697_54.25_-7.75,valid_fraction_below_minimum,0.116138,0.15
ood-s_chopped,MJJ18,minicube_699_54.25_-6.75,valid_fraction_below_minimum,0.140521,0.15
ood-s_chopped,MJJ18,minicube_711_54.25_12.55,valid_fraction_below_minimum,0.122375,0.15
ood-s_chopped,MJJ18,minicube_729_54.75_-7.75,valid_fraction_below_minimum,0.100677,0.15
ood-s_chopped,MJJ18,minicube_738_54.75_20.55,valid_fraction_below_minimum,0.087656,0.15
ood-s_chopped,MJJ18,minicube_751_55.25_-2.25,valid_fraction_below_minimum,0.137836,0.15
ood-s_chopped,MJJ18,minicube_760_55.75_-4.75,valid_fraction_below_minimum,0.115778,0.15
ood-s_chopped,MJJ18,minicube_777_56.25_-4.75,valid_fraction_below_minimum,0.099731,0.15
ood-s_chopped,MJJ18,minicube_794_56.75_-5.75,valid_fraction_below_minimum,0.022961,0.15
ood-s_chopped,MJJ18,minicube_795_56.75_-5.25,valid_fraction_below_minimum,0.051251,0.15
ood-s_chopped,MJJ18,minicube_80_41.25_16.05,valid_fraction_below_minimum,0.131311,0.15
ood-s_chopped,MJJ18,minicube_848_58.75_8.55,valid_fraction_below_minimum,0.049615,0.15
ood-s_chopped,MJJ18,minicube_856_59.75_6.55,valid_fraction_below_minimum,0.126105,0.15
ood-s_chopped,MJJ18,minicube_858_59.75_16.05,valid_fraction_below_minimum,0.071152,0.15
ood-s_chopped,MJJ18,minicube_860_60.25_7.05,valid_fraction_below_minimum,0.041464,0.15
ood-s_chopped,MJJ18,minicube_861_60.25_7.55,valid_fraction_below_minimum,0.078415,0.15
ood-s_chopped,MJJ18,minicube_868_60.75_5.55,valid_fraction_below_minimum,0.067993,0.15
ood-s_chopped,MJJ18,minicube_870_60.75_7.55,valid_fraction_below_minimum,0.064923,0.15
ood-s_chopped,MJJ18,minicube_887_61.25_7.55,valid_fraction_below_minimum,0.030774,0.15
ood-s_chopped,MJJ19,minicube_270_46.75_14.05,valid_fraction_below_minimum,0.127307,0.15
ood-s_chopped,MJJ19,minicube_328_48.75_-3.25,valid_fraction_below_minimum,0.057233,0.15
ood-s_chopped,MJJ19,minicube_330_48.75_2.05,valid_fraction_below_minimum,0.078442,0.15
ood-s_chopped,MJJ19,minicube_331_48.75_2.55,valid_fraction_below_minimum,0.127057,0.15
ood-s_chopped,MJJ19,minicube_363_49.25_2.55,valid_fraction_below_minimum,0.068918,0.15
ood-s_chopped,MJJ19,minicube_453_50.25_19.55,valid_fraction_below_minimum,0.149994,0.15
ood-s_chopped,MJJ19,minicube_454_50.25_20.05,valid_fraction_below_minimum,0.136908,0.15
ood-s_chopped,MJJ19,minicube_462_50.75_-4.25,valid_fraction_below_minimum,0.10401,0.15
ood-s_chopped,MJJ19,minicube_463_50.75_-3.75,valid_fraction_below_minimum,0.148624,0.15
ood-s_chopped,MJJ19,minicube_496_51.25_0.09,valid_fraction_below_minimum,0.0772,0.15
ood-s_chopped,MJJ19,minicube_513_51.25_23.05,valid_fraction_below_minimum,0.138239,0.15
ood-s_chopped,MJJ19,minicube_515_51.75_-8.75,valid_fraction_below_minimum,0.138275,0.15
ood-s_chopped,MJJ19,minicube_516_51.75_-4.75,valid_fraction_below_minimum,0.098315,0.15
ood-s_chopped,MJJ19,minicube_517_51.75_-4.25,valid_fraction_below_minimum,0.118375,0.15
ood-s_chopped,MJJ19,minicube_525_51.75_6.05,valid_fraction_below_minimum,0.099158,0.15
ood-s_chopped,MJJ19,minicube_540_52.25_-9.25,valid_fraction_below_minimum,0.138635,0.15
ood-s_chopped,MJJ19,minicube_541_52.25_-8.75,valid_fraction_below_minimum,0.143484,0.15
ood-s_chopped,MJJ19,minicube_542_52.25_-8.25,valid_fraction_below_minimum,0.068573,0.15
ood-s_chopped,MJJ19,minicube_543_52.25_-7.75,valid_fraction_below_minimum,0.086401,0.15
ood-s_chopped,MJJ19,minicube_544_52.25_-7.25,valid_fraction_below_minimum,0.095581,0.15
ood-s_chopped,MJJ19,minicube_546_52.25_-3.75,valid_fraction_below_minimum,0.11864,0.15
ood-s_chopped,MJJ19,minicube_572_52.75_-8.75,valid_fraction_below_minimum,0.138455,0.15
ood-s_chopped,MJJ19,minicube_573_52.75_-8.25,valid_fraction_below_minimum,0.045935,0.15
ood-s_chopped,MJJ19,minicube_574_52.75_-7.75,valid_fraction_below_minimum,0.125565,0.15
ood-s_chopped,MJJ19,minicube_576_52.75_-6.75,valid_fraction_below_minimum,0.055914,0.15
ood-s_chopped,MJJ19,minicube_577_52.75_-3.75,valid_fraction_below_minimum,0.103635,0.15
ood-s_chopped,MJJ19,minicube_580_52.75_-2.25,valid_fraction_below_minimum,0.097485,0.15
ood-s_chopped,MJJ19,minicube_583_52.75_5.05,valid_fraction_below_minimum,0.082077,0.15
ood-s_chopped,MJJ19,minicube_608_53.25_-8.25,valid_fraction_below_minimum,0.038605,0.15
ood-s_chopped,MJJ19,minicube_610_53.25_-7.25,valid_fraction_below_minimum,0.119113,0.15
ood-s_chopped,MJJ19,minicube_615_53.25_-3.25,valid_fraction_below_minimum,0.08096,0.15
ood-s_chopped,MJJ19,minicube_616_53.25_-2.75,valid_fraction_below_minimum,0.075259,0.15
ood-s_chopped,MJJ19,minicube_617_53.25_-2.25,valid_fraction_below_minimum,0.149658,0.15
ood-s_chopped,MJJ19,minicube_654_53.75_-8.75,valid_fraction_below_minimum,0.11218,0.15
ood-s_chopped,MJJ19,minicube_656_53.75_-7.75,valid_fraction_below_minimum,0.091867,0.15
ood-s_chopped,MJJ19,minicube_657_53.75_-7.25,valid_fraction_below_minimum,0.06402,0.15
ood-s_chopped,MJJ19,minicube_658_53.75_-6.75,valid_fraction_below_minimum,0.076407,0.15
ood-s_chopped,MJJ19,minicube_661_53.75_-1.75,valid_fraction_below_minimum,0.105103,0.15
ood-s_chopped,MJJ19,minicube_662_53.75_-1.25,valid_fraction_below_minimum,0.086414,0.15
ood-s_chopped,MJJ19,minicube_664_53.75_-0.25,valid_fraction_below_minimum,0.137753,0.15
ood-s_chopped,MJJ19,minicube_667_53.75_10.05,valid_fraction_below_minimum,0.149731,0.15
ood-s_chopped,MJJ19,minicube_678_53.75_16.55,valid_fraction_below_minimum,0.142227,0.15
ood-s_chopped,MJJ19,minicube_693_54.25_-9.75,valid_fraction_below_minimum,0.073862,0.15
ood-s_chopped,MJJ19,minicube_694_54.25_-9.25,valid_fraction_below_minimum,0.084998,0.15
ood-s_chopped,MJJ19,minicube_695_54.25_-8.75,valid_fraction_below_minimum,0.111884,0.15
ood-s_chopped,MJJ19,minicube_696_54.25_-8.25,valid_fraction_below_minimum,0.106522,0.15
ood-s_chopped,MJJ19,minicube_697_54.25_-7.75,valid_fraction_below_minimum,0.095737,0.15
ood-s_chopped,MJJ19,minicube_698_54.25_-7.25,valid_fraction_below_minimum,0.065497,0.15
ood-s_chopped,MJJ19,minicube_699_54.25_-6.75,valid_fraction_below_minimum,0.084601,0.15
ood-s_chopped,MJJ19,minicube_700_54.25_-6.25,valid_fraction_below_minimum,0.099179,0.15
ood-s_chopped,MJJ19,minicube_701_54.25_-2.75,valid_fraction_below_minimum,0.050208,0.15
ood-s_chopped,MJJ19,minicube_702_54.25_-2.25,valid_fraction_below_minimum,0.119162,0.15
ood-s_chopped,MJJ19,minicube_703_54.25_-1.75,valid_fraction_below_minimum,0.141382,0.15
ood-s_chopped,MJJ19,minicube_704_54.25_-1.25,valid_fraction_below_minimum,0.121075,0.15
ood-s_chopped,MJJ19,minicube_705_54.25_-0.75,valid_fraction_below_minimum,0.14382,0.15
ood-s_chopped,MJJ19,minicube_711_54.25_12.55,valid_fraction_below_minimum,0.095084,0.15
ood-s_chopped,MJJ19,minicube_728_54.75_-8.25,valid_fraction_below_minimum,0.093158,0.15
ood-s_chopped,MJJ19,minicube_730_54.75_-7.25,valid_fraction_below_minimum,0.135532,0.15
ood-s_chopped,MJJ19,minicube_731_54.75_-6.75,valid_fraction_below_minimum,0.09968,0.15
ood-s_chopped,MJJ19,minicube_733_54.75_-3.25,valid_fraction_below_minimum,0.028729,0.15
ood-s_chopped,MJJ19,minicube_734_54.75_-2.75,valid_fraction_below_minimum,0.082083,0.15
ood-s_chopped,MJJ19,minicube_735_54.75_-2.25,valid_fraction_below_minimum,0.103732,0.15
ood-s_chopped,MJJ19,minicube_736_54.75_-1.75,valid_fraction_below_minimum,0.058777,0.15
ood-s_chopped,MJJ19,minicube_738_54.75_20.55,valid_fraction_below_minimum,0.049252,0.15
ood-s_chopped,MJJ19,minicube_745_55.25_-7.25,valid_fraction_below_minimum,0.104718,0.15
ood-s_chopped,MJJ19,minicube_747_55.25_-4.25,valid_fraction_below_minimum,0.122144,0.15
ood-s_chopped,MJJ19,minicube_749_55.25_-3.25,valid_fraction_below_minimum,0.072632,0.15
ood-s_chopped,MJJ19,minicube_750_55.25_-2.75,valid_fraction_below_minimum,0.01998,0.15
ood-s_chopped,MJJ19,minicube_751_55.25_-2.25,valid_fraction_below_minimum,0.03616,0.15
ood-s_chopped,MJJ19,minicube_752_55.25_-1.75,valid_fraction_below_minimum,0.132742,0.15
ood-s_chopped,MJJ19,minicube_760_55.75_-4.75,valid_fraction_below_minimum,0.083527,0.15
ood-s_chopped,MJJ19,minicube_761_55.75_-4.25,valid_fraction_below_minimum,0.138785,0.15
ood-s_chopped,MJJ19,minicube_764_55.75_-2.25,valid_fraction_below_minimum,0.104733,0.15
ood-s_chopped,MJJ19,minicube_765_55.75_8.55,valid_fraction_below_minimum,0.144968,0.15
ood-s_chopped,MJJ19,minicube_777_56.25_-4.75,valid_fraction_below_minimum,0.06608,0.15
ood-s_chopped,MJJ19,minicube_778_56.25_-4.25,valid_fraction_below_minimum,0.125183,0.15
ood-s_chopped,MJJ19,minicube_779_56.25_-3.75,valid_fraction_below_minimum,0.138333,0.15
ood-s_chopped,MJJ19,minicube_780_56.25_-3.25,valid_fraction_below_minimum,0.093402,0.15
ood-s_chopped,MJJ19,minicube_794_56.75_-5.75,valid_fraction_below_minimum,0.063882,0.15
ood-s_chopped,MJJ19,minicube_795_56.75_-5.25,valid_fraction_below_minimum,0.055759,0.15
ood-s_chopped,MJJ19,minicube_796_56.75_-4.75,valid_fraction_below_minimum,0.058688,0.15
ood-s_chopped,MJJ19,minicube_800_56.75_-2.75,valid_fraction_below_minimum,0.121738,0.15
ood-s_chopped,MJJ19,minicube_801_56.75_8.55,valid_fraction_below_minimum,0.107004,0.15
ood-s_chopped,MJJ19,minicube_807_56.75_14.55,valid_fraction_below_minimum,0.145004,0.15
ood-s_chopped,MJJ19,minicube_80_41.25_16.05,valid_fraction_below_minimum,0.130307,0.15
ood-s_chopped,MJJ19,minicube_816_57.25_-5.75,valid_fraction_below_minimum,0.132132,0.15
ood-s_chopped,MJJ19,minicube_817_57.25_-5.25,valid_fraction_below_minimum,0.025232,0.15
ood-s_chopped,MJJ19,minicube_818_57.25_-4.75,valid_fraction_below_minimum,0.065369,0.15
ood-s_chopped,MJJ19,minicube_819_57.25_-4.25,valid_fraction_below_minimum,0.136652,0.15
ood-s_chopped,MJJ19,minicube_821_57.25_-3.25,valid_fraction_below_minimum,0.146338,0.15
ood-s_chopped,MJJ19,minicube_832_57.75_-5.25,valid_fraction_below_minimum,0.10437,0.15
ood-s_chopped,MJJ19,minicube_833_57.75_-4.75,valid_fraction_below_minimum,0.039441,0.15
ood-s_chopped,MJJ19,minicube_836_58.25_-4.75,valid_fraction_below_minimum,0.112039,0.15
ood-s_chopped,MJJ19,minicube_837_58.25_-4.25,valid_fraction_below_minimum,0.109134,0.15
ood-s_chopped,MJJ19,minicube_848_58.75_8.55,valid_fraction_below_minimum,0.042709,0.15
ood-s_chopped,MJJ19,minicube_854_59.25_16.05,valid_fraction_below_minimum,0.127341,0.15
ood-s_chopped,MJJ19,minicube_856_59.75_6.55,valid_fraction_below_minimum,0.098767,0.15
ood-s_chopped,MJJ19,minicube_858_59.75_16.05,valid_fraction_below_minimum,0.038745,0.15
ood-s_chopped,MJJ19,minicube_860_60.25_7.05,valid_fraction_below_minimum,0.02811,0.15
ood-s_chopped,MJJ19,minicube_861_60.25_7.55,valid_fraction_below_minimum,0.061404,0.15
ood-s_chopped,MJJ19,minicube_868_60.75_5.55,valid_fraction_below_minimum,0.05542,0.15
ood-s_chopped,MJJ19,minicube_870_60.75_7.55,valid_fraction_below_minimum,0.043918,0.15
ood-s_chopped,MJJ19,minicube_887_61.25_7.55,valid_fraction_below_minimum,0.025244,0.15
ood-s_chopped,MJJ19,minicube_889_61.25_8.55,valid_fraction_below_minimum,0.146082,0.15
ood-s_chopped,SON17,minicube_151_44.75_4.05,valid_fraction_below_minimum,0.112305,0.15
ood-s_chopped,SON17,minicube_171_45.25_4.05,valid_fraction_below_minimum,0.113837,0.15
ood-s_chopped,SON17,minicube_201_45.75_6.55,valid_fraction_below_minimum,0.148065,0.15
ood-s_chopped,SON17,minicube_206_45.75_12.55,valid_fraction_below_minimum,0.115991,0.15
ood-s_chopped,SON17,minicube_244_46.25_15.05,valid_fraction_below_minimum,0.111252,0.15
ood-s_chopped,SON17,minicube_255_46.25_22.55,valid_fraction_below_minimum,0.126828,0.15
ood-s_chopped,SON17,minicube_266_46.75_8.55,valid_fraction_below_minimum,0.145511,0.15
ood-s_chopped,SON17,minicube_267_46.75_9.05,valid_fraction_below_minimum,0.141681,0.15
ood-s_chopped,SON17,minicube_270_46.75_14.05,valid_fraction_below_minimum,0.073569,0.15
ood-s_chopped,SON17,minicube_282_47.25_5.05,valid_fraction_below_minimum,0.1409,0.15
ood-s_chopped,SON17,minicube_288_47.25_14.55,valid_fraction_below_minimum,0.143488,0.15
ood-s_chopped,SON17,minicube_293_47.75_-2.75,valid_fraction_below_minimum,0.119781,0.15
ood-s_chopped,SON17,minicube_303_47.75_15.05,valid_fraction_below_minimum,0.146967,0.15
ood-s_chopped,SON17,minicube_306_48.25_-4.25,valid_fraction_below_minimum,0.13259,0.15
ood-s_chopped,SON17,minicube_307_48.25_-3.75,valid_fraction_below_minimum,0.107797,0.15
ood-s_chopped,SON17,minicube_311_48.25_-1.75,valid_fraction_below_minimum,0.10202,0.15
ood-s_chopped,SON17,minicube_312_48.25_-1.25,valid_fraction_below_minimum,0.118832,0.15
ood-s_chopped,SON17,minicube_316_48.25_3.55,valid_fraction_below_minimum,0.138385,0.15
ood-s_chopped,SON17,minicube_322_48.25_15.05,valid_fraction_below_minimum,0.128534,0.15
ood-s_chopped,SON17,minicube_328_48.75_-3.25,valid_fraction_below_minimum,0.036404,0.15
ood-s_chopped,SON17,minicube_329_48.75_-1.25,valid_fraction_below_minimum,0.104233,0.15
ood-s_chopped,SON17,minicube_330_48.75_2.05,valid_fraction_below_minimum,0.033878,0.15
ood-s_chopped,SON17,minicube_331_48.75_2.55,valid_fraction_below_minimum,0.064746,0.15
ood-s_chopped,SON17,minicube_339_48.75_11.05,valid_fraction_below_minimum,0.093747,0.15
ood-s_chopped,SON17,minicube_340_48.75_11.55,valid_fraction_below_minimum,0.084219,0.15
ood-s_chopped,SON17,minicube_342_48.75_12.55,valid_fraction_below_minimum,0.145422,0.15
ood-s_chopped,SON17,minicube_343_48.75_13.05,valid_fraction_below_minimum,0.14147,0.15
ood-s_chopped,SON17,minicube_345_48.75_14.05,valid_fraction_below_minimum,0.10148,0.15
ood-s_chopped,SON17,minicube_347_48.75_15.05,valid_fraction_below_minimum,0.09126,0.15
ood-s_chopped,SON17,minicube_359_48.75_23.55,valid_fraction_below_minimum,0.124164,0.15
ood-s_chopped,SON17,minicube_361_49.25_-0.75,valid_fraction_below_minimum,0.11796,0.15
ood-s_chopped,SON17,minicube_362_49.25_2.05,valid_fraction_below_minimum,0.130573,0.15
ood-s_chopped,SON17,minicube_363_49.25_2.55,valid_fraction_below_minimum,0.023254,0.15
ood-s_chopped,SON17,minicube_370_49.25_6.05,valid_fraction_below_minimum,0.127451,0.15
ood-s_chopped,SON17,minicube_373_49.25_7.55,valid_fraction_below_minimum,0.147202,0.15
ood-s_chopped,SON17,minicube_375_49.25_8.55,valid_fraction_below_minimum,0.120673,0.15
ood-s_chopped,SON17,minicube_377_49.25_9.55,valid_fraction_below_minimum,0.14968,0.15
ood-s_chopped,SON17,minicube_378_49.25_10.05,valid_fraction_below_minimum,0.128372,0.15
ood-s_chopped,SON17,minicube_379_49.25_10.55,valid_fraction_below_minimum,0.12327,0.15
ood-s_chopped,SON17,minicube_380_49.25_11.05,valid_fraction_below_minimum,0.103622,0.15
ood-s_chopped,SON17,minicube_381_49.25_11.55,valid_fraction_below_minimum,0.092377,0.15
ood-s_chopped,SON17,minicube_382_49.25_12.05,valid_fraction_below_minimum,0.122659,0.15
ood-s_chopped,SON17,minicube_383_49.25_12.55,valid_fraction_below_minimum,0.093796,0.15
ood-s_chopped,SON17,minicube_384_49.25_13.05,valid_fraction_below_minimum,0.101169,0.15
ood-s_chopped,SON17,minicube_386_49.25_18.55,valid_fraction_below_minimum,0.090463,0.15
ood-s_chopped,SON17,minicube_387_49.25_19.05,valid_fraction_below_minimum,0.106683,0.15
ood-s_chopped,SON17,minicube_395_49.25_23.05,valid_fraction_below_minimum,0.137192,0.15
ood-s_chopped,SON17,minicube_397_49.75_2.05,valid_fraction_below_minimum,0.131573,0.15
ood-s_chopped,SON17,minicube_413_49.75_10.05,valid_fraction_below_minimum,0.142111,0.15
ood-s_chopped,SON17,minicube_414_49.75_10.55,valid_fraction_below_minimum,0.084857,0.15
ood-s_chopped,SON17,minicube_415_49.75_11.05,valid_fraction_below_minimum,0.131393,0.15
ood-s_chopped,SON17,minicube_417_49.75_12.05,valid_fraction_below_minimum,0.049924,0.15
ood-s_chopped,SON17,minicube_418_49.75_12.55,valid_fraction_below_minimum,0.075735,0.15
ood-s_chopped,SON17,minicube_419_49.75_13.05,valid_fraction_below_minimum,0.120447,0.15
ood-s_chopped,SON17,minicube_420_49.75_18.55,valid_fraction_below_minimum,0.063983,0.15
ood-s_chopped,SON17,minicube_435_50.25_8.05,valid_fraction_below_minimum,0.068951,0.15
ood-s_chopped,SON17,minicube_438_50.25_9.55,valid_fraction_below_minimum,0.10304,0.15
ood-s_chopped,SON17,minicube_439_50.25_10.05,valid_fraction_below_minimum,0.083554,0.15
ood-s_chopped,SON17,minicube_440_50.25_10.55,valid_fraction_below_minimum,0.055862,0.15
ood-s_chopped,SON17,minicube_441_50.25_11.05,valid_fraction_below_minimum,0.081909,0.15
ood-s_chopped,SON17,minicube_442_50.25_11.55,valid_fraction_below_minimum,0.140958,0.15
ood-s_chopped,SON17,minicube_443_50.25_12.05,valid_fraction_below_minimum,0.048019,0.15
ood-s_chopped,SON17,minicube_444_50.25_12.55,valid_fraction_below_minimum,3e-06,0.15
ood-s_chopped,SON17,minicube_445_50.25_13.05,valid_fraction_below_minimum,0.049823,0.15
ood-s_chopped,SON17,minicube_446_50.25_16.05,valid_fraction_below_minimum,0.139975,0.15
ood-s_chopped,SON17,minicube_447_50.25_16.55,valid_fraction_below_minimum,0.117139,0.15
ood-s_chopped,SON17,minicube_449_50.25_17.55,valid_fraction_below_minimum,0.054953,0.15
ood-s_chopped,SON17,minicube_451_50.25_18.55,valid_fraction_below_minimum,0.071155,0.15
ood-s_chopped,SON17,minicube_452_50.25_19.05,valid_fraction_below_minimum,0.124063,0.15
ood-s_chopped,SON17,minicube_454_50.25_20.05,valid_fraction_below_minimum,0.123596,0.15
ood-s_chopped,SON17,minicube_456_50.25_21.05,valid_fraction_below_minimum,0.142972,0.15
ood-s_chopped,SON17,minicube_462_50.75_-4.25,valid_fraction_below_minimum,0.117175,0.15
ood-s_chopped,SON17,minicube_467_50.75_8.05,valid_fraction_below_minimum,0.045874,0.15
ood-s_chopped,SON17,minicube_471_50.75_10.05,valid_fraction_below_minimum,0.052588,0.15
ood-s_chopped,SON17,minicube_472_50.75_10.55,valid_fraction_below_minimum,0.067676,0.15
ood-s_chopped,SON17,minicube_475_50.75_12.05,valid_fraction_below_minimum,0.135706,0.15
ood-s_chopped,SON17,minicube_476_50.75_12.55,valid_fraction_below_minimum,0.099948,0.15
ood-s_chopped,SON17,minicube_477_50.75_13.05,valid_fraction_below_minimum,0.051379,0.15
ood-s_chopped,SON17,minicube_478_50.75_16.05,valid_fraction_below_minimum,0.132318,0.15
ood-s_chopped,SON17,minicube_479_50.75_16.55,valid_fraction_below_minimum,0.072711,0.15
ood-s_chopped,SON17,minicube_480_50.75_17.05,valid_fraction_below_minimum,0.056763,0.15
ood-s_chopped,SON17,minicube_481_50.75_17.55,valid_fraction_below_minimum,0.1418,0.15
ood-s_chopped,SON17,minicube_482_50.75_18.05,valid_fraction_below_minimum,0.114545,0.15
ood-s_chopped,SON17,minicube_483_50.75_18.55,valid_fraction_below_minimum,0.1384,0.15
ood-s_chopped,SON17,minicube_484_50.75_19.05,valid_fraction_below_minimum,0.088788,0.15
ood-s_chopped,SON17,minicube_485_50.75_19.55,valid_fraction_below_minimum,0.14584,0.15
ood-s_chopped,SON17,minicube_487_50.75_20.55,valid_fraction_below_minimum,0.14881,0.15
ood-s_chopped,SON17,minicube_490_50.75_22.05,valid_fraction_below_minimum,0.120166,0.15
ood-s_chopped,SON17,minicube_494_51.25_-0.75,valid_fraction_below_minimum,0.043015,0.15
ood-s_chopped,SON17,minicube_496_51.25_0.09,valid_fraction_below_minimum,0.062222,0.15
ood-s_chopped,SON17,minicube_497_51.25_0.55,valid_fraction_below_minimum,0.086612,0.15
ood-s_chopped,SON17,minicube_499_51.25_5.05,valid_fraction_below_minimum,0.146158,0.15
ood-s_chopped,SON17,minicube_500_51.25_14.05,valid_fraction_below_minimum,0.047989,0.15
ood-s_chopped,SON17,minicube_501_51.25_14.55,valid_fraction_below_minimum,0.147491,0.15
ood-s_chopped,SON17,minicube_502_51.25_17.55,valid_fraction_below_minimum,0.133234,0.15
ood-s_chopped,SON17,minicube_503_51.25_18.05,valid_fraction_below_minimum,0.149619,0.15
ood-s_chopped,SON17,minicube_504_51.25_18.55,valid_fraction_below_minimum,0.095245,0.15
ood-s_chopped,SON17,minicube_505_51.25_19.05,valid_fraction_below_minimum,0.093643,0.15
ood-s_chopped,SON17,minicube_507_51.25_20.05,valid_fraction_below_minimum,0.092911,0.15
ood-s_chopped,SON17,minicube_509_51.25_21.05,valid_fraction_below_minimum,0.131439,0.15
ood-s_chopped,SON17,minicube_510_51.25_21.55,valid_fraction_below_minimum,0.13797,0.15
ood-s_chopped,SON17,minicube_514_51.25_23.55,valid_fraction_below_minimum,0.148141,0.15
ood-s_chopped,SON17,minicube_515_51.75_-8.75,valid_fraction_below_minimum,0.109613,0.15
ood-s_chopped,SON17,minicube_516_51.75_-4.75,valid_fraction_below_minimum,0.058243,0.15
ood-s_chopped,SON17,minicube_517_51.75_-4.25,valid_fraction_below_minimum,0.096866,0.15
ood-s_chopped,SON17,minicube_518_51.75_-3.75,valid_fraction_below_minimum,0.144186,0.15
ood-s_chopped,SON17,minicube_521_51.75_0.09,valid_fraction_below_minimum,0.119113,0.15
ood-s_chopped,SON17,minicube_522_51.75_0.55,valid_fraction_below_minimum,0.045428,0.15
ood-s_chopped,SON17,minicube_525_51.75_6.05,valid_fraction_below_minimum,0.13555,0.15
ood-s_chopped,SON17,minicube_530_51.75_19.05,valid_fraction_below_minimum,0.124792,0.15
ood-s_chopped,SON17,minicube_531_51.75_19.55,valid_fraction_below_minimum,0.147849,0.15
ood-s_chopped,SON17,minicube_536_51.75_22.05,valid_fraction_below_minimum,0.148535,0.15
ood-s_chopped,SON17,minicube_537_51.75_22.55,valid_fraction_below_minimum,0.148993,0.15
ood-s_chopped,SON17,minicube_538_51.75_23.05,valid_fraction_below_minimum,0.122318,0.15
ood-s_chopped,SON17,minicube_540_52.25_-9.25,valid_fraction_below_minimum,0.089996,0.15
ood-s_chopped,SON17,minicube_541_52.25_-8.75,valid_fraction_below_minimum,0.093188,0.15
ood-s_chopped,SON17,minicube_542_52.25_-8.25,valid_fraction_below_minimum,0.115683,0.15
ood-s_chopped,SON17,minicube_543_52.25_-7.75,valid_fraction_below_minimum,0.13793,0.15
ood-s_chopped,SON17,minicube_546_52.25_-3.75,valid_fraction_below_minimum,0.077213,0.15
ood-s_chopped,SON17,minicube_547_52.25_-3.25,valid_fraction_below_minimum,0.083371,0.15
ood-s_chopped,SON17,minicube_548_52.25_-2.75,valid_fraction_below_minimum,0.142511,0.15
ood-s_chopped,SON17,minicube_550_52.25_0.55,valid_fraction_below_minimum,0.121439,0.15
ood-s_chopped,SON17,minicube_551_52.25_1.05,valid_fraction_below_minimum,0.101825,0.15
ood-s_chopped,SON17,minicube_552_52.25_1.55,valid_fraction_below_minimum,0.121866,0.15
ood-s_chopped,SON17,minicube_558_52.25_14.05,valid_fraction_below_minimum,0.08013,0.15
ood-s_chopped,SON17,minicube_559_52.25_17.55,valid_fraction_below_minimum,0.102078,0.15
ood-s_chopped,SON17,minicube_560_52.25_18.05,valid_fraction_below_minimum,0.10795,0.15
ood-s_chopped,SON17,minicube_561_52.25_18.55,valid_fraction_below_minimum,0.105209,0.15
ood-s_chopped,SON17,minicube_562_52.25_19.05,valid_fraction_below_minimum,0.140442,0.15
ood-s_chopped,SON17,minicube_563_52.25_19.55,valid_fraction_below_minimum,0.146594,0.15
ood-s_chopped,SON17,minicube_566_52.25_21.05,valid_fraction_below_minimum,0.078818,0.15
ood-s_chopped,SON17,minicube_569_52.25_22.55,valid_fraction_below_minimum,0.095618,0.15
ood-s_chopped,SON17,minicube_570_52.25_23.05,valid_fraction_below_minimum,0.107635,0.15
ood-s_chopped,SON17,minicube_571_52.25_23.55,valid_fraction_below_minimum,0.047885,0.15
ood-s_chopped,SON17,minicube_572_52.75_-8.75,valid_fraction_below_minimum,0.135629,0.15
ood-s_chopped,SON17,minicube_573_52.75_-8.25,valid_fraction_below_minimum,0.137759,0.15
ood-s_chopped,SON17,minicube_574_52.75_-7.75,valid_fraction_below_minimum,0.11806,0.15
ood-s_chopped,SON17,minicube_575_52.75_-7.25,valid_fraction_below_minimum,0.123846,0.15
ood-s_chopped,SON17,minicube_577_52.75_-3.75,valid_fraction_below_minimum,0.09725,0.15
ood-s_chopped,SON17,minicube_578_52.75_-3.25,valid_fraction_below_minimum,0.149698,0.15
ood-s_chopped,SON17,minicube_579_52.75_-2.75,valid_fraction_below_minimum,0.108929,0.15
ood-s_chopped,SON17,minicube_581_52.75_0.55,valid_fraction_below_minimum,0.052002,0.15
ood-s_chopped,SON17,minicube_582_52.75_1.05,valid_fraction_below_minimum,0.062421,0.15
ood-s_chopped,SON17,minicube_583_52.75_5.05,valid_fraction_below_minimum,0.046191,0.15
ood-s_chopped,SON17,minicube_585_52.75_6.55,valid_fraction_below_minimum,0.099435,0.15
ood-s_chopped,SON17,minicube_586_52.75_7.05,valid_fraction_below_minimum,0.140073,0.15
ood-s_chopped,SON17,minicube_587_52.75_7.55,valid_fraction_below_minimum,0.147501,0.15
ood-s_chopped,SON17,minicube_588_52.75_8.05,valid_fraction_below_minimum,0.121066,0.15
ood-s_chopped,SON17,minicube_590_52.75_12.55,valid_fraction_below_minimum,0.093945,0.15
ood-s_chopped,SON17,minicube_591_52.75_13.05,valid_fraction_below_minimum,0.060999,0.15
ood-s_chopped,SON17,minicube_592_52.75_13.55,valid_fraction_below_minimum,0.075317,0.15
ood-s_chopped,SON17,minicube_593_52.75_14.05,valid_fraction_below_minimum,0.091946,0.15
ood-s_chopped,SON17,minicube_595_52.75_17.55,valid_fraction_below_minimum,0.07522,0.15
ood-s_chopped,SON17,minicube_596_52.75_18.05,valid_fraction_below_minimum,0.121384,0.15
ood-s_chopped,SON17,minicube_597_52.75_18.55,valid_fraction_below_minimum,0.109778,0.15
ood-s_chopped,SON17,minicube_598_52.75_19.05,valid_fraction_below_minimum,0.104974,0.15
ood-s_chopped,SON17,minicube_599_52.75_19.55,valid_fraction_below_minimum,0.051559,0.15
ood-s_chopped,SON17,minicube_600_52.75_20.05,valid_fraction_below_minimum,0.101648,0.15
ood-s_chopped,SON17,minicube_601_52.75_20.55,valid_fraction_below_minimum,0.1418,0.15
ood-s_chopped,SON17,minicube_602_52.75_21.05,valid_fraction_below_minimum,0.132343,0.15
ood-s_chopped,SON17,minicube_604_52.75_22.05,valid_fraction_below_minimum,0.133118,0.15
ood-s_chopped,SON17,minicube_605_52.75_22.55,valid_fraction_below_minimum,0.113324,0.15
ood-s_chopped,SON17,minicube_606_52.75_23.05,valid_fraction_below_minimum,0.093076,0.15
ood-s_chopped,SON17,minicube_607_52.75_23.55,valid_fraction_below_minimum,0.084155,0.15
ood-s_chopped,SON17,minicube_608_53.25_-8.25,valid_fraction_below_minimum,0.140027,0.15
ood-s_chopped,SON17,minicube_609_53.25_-7.75,valid_fraction_below_minimum,0.115558,0.15
ood-s_chopped,SON17,minicube_611_53.25_-6.75,valid_fraction_below_minimum,0.054364,0.15
ood-s_chopped,SON17,minicube_612_53.25_-6.25,valid_fraction_below_minimum,0.115558,0.15
ood-s_chopped,SON17,minicube_613_53.25_-4.25,valid_fraction_below_minimum,0.060565,0.15
ood-s_chopped,SON17,minicube_614_53.25_-3.75,valid_fraction_below_minimum,0.06424,0.15
ood-s_chopped,SON17,minicube_615_53.25_-3.25,valid_fraction_below_minimum,0.134906,0.15
ood-s_chopped,SON17,minicube_616_53.25_-2.75,valid_fraction_below_minimum,0.128003,0.15
ood-s_chopped,SON17,minicube_617_53.25_-2.25,valid_fraction_below_minimum,0.118045,0.15
ood-s_chopped,SON17,minicube_619_53.25_6.55,valid_fraction_below_minimum,0.10199,0.15
ood-s_chopped,SON17,minicube_620_53.25_7.05,valid_fraction_below_minimum,0.11741,0.15
ood-s_chopped,SON17,minicube_621_53.25_7.55,valid_fraction_below_minimum,0.124231,0.15
ood-s_chopped,SON17,minicube_622_53.25_8.05,valid_fraction_below_minimum,0.138937,0.15
ood-s_chopped,SON17,minicube_623_53.25_8.55,valid_fraction_below_minimum,0.113565,0.15
ood-s_chopped,SON17,minicube_624_53.25_9.05,valid_fraction_below_minimum,0.10751,0.15
ood-s_chopped,SON17,minicube_625_53.25_9.55,valid_fraction_below_minimum,0.110001,0.15
ood-s_chopped,SON17,minicube_626_53.25_10.05,valid_fraction_below_minimum,0.105444,0.15
ood-s_chopped,SON17,minicube_628_53.25_11.05,valid_fraction_below_minimum,0.066647,0.15
ood-s_chopped,SON17,minicube_629_53.25_11.55,valid_fraction_below_minimum,0.124213,0.15
ood-s_chopped,SON17,minicube_631_53.25_12.55,valid_fraction_below_minimum,0.101273,0.15
ood-s_chopped,SON17,minicube_632_53.25_13.05,valid_fraction_below_minimum,0.116406,0.15
ood-s_chopped,SON17,minicube_633_53.25_13.55,valid_fraction_below_minimum,0.10737,0.15
ood-s_chopped,SON17,minicube_634_53.25_14.05,valid_fraction_below_minimum,0.063052,0.15
ood-s_chopped,SON17,minicube_636_53.25_15.05,valid_fraction_below_minimum,0.002557,0.15
ood-s_chopped,SON17,minicube_637_53.25_15.55,valid_fraction_below_minimum,0.086633,0.15
ood-s_chopped,SON17,minicube_638_53.25_16.05,valid_fraction_below_minimum,0.097888,0.15
ood-s_chopped,SON17,minicube_639_53.25_16.55,valid_fraction_below_minimum,0.106006,0.15
ood-s_chopped,SON17,minicube_641_53.25_17.55,valid_fraction_below_minimum,0.114349,0.15
ood-s_chopped,SON17,minicube_642_53.25_18.05,valid_fraction_below_minimum,0.043903,0.15
ood-s_chopped,SON17,minicube_643_53.25_18.55,valid_fraction_below_minimum,0.064633,0.15
ood-s_chopped,SON17,minicube_644_53.25_19.05,valid_fraction_below_minimum,0.116919,0.15
ood-s_chopped,SON17,minicube_645_53.25_19.55,valid_fraction_below_minimum,0.051346,0.15
ood-s_chopped,SON17,minicube_646_53.25_20.05,valid_fraction_below_minimum,0.120071,0.15
ood-s_chopped,SON17,minicube_648_53.25_21.05,valid_fraction_below_minimum,0.147345,0.15
ood-s_chopped,SON17,minicube_649_53.25_21.55,valid_fraction_below_minimum,0.099689,0.15
ood-s_chopped,SON17,minicube_650_53.25_22.05,valid_fraction_below_minimum,0.141632,0.15
ood-s_chopped,SON17,minicube_651_53.25_22.55,valid_fraction_below_minimum,0.09679,0.15
ood-s_chopped,SON17,minicube_652_53.25_23.05,valid_fraction_below_minimum,0.105951,0.15
ood-s_chopped,SON17,minicube_653_53.25_23.55,valid_fraction_below_minimum,0.147522,0.15
ood-s_chopped,SON17,minicube_654_53.75_-8.75,valid_fraction_below_minimum,0.126306,0.15
ood-s_chopped,SON17,minicube_657_53.75_-7.25,valid_fraction_below_minimum,0.07717,0.15
ood-s_chopped,SON17,minicube_658_53.75_-6.75,valid_fraction_below_minimum,0.061761,0.15
ood-s_chopped,SON17,minicube_665_53.75_9.05,valid_fraction_below_minimum,0.106583,0.15
ood-s_chopped,SON17,minicube_666_53.75_9.55,valid_fraction_below_minimum,0.113498,0.15
ood-s_chopped,SON17,minicube_667_53.75_10.05,valid_fraction_below_minimum,0.098407,0.15
ood-s_chopped,SON17,minicube_668_53.75_10.55,valid_fraction_below_minimum,0.100751,0.15
ood-s_chopped,SON17,minicube_669_53.75_11.05,valid_fraction_below_minimum,0.111374,0.15
ood-s_chopped,SON17,minicube_670_53.75_11.55,valid_fraction_below_minimum,0.124292,0.15
ood-s_chopped,SON17,minicube_671_53.75_12.05,valid_fraction_below_minimum,0.09451,0.15
ood-s_chopped,SON17,minicube_672_53.75_12.55,valid_fraction_below_minimum,0.036047,0.15
ood-s_chopped,SON17,minicube_673_53.75_13.05,valid_fraction_below_minimum,0.115341,0.15
ood-s_chopped,SON17,minicube_674_53.75_14.05,valid_fraction_below_minimum,0.100104,0.15
ood-s_chopped,SON17,minicube_676_53.75_15.55,valid_fraction_below_minimum,0.134241,0.15
ood-s_chopped,SON17,minicube_678_53.75_16.55,valid_fraction_below_minimum,0.107193,0.15
ood-s_chopped,SON17,minicube_679_53.75_17.05,valid_fraction_below_minimum,0.129205,0.15
ood-s_chopped,SON17,minicube_680_53.75_17.55,valid_fraction_below_minimum,0.093042,0.15
ood-s_chopped,SON17,minicube_681_53.75_18.05,valid_fraction_below_minimum,0.100104,0.15
ood-s_chopped,SON17,minicube_683_53.75_19.05,valid_fraction_below_minimum,0.102237,0.15
ood-s_chopped,SON17,minicube_684_53.75_19.55,valid_fraction_below_minimum,0.128159,0.15
ood-s_chopped,SON17,minicube_685_53.75_20.05,valid_fraction_below_minimum,0.134836,0.15
ood-s_chopped,SON17,minicube_686_53.75_20.55,valid_fraction_below_minimum,0.107077,0.15
ood-s_chopped,SON17,minicube_687_53.75_21.05,valid_fraction_below_minimum,0.098431,0.15
ood-s_chopped,SON17,minicube_688_53.75_21.55,valid_fraction_below_minimum,0.098676,0.15
ood-s_chopped,SON17,minicube_689_53.75_22.05,valid_fraction_below_minimum,0.098813,0.15
ood-s_chopped,SON17,minicube_690_53.75_22.55,valid_fraction_below_minimum,0.054965,0.15
ood-s_chopped,SON17,minicube_691_53.75_23.05,valid_fraction_below_minimum,0.111719,0.15
ood-s_chopped,SON17,minicube_692_53.75_23.55,valid_fraction_below_minimum,0.10632,0.15
ood-s_chopped,SON17,minicube_693_54.25_-9.75,valid_fraction_below_minimum,0.066492,0.15
ood-s_chopped,SON17,minicube_694_54.25_-9.25,valid_fraction_below_minimum,0.048712,0.15
ood-s_chopped,SON17,minicube_696_54.25_-8.25,valid_fraction_below_minimum,0.149948,0.15
ood-s_chopped,SON17,minicube_699_54.25_-6.75,valid_fraction_below_minimum,0.1492,0.15
ood-s_chopped,SON17,minicube_700_54.25_-6.25,valid_fraction_below_minimum,0.064465,0.15
ood-s_chopped,SON17,minicube_701_54.25_-2.75,valid_fraction_below_minimum,0.135626,0.15
ood-s_chopped,SON17,minicube_702_54.25_-2.25,valid_fraction_below_minimum,0.106555,0.15
ood-s_chopped,SON17,minicube_703_54.25_-1.75,valid_fraction_below_minimum,0.109009,0.15
ood-s_chopped,SON17,minicube_706_54.25_9.05,valid_fraction_below_minimum,0.100064,0.15
ood-s_chopped,SON17,minicube_707_54.25_9.55,valid_fraction_below_minimum,0.135477,0.15
ood-s_chopped,SON17,minicube_709_54.25_10.55,valid_fraction_below_minimum,0.099677,0.15
ood-s_chopped,SON17,minicube_710_54.25_11.05,valid_fraction_below_minimum,0.123337,0.15
ood-s_chopped,SON17,minicube_711_54.25_12.55,valid_fraction_below_minimum,0.019171,0.15
ood-s_chopped,SON17,minicube_713_54.25_16.55,valid_fraction_below_minimum,0.134412,0.15
ood-s_chopped,SON17,minicube_714_54.25_17.05,valid_fraction_below_minimum,0.140762,0.15
ood-s_chopped,SON17,minicube_715_54.25_17.55,valid_fraction_below_minimum,0.123984,0.15
ood-s_chopped,SON17,minicube_718_54.25_19.05,valid_fraction_below_minimum,0.086484,0.15
ood-s_chopped,SON17,minicube_720_54.25_20.05,valid_fraction_below_minimum,0.07587,0.15
ood-s_chopped,SON17,minicube_721_54.25_20.55,valid_fraction_below_minimum,0.100476,0.15
ood-s_chopped,SON17,minicube_722_54.25_21.05,valid_fraction_below_minimum,0.09743,0.15
ood-s_chopped,SON17,minicube_723_54.25_21.55,valid_fraction_below_minimum,0.098053,0.15
ood-s_chopped,SON17,minicube_724_54.25_22.05,valid_fraction_below_minimum,0.043848,0.15
ood-s_chopped,SON17,minicube_725_54.25_22.55,valid_fraction_below_minimum,0.100452,0.15
ood-s_chopped,SON17,minicube_726_54.25_23.05,valid_fraction_below_minimum,0.09939,0.15
ood-s_chopped,SON17,minicube_727_54.25_23.55,valid_fraction_below_minimum,0.106946,0.15
ood-s_chopped,SON17,minicube_728_54.75_-8.25,valid_fraction_below_minimum,0.105679,0.15
ood-s_chopped,SON17,minicube_729_54.75_-7.75,valid_fraction_below_minimum,0.01857,0.15
ood-s_chopped,SON17,minicube_730_54.75_-7.25,valid_fraction_below_minimum,0.068701,0.15
ood-s_chopped,SON17,minicube_732_54.75_-6.25,valid_fraction_below_minimum,0.02774,0.15
ood-s_chopped,SON17,minicube_733_54.75_-3.25,valid_fraction_below_minimum,0.070212,0.15
ood-s_chopped,SON17,minicube_734_54.75_-2.75,valid_fraction_below_minimum,0.131628,0.15
ood-s_chopped,SON17,minicube_738_54.75_20.55,valid_fraction_below_minimum,0.018375,0.15
ood-s_chopped,SON17,minicube_739_54.75_21.05,valid_fraction_below_minimum,0.097305,0.15
ood-s_chopped,SON17,minicube_740_54.75_21.55,valid_fraction_below_minimum,0.124673,0.15
ood-s_chopped,SON17,minicube_741_54.75_22.05,valid_fraction_below_minimum,0.09776,0.15
ood-s_chopped,SON17,minicube_743_54.75_23.05,valid_fraction_below_minimum,0.107803,0.15
ood-s_chopped,SON17,minicube_744_54.75_23.55,valid_fraction_below_minimum,0.100049,0.15
ood-s_chopped,SON17,minicube_745_55.25_-7.25,valid_fraction_below_minimum,0.006339,0.15
ood-s_chopped,SON17,minicube_746_55.25_-4.75,valid_fraction_below_minimum,0.128391,0.15
ood-s_chopped,SON17,minicube_747_55.25_-4.25,valid_fraction_below_minimum,0.087054,0.15
ood-s_chopped,SON17,minicube_748_55.25_-3.75,valid_fraction_below_minimum,0.096887,0.15
ood-s_chopped,SON17,minicube_750_55.25_-2.75,valid_fraction_below_minimum,0.092227,0.15
ood-s_chopped,SON17,minicube_751_55.25_-2.25,valid_fraction_below_minimum,0.100146,0.15
ood-s_chopped,SON17,minicube_752_55.25_-1.75,valid_fraction_below_minimum,0.149097,0.15
ood-s_chopped,SON17,minicube_753_55.25_11.55,valid_fraction_below_minimum,0.09278,0.15
ood-s_chopped,SON17,minicube_754_55.25_12.05,valid_fraction_below_minimum,0.092859,0.15
ood-s_chopped,SON17,minicube_755_55.25_21.55,valid_fraction_below_minimum,0.088614,0.15
ood-s_chopped,SON17,minicube_756_55.25_22.05,valid_fraction_below_minimum,0.116794,0.15
ood-s_chopped,SON17,minicube_757_55.25_22.55,valid_fraction_below_minimum,0.095959,0.15
ood-s_chopped,SON17,minicube_758_55.25_23.05,valid_fraction_below_minimum,0.132712,0.15
ood-s_chopped,SON17,minicube_759_55.25_23.55,valid_fraction_below_minimum,0.107901,0.15
ood-s_chopped,SON17,minicube_760_55.75_-4.75,valid_fraction_below_minimum,0.071341,0.15
ood-s_chopped,SON17,minicube_761_55.75_-4.25,valid_fraction_below_minimum,0.076379,0.15
ood-s_chopped,SON17,minicube_762_55.75_-3.75,valid_fraction_below_minimum,0.102014,0.15
ood-s_chopped,SON17,minicube_763_55.75_-3.25,valid_fraction_below_minimum,0.124722,0.15
ood-s_chopped,SON17,minicube_766_55.75_11.55,valid_fraction_below_minimum,0.112778,0.15
ood-s_chopped,SON17,minicube_767_55.75_12.05,valid_fraction_below_minimum,0.038666,0.15
ood-s_chopped,SON17,minicube_768_55.75_12.55,valid_fraction_below_minimum,0.138428,0.15
ood-s_chopped,SON17,minicube_769_55.75_13.05,valid_fraction_below_minimum,0.123563,0.15
ood-s_chopped,SON17,minicube_770_55.75_13.55,valid_fraction_below_minimum,0.138052,0.15
ood-s_chopped,SON17,minicube_771_55.75_14.05,valid_fraction_below_minimum,0.138614,0.15
ood-s_chopped,SON17,minicube_773_55.75_22.05,valid_fraction_below_minimum,0.123166,0.15
ood-s_chopped,SON17,minicube_774_55.75_22.55,valid_fraction_below_minimum,0.130786,0.15
ood-s_chopped,SON17,minicube_775_55.75_23.05,valid_fraction_below_minimum,0.137878,0.15
ood-s_chopped,SON17,minicube_776_55.75_23.55,valid_fraction_below_minimum,0.149667,0.15
ood-s_chopped,SON17,minicube_777_56.25_-4.75,valid_fraction_below_minimum,0.008435,0.15
ood-s_chopped,SON17,minicube_778_56.25_-4.25,valid_fraction_below_minimum,0.136057,0.15
ood-s_chopped,SON17,minicube_779_56.25_-3.75,valid_fraction_below_minimum,0.132626,0.15
ood-s_chopped,SON17,minicube_782_56.25_8.55,valid_fraction_below_minimum,0.110001,0.15
ood-s_chopped,SON17,minicube_783_56.25_13.05,valid_fraction_below_minimum,0.034204,0.15
ood-s_chopped,SON17,minicube_784_56.25_13.55,valid_fraction_below_minimum,0.048624,0.15
ood-s_chopped,SON17,minicube_785_56.25_14.05,valid_fraction_below_minimum,0.047809,0.15
ood-s_chopped,SON17,minicube_786_56.25_14.55,valid_fraction_below_minimum,0.072656,0.15
ood-s_chopped,SON17,minicube_787_56.25_15.05,valid_fraction_below_minimum,0.064401,0.15
ood-s_chopped,SON17,minicube_788_56.25_15.55,valid_fraction_below_minimum,0.094196,0.15
ood-s_chopped,SON17,minicube_790_56.25_22.05,valid_fraction_below_minimum,0.136288,0.15
ood-s_chopped,SON17,minicube_791_56.25_22.55,valid_fraction_below_minimum,0.135709,0.15
ood-s_chopped,SON17,minicube_794_56.75_-5.75,valid_fraction_below_minimum,0.013959,0.15
ood-s_chopped,SON17,minicube_795_56.75_-5.25,valid_fraction_below_minimum,0.03569,0.15
ood-s_chopped,SON17,minicube_796_56.75_-4.75,valid_fraction_below_minimum,0.138672,0.15
ood-s_chopped,SON17,minicube_797_56.75_-4.25,valid_fraction_below_minimum,0.068979,0.15
ood-s_chopped,SON17,minicube_798_56.75_-3.75,valid_fraction_below_minimum,0.06106,0.15
ood-s_chopped,SON17,minicube_799_56.75_-3.25,valid_fraction_below_minimum,0.108026,0.15
ood-s_chopped,SON17,minicube_801_56.75_8.55,valid_fraction_below_minimum,0.075873,0.15
ood-s_chopped,SON17,minicube_803_56.75_10.05,valid_fraction_below_minimum,0.133908,0.15
ood-s_chopped,SON17,minicube_804_56.75_13.05,valid_fraction_below_minimum,0.087991,0.15
ood-s_chopped,SON17,minicube_805_56.75_13.55,valid_fraction_below_minimum,0.064255,0.15
ood-s_chopped,SON17,minicube_806_56.75_14.05,valid_fraction_below_minimum,0.034018,0.15
ood-s_chopped,SON17,minicube_807_56.75_14.55,valid_fraction_below_minimum,0.111917,0.15
ood-s_chopped,SON17,minicube_808_56.75_15.05,valid_fraction_below_minimum,0.049112,0.15
ood-s_chopped,SON17,minicube_809_56.75_15.55,valid_fraction_below_minimum,0.081213,0.15
ood-s_chopped,SON17,minicube_80_41.25_16.05,valid_fraction_below_minimum,0.083521,0.15
ood-s_chopped,SON17,minicube_810_56.75_16.05,valid_fraction_below_minimum,0.111377,0.15
ood-s_chopped,SON17,minicube_816_57.25_-5.75,valid_fraction_below_minimum,0.091565,0.15
ood-s_chopped,SON17,minicube_818_57.25_-4.75,valid_fraction_below_minimum,0.106662,0.15
ood-s_chopped,SON17,minicube_819_57.25_-4.25,valid_fraction_below_minimum,0.058038,0.15
ood-s_chopped,SON17,minicube_820_57.25_-3.75,valid_fraction_below_minimum,0.090961,0.15
ood-s_chopped,SON17,minicube_821_57.25_-3.25,valid_fraction_below_minimum,0.123166,0.15
ood-s_chopped,SON17,minicube_822_57.25_-2.75,valid_fraction_below_minimum,0.095837,0.15
ood-s_chopped,SON17,minicube_824_57.25_12.55,valid_fraction_below_minimum,0.065314,0.15
ood-s_chopped,SON17,minicube_825_57.25_14.05,valid_fraction_below_minimum,0.052008,0.15
ood-s_chopped,SON17,minicube_826_57.25_14.55,valid_fraction_below_minimum,0.033438,0.15
ood-s_chopped,SON17,minicube_827_57.25_15.05,valid_fraction_below_minimum,0.039224,0.15
ood-s_chopped,SON17,minicube_828_57.25_15.55,valid_fraction_below_minimum,0.068851,0.15
ood-s_chopped,SON17,minicube_829_57.25_22.05,valid_fraction_below_minimum,0.089423,0.15
ood-s_chopped,SON17,minicube_831_57.25_23.05,valid_fraction_below_minimum,0.149777,0.15
ood-s_chopped,SON17,minicube_832_57.75_-5.25,valid_fraction_below_minimum,0.079843,0.15
ood-s_chopped,SON17,minicube_833_57.75_-4.75,valid_fraction_below_minimum,0.033798,0.15
ood-s_chopped,SON17,minicube_834_57.75_-4.25,valid_fraction_below_minimum,0.107401,0.15
ood-s_chopped,SON17,minicube_835_57.75_14.05,valid_fraction_below_minimum,0.071078,0.15
ood-s_chopped,SON17,minicube_836_58.25_-4.75,valid_fraction_below_minimum,0.117944,0.15
ood-s_chopped,SON17,minicube_837_58.25_-4.25,valid_fraction_below_minimum,0.081055,0.15
ood-s_chopped,SON17,minicube_838_58.25_-3.75,valid_fraction_below_minimum,0.053784,0.15
ood-s_chopped,SON17,minicube_843_58.75_6.05,valid_fraction_below_minimum,0.119031,0.15
ood-s_chopped,SON17,minicube_844_58.75_6.55,valid_fraction_below_minimum,0.114694,0.15
ood-s_chopped,SON17,minicube_845_58.75_7.05,valid_fraction_below_minimum,0.033997,0.15
ood-s_chopped,SON17,minicube_848_58.75_8.55,valid_fraction_below_minimum,0.033435,0.15
ood-s_chopped,SON17,minicube_850_58.75_14.05,valid_fraction_below_minimum,0.071869,0.15
ood-s_chopped,SON17,minicube_852_59.25_6.55,valid_fraction_below_minimum,0.10795,0.15
ood-s_chopped,SON17,minicube_854_59.25_16.05,valid_fraction_below_minimum,0.080319,0.15
ood-s_chopped,SON17,minicube_855_59.75_6.05,valid_fraction_below_minimum,0.104736,0.15
ood-s_chopped,SON17,minicube_856_59.75_6.55,valid_fraction_below_minimum,0.03699,0.15
ood-s_chopped,SON17,minicube_858_59.75_16.05,valid_fraction_below_minimum,0.007358,0.15
ood-s_chopped,SON17,minicube_860_60.25_7.05,valid_fraction_below_minimum,0.005316,0.15
ood-s_chopped,SON17,minicube_861_60.25_7.55,valid_fraction_below_minimum,0.012576,0.15
ood-s_chopped,SON17,minicube_862_60.25_10.05,valid_fraction_below_minimum,0.071909,0.15
ood-s_chopped,SON17,minicube_865_60.25_22.55,valid_fraction_below_minimum,0.105664,0.15
ood-s_chopped,SON17,minicube_868_60.75_5.55,valid_fraction_below_minimum,0.029776,0.15
ood-s_chopped,SON17,minicube_870_60.75_7.55,valid_fraction_below_minimum,0.021078,0.15
ood-s_chopped,SON17,minicube_872_60.75_8.55,valid_fraction_below_minimum,0.08457,0.15
ood-s_chopped,SON17,minicube_875_60.75_10.05,valid_fraction_below_minimum,0.071759,0.15
ood-s_chopped,SON17,minicube_879_60.75_22.55,valid_fraction_below_minimum,0.131323,0.15
ood-s_chopped,SON17,minicube_881_60.75_23.55,valid_fraction_below_minimum,0.125964,0.15
ood-s_chopped,SON17,minicube_882_61.25_5.05,valid_fraction_below_minimum,0.134665,0.15
ood-s_chopped,SON17,minicube_887_61.25_7.55,valid_fraction_below_minimum,0.000955,0.15
ood-s_chopped,SON17,minicube_889_61.25_8.55,valid_fraction_below_minimum,0.044952,0.15
ood-s_chopped,SON17,minicube_890_61.25_9.05,valid_fraction_below_minimum,0.059219,0.15
ood-s_chopped,SON17,minicube_893_61.25_13.55,valid_fraction_below_minimum,0.077347,0.15
ood-s_chopped,SON17,minicube_898_61.25_16.05,valid_fraction_below_minimum,0.08829,0.15
ood-s_chopped,SON18,minicube_206_45.75_12.55,valid_fraction_below_minimum,0.105042,0.15
ood-s_chopped,SON18,minicube_267_46.75_9.05,valid_fraction_below_minimum,0.142227,0.15
ood-s_chopped,SON18,minicube_309_48.25_-2.75,valid_fraction_below_minimum,0.147644,0.15
ood-s_chopped,SON18,minicube_328_48.75_-3.25,valid_fraction_below_minimum,0.072458,0.15
ood-s_chopped,SON18,minicube_330_48.75_2.05,valid_fraction_below_minimum,0.0621,0.15
ood-s_chopped,SON18,minicube_331_48.75_2.55,valid_fraction_below_minimum,0.130826,0.15
ood-s_chopped,SON18,minicube_363_49.25_2.55,valid_fraction_below_minimum,0.054926,0.15
ood-s_chopped,SON18,minicube_370_49.25_6.05,valid_fraction_below_minimum,0.075262,0.15
ood-s_chopped,SON18,minicube_435_50.25_8.05,valid_fraction_below_minimum,0.146368,0.15
ood-s_chopped,SON18,minicube_454_50.25_20.05,valid_fraction_below_minimum,0.14534,0.15
ood-s_chopped,SON18,minicube_464_50.75_2.05,valid_fraction_below_minimum,0.149756,0.15
ood-s_chopped,SON18,minicube_518_51.75_-3.75,valid_fraction_below_minimum,0.146909,0.15
ood-s_chopped,SON18,minicube_525_51.75_6.05,valid_fraction_below_minimum,0.099048,0.15
ood-s_chopped,SON18,minicube_538_51.75_23.05,valid_fraction_below_minimum,0.145154,0.15
ood-s_chopped,SON18,minicube_539_51.75_23.55,valid_fraction_below_minimum,0.13403,0.15
ood-s_chopped,SON18,minicube_543_52.25_-7.75,valid_fraction_below_minimum,0.134814,0.15
ood-s_chopped,SON18,minicube_546_52.25_-3.75,valid_fraction_below_minimum,0.121115,0.15
ood-s_chopped,SON18,minicube_549_52.25_-2.25,valid_fraction_below_minimum,0.120111,0.15
ood-s_chopped,SON18,minicube_577_52.75_-3.75,valid_fraction_below_minimum,0.127417,0.15
ood-s_chopped,SON18,minicube_579_52.75_-2.75,valid_fraction_below_minimum,0.106168,0.15
ood-s_chopped,SON18,minicube_580_52.75_-2.25,valid_fraction_below_minimum,0.069614,0.15
ood-s_chopped,SON18,minicube_583_52.75_5.05,valid_fraction_below_minimum,0.079465,0.15
ood-s_chopped,SON18,minicube_617_53.25_-2.25,valid_fraction_below_minimum,0.148007,0.15
ood-s_chopped,SON18,minicube_656_53.75_-7.75,valid_fraction_below_minimum,0.138617,0.15
ood-s_chopped,SON18,minicube_659_53.75_-2.75,valid_fraction_below_minimum,0.134241,0.15
ood-s_chopped,SON18,minicube_660_53.75_-2.25,valid_fraction_below_minimum,0.139261,0.15
ood-s_chopped,SON18,minicube_662_53.75_-1.25,valid_fraction_below_minimum,0.100494,0.15
ood-s_chopped,SON18,minicube_663_53.75_-0.75,valid_fraction_below_minimum,0.125681,0.15
ood-s_chopped,SON18,minicube_666_53.75_9.55,valid_fraction_below_minimum,0.140851,0.15
ood-s_chopped,SON18,minicube_678_53.75_16.55,valid_fraction_below_minimum,0.145813,0.15
ood-s_chopped,SON18,minicube_690_53.75_22.55,valid_fraction_below_minimum,0.148907,0.15
ood-s_chopped,SON18,minicube_691_53.75_23.05,valid_fraction_below_minimum,0.126169,0.15
ood-s_chopped,SON18,minicube_692_53.75_23.55,valid_fraction_below_minimum,0.124811,0.15
ood-s_chopped,SON18,minicube_693_54.25_-9.75,valid_fraction_below_minimum,0.116223,0.15
ood-s_chopped,SON18,minicube_694_54.25_-9.25,valid_fraction_below_minimum,0.133832,0.15
ood-s_chopped,SON18,minicube_695_54.25_-8.75,valid_fraction_below_minimum,0.133313,0.15
ood-s_chopped,SON18,minicube_697_54.25_-7.75,valid_fraction_below_minimum,0.139041,0.15
ood-s_chopped,SON18,minicube_701_54.25_-2.75,valid_fraction_below_minimum,0.121124,0.15
ood-s_chopped,SON18,minicube_702_54.25_-2.25,valid_fraction_below_minimum,0.120328,0.15
ood-s_chopped,SON18,minicube_711_54.25_12.55,valid_fraction_below_minimum,0.078214,0.15
ood-s_chopped,SON18,minicube_724_54.25_22.05,valid_fraction_below_minimum,0.101462,0.15
ood-s_chopped,SON18,minicube_728_54.75_-8.25,valid_fraction_below_minimum,0.074292,0.15
ood-s_chopped,SON18,minicube_729_54.75_-7.75,valid_fraction_below_minimum,0.049139,0.15
ood-s_chopped,SON18,minicube_730_54.75_-7.25,valid_fraction_below_minimum,0.141754,0.15
ood-s_chopped,SON18,minicube_731_54.75_-6.75,valid_fraction_below_minimum,0.126816,0.15
ood-s_chopped,SON18,minicube_733_54.75_-3.25,valid_fraction_below_minimum,0.089325,0.15
ood-s_chopped,SON18,minicube_738_54.75_20.55,valid_fraction_below_minimum,0.02103,0.15
ood-s_chopped,SON18,minicube_745_55.25_-7.25,valid_fraction_below_minimum,0.067972,0.15
ood-s_chopped,SON18,minicube_748_55.25_-3.75,valid_fraction_below_minimum,0.14325,0.15
ood-s_chopped,SON18,minicube_749_55.25_-3.25,valid_fraction_below_minimum,0.121283,0.15
ood-s_chopped,SON18,minicube_759_55.25_23.55,valid_fraction_below_minimum,0.107925,0.15
ood-s_chopped,SON18,minicube_760_55.75_-4.75,valid_fraction_below_minimum,0.083716,0.15
ood-s_chopped,SON18,minicube_761_55.75_-4.25,valid_fraction_below_minimum,0.110123,0.15
ood-s_chopped,SON18,minicube_777_56.25_-4.75,valid_fraction_below_minimum,0.077478,0.15
ood-s_chopped,SON18,minicube_779_56.25_-3.75,valid_fraction_below_minimum,0.129266,0.15
ood-s_chopped,SON18,minicube_789_56.25_21.55,valid_fraction_below_minimum,0.141879,0.15
ood-s_chopped,SON18,minicube_794_56.75_-5.75,valid_fraction_below_minimum,0.046225,0.15
ood-s_chopped,SON18,minicube_795_56.75_-5.25,valid_fraction_below_minimum,0.056061,0.15
ood-s_chopped,SON18,minicube_796_56.75_-4.75,valid_fraction_below_minimum,0.104816,0.15
ood-s_chopped,SON18,minicube_797_56.75_-4.25,valid_fraction_below_minimum,0.134134,0.15
ood-s_chopped,SON18,minicube_798_56.75_-3.75,valid_fraction_below_minimum,0.122366,0.15
ood-s_chopped,SON18,minicube_801_56.75_8.55,valid_fraction_below_minimum,0.07981,0.15
ood-s_chopped,SON18,minicube_80_41.25_16.05,valid_fraction_below_minimum,0.09996,0.15
ood-s_chopped,SON18,minicube_816_57.25_-5.75,valid_fraction_below_minimum,0.12645,0.15
ood-s_chopped,SON18,minicube_817_57.25_-5.25,valid_fraction_below_minimum,0.149115,0.15
ood-s_chopped,SON18,minicube_819_57.25_-4.25,valid_fraction_below_minimum,0.08461,0.15
ood-s_chopped,SON18,minicube_820_57.25_-3.75,valid_fraction_below_minimum,0.088397,0.15
ood-s_chopped,SON18,minicube_821_57.25_-3.25,valid_fraction_below_minimum,0.135617,0.15
ood-s_chopped,SON18,minicube_822_57.25_-2.75,valid_fraction_below_minimum,0.085779,0.15
ood-s_chopped,SON18,minicube_827_57.25_15.05,valid_fraction_below_minimum,0.133167,0.15
ood-s_chopped,SON18,minicube_828_57.25_15.55,valid_fraction_below_minimum,0.138593,0.15
ood-s_chopped,SON18,minicube_829_57.25_22.05,valid_fraction_below_minimum,0.078931,0.15
ood-s_chopped,SON18,minicube_832_57.75_-5.25,valid_fraction_below_minimum,0.106467,0.15
ood-s_chopped,SON18,minicube_833_57.75_-4.75,valid_fraction_below_minimum,0.078043,0.15
ood-s_chopped,SON18,minicube_848_58.75_8.55,valid_fraction_below_minimum,0.030124,0.15
ood-s_chopped,SON18,minicube_855_59.75_6.05,valid_fraction_below_minimum,0.065378,0.15
ood-s_chopped,SON18,minicube_856_59.75_6.55,valid_fraction_below_minimum,0.080927,0.15
ood-s_chopped,SON18,minicube_858_59.75_16.05,valid_fraction_below_minimum,0.023587,0.15
ood-s_chopped,SON18,minicube_860_60.25_7.05,valid_fraction_below_minimum,0.013815,0.15
ood-s_chopped,SON18,minicube_861_60.25_7.55,valid_fraction_below_minimum,0.037939,0.15
ood-s_chopped,SON18,minicube_865_60.25_22.55,valid_fraction_below_minimum,0.10022,0.15
ood-s_chopped,SON18,minicube_866_60.25_23.05,valid_fraction_below_minimum,0.119495,0.15
ood-s_chopped,SON18,minicube_867_60.25_23.55,valid_fraction_below_minimum,0.124982,0.15
ood-s_chopped,SON18,minicube_868_60.75_5.55,valid_fraction_below_minimum,0.035068,0.15
ood-s_chopped,SON18,minicube_870_60.75_7.55,valid_fraction_below_minimum,0.038513,0.15
ood-s_chopped,SON18,minicube_878_60.75_22.05,valid_fraction_below_minimum,0.063446,0.15
ood-s_chopped,SON18,minicube_879_60.75_22.55,valid_fraction_below_minimum,0.048975,0.15
ood-s_chopped,SON18,minicube_881_60.75_23.55,valid_fraction_below_minimum,0.126187,0.15
ood-s_chopped,SON18,minicube_882_61.25_5.05,valid_fraction_below_minimum,0.10939,0.15
ood-s_chopped,SON18,minicube_887_61.25_7.55,valid_fraction_below_minimum,0.013809,0.15
ood-s_chopped,SON18,minicube_893_61.25_13.55,valid_fraction_below_minimum,0.147421,0.15
ood-s_chopped,SON19,minicube_152_44.75_4.55,valid_fraction_below_minimum,0.147659,0.15
ood-s_chopped,SON19,minicube_197_45.75_4.55,valid_fraction_below_minimum,0.148123,0.15
ood-s_chopped,SON19,minicube_212_45.75_16.05,valid_fraction_below_minimum,0.128784,0.15
ood-s_chopped,SON19,minicube_231_46.25_5.05,valid_fraction_below_minimum,0.148035,0.15
ood-s_chopped,SON19,minicube_293_47.75_-2.75,valid_fraction_below_minimum,0.101291,0.15
ood-s_chopped,SON19,minicube_306_48.25_-4.25,valid_fraction_below_minimum,0.112192,0.15
ood-s_chopped,SON19,minicube_307_48.25_-3.75,valid_fraction_below_minimum,0.079599,0.15
ood-s_chopped,SON19,minicube_308_48.25_-3.25,valid_fraction_below_minimum,0.082816,0.15
ood-s_chopped,SON19,minicube_309_48.25_-2.75,valid_fraction_below_minimum,0.120001,0.15
ood-s_chopped,SON19,minicube_316_48.25_3.55,valid_fraction_below_minimum,0.118716,0.15
ood-s_chopped,SON19,minicube_322_48.25_15.05,valid_fraction_below_minimum,0.146378,0.15
ood-s_chopped,SON19,minicube_328_48.75_-3.25,valid_fraction_below_minimum,0.045786,0.15
ood-s_chopped,SON19,minicube_329_48.75_-1.25,valid_fraction_below_minimum,0.134,0.15
ood-s_chopped,SON19,minicube_330_48.75_2.05,valid_fraction_below_minimum,0.041827,0.15
ood-s_chopped,SON19,minicube_331_48.75_2.55,valid_fraction_below_minimum,0.09303,0.15
ood-s_chopped,SON19,minicube_334_48.75_6.55,valid_fraction_below_minimum,0.11777,0.15
ood-s_chopped,SON19,minicube_335_48.75_7.05,valid_fraction_below_minimum,0.062399,0.15
ood-s_chopped,SON19,minicube_336_48.75_7.55,valid_fraction_below_minimum,0.086514,0.15
ood-s_chopped,SON19,minicube_337_48.75_8.05,valid_fraction_below_minimum,0.120374,0.15
ood-s_chopped,SON19,minicube_338_48.75_8.55,valid_fraction_below_minimum,0.005676,0.15
ood-s_chopped,SON19,minicube_345_48.75_14.05,valid_fraction_below_minimum,0.139154,0.15
ood-s_chopped,SON19,minicube_362_49.25_2.05,valid_fraction_below_minimum,0.120517,0.15
ood-s_chopped,SON19,minicube_363_49.25_2.55,valid_fraction_below_minimum,0.037152,0.15
ood-s_chopped,SON19,minicube_364_49.25_3.05,valid_fraction_below_minimum,0.114511,0.15
ood-s_chopped,SON19,minicube_370_49.25_6.05,valid_fraction_below_minimum,0.035599,0.15
ood-s_chopped,SON19,minicube_371_49.25_6.55,valid_fraction_below_minimum,0.08978,0.15
ood-s_chopped,SON19,minicube_372_49.25_7.05,valid_fraction_below_minimum,0.098642,0.15
ood-s_chopped,SON19,minicube_373_49.25_7.55,valid_fraction_below_minimum,0.12746,0.15
ood-s_chopped,SON19,minicube_374_49.25_8.05,valid_fraction_below_minimum,0.0741,0.15
ood-s_chopped,SON19,minicube_375_49.25_8.55,valid_fraction_below_minimum,0.008249,0.15
ood-s_chopped,SON19,minicube_376_49.25_9.05,valid_fraction_below_minimum,0.104132,0.15
ood-s_chopped,SON19,minicube_378_49.25_10.05,valid_fraction_below_minimum,0.086246,0.15
ood-s_chopped,SON19,minicube_382_49.25_12.05,valid_fraction_below_minimum,0.144382,0.15
ood-s_chopped,SON19,minicube_400_49.75_3.55,valid_fraction_below_minimum,0.105118,0.15
ood-s_chopped,SON19,minicube_401_49.75_4.05,valid_fraction_below_minimum,0.106818,0.15
ood-s_chopped,SON19,minicube_402_49.75_4.55,valid_fraction_below_minimum,0.136572,0.15
ood-s_chopped,SON19,minicube_403_49.75_5.05,valid_fraction_below_minimum,0.077869,0.15
ood-s_chopped,SON19,minicube_404_49.75_5.55,valid_fraction_below_minimum,0.053244,0.15
ood-s_chopped,SON19,minicube_406_49.75_6.55,valid_fraction_below_minimum,0.041104,0.15
ood-s_chopped,SON19,minicube_407_49.75_7.05,valid_fraction_below_minimum,0.077728,0.15
ood-s_chopped,SON19,minicube_408_49.75_7.55,valid_fraction_below_minimum,0.115256,0.15
ood-s_chopped,SON19,minicube_409_49.75_8.05,valid_fraction_below_minimum,0.131464,0.15
ood-s_chopped,SON19,minicube_411_49.75_9.05,valid_fraction_below_minimum,0.089206,0.15
ood-s_chopped,SON19,minicube_412_49.75_9.55,valid_fraction_below_minimum,0.126962,0.15
ood-s_chopped,SON19,minicube_413_49.75_10.05,valid_fraction_below_minimum,0.086749,0.15
ood-s_chopped,SON19,minicube_414_49.75_10.55,valid_fraction_below_minimum,0.089352,0.15
ood-s_chopped,SON19,minicube_417_49.75_12.05,valid_fraction_below_minimum,0.120596,0.15
ood-s_chopped,SON19,minicube_432_50.25_2.55,valid_fraction_below_minimum,0.13942,0.15
ood-s_chopped,SON19,minicube_434_50.25_5.05,valid_fraction_below_minimum,0.108719,0.15
ood-s_chopped,SON19,minicube_435_50.25_8.05,valid_fraction_below_minimum,0.081985,0.15
ood-s_chopped,SON19,minicube_436_50.25_8.55,valid_fraction_below_minimum,0.122162,0.15
ood-s_chopped,SON19,minicube_437_50.25_9.05,valid_fraction_below_minimum,0.052655,0.15
ood-s_chopped,SON19,minicube_438_50.25_9.55,valid_fraction_below_minimum,0.090359,0.15
ood-s_chopped,SON19,minicube_443_50.25_12.05,valid_fraction_below_minimum,0.09823,0.15
ood-s_chopped,SON19,minicube_444_50.25_12.55,valid_fraction_below_minimum,0.132181,0.15
ood-s_chopped,SON19,minicube_465_50.75_2.55,valid_fraction_below_minimum,0.147531,0.15
ood-s_chopped,SON19,minicube_467_50.75_8.05,valid_fraction_below_minimum,0.056943,0.15
ood-s_chopped,SON19,minicube_469_50.75_9.05,valid_fraction_below_minimum,0.113641,0.15
ood-s_chopped,SON19,minicube_470_50.75_9.55,valid_fraction_below_minimum,0.094727,0.15
ood-s_chopped,SON19,minicube_471_50.75_10.05,valid_fraction_below_minimum,0.142511,0.15
ood-s_chopped,SON19,minicube_496_51.25_0.09,valid_fraction_below_minimum,0.043808,0.15
ood-s_chopped,SON19,minicube_497_51.25_0.55,valid_fraction_below_minimum,0.099609,0.15
ood-s_chopped,SON19,minicube_515_51.75_-8.75,valid_fraction_below_minimum,0.133936,0.15
ood-s_chopped,SON19,minicube_516_51.75_-4.75,valid_fraction_below_minimum,0.103973,0.15
ood-s_chopped,SON19,minicube_517_51.75_-4.25,valid_fraction_below_minimum,0.117966,0.15
ood-s_chopped,SON19,minicube_520_51.75_-0.25,valid_fraction_below_minimum,0.148886,0.15
ood-s_chopped,SON19,minicube_522_51.75_0.55,valid_fraction_below_minimum,0.101089,0.15
ood-s_chopped,SON19,minicube_525_51.75_6.05,valid_fraction_below_minimum,0.136902,0.15
ood-s_chopped,SON19,minicube_540_52.25_-9.25,valid_fraction_below_minimum,0.144278,0.15
ood-s_chopped,SON19,minicube_546_52.25_-3.75,valid_fraction_below_minimum,0.130127,0.15
ood-s_chopped,SON19,minicube_547_52.25_-3.25,valid_fraction_below_minimum,0.079233,0.15
ood-s_chopped,SON19,minicube_548_52.25_-2.75,valid_fraction_below_minimum,0.133115,0.15
ood-s_chopped,SON19,minicube_552_52.25_1.55,valid_fraction_below_minimum,0.140994,0.15
ood-s_chopped,SON19,minicube_555_52.25_6.05,valid_fraction_below_minimum,0.085693,0.15
ood-s_chopped,SON19,minicube_556_52.25_6.55,valid_fraction_below_minimum,0.10683,0.15
ood-s_chopped,SON19,minicube_557_52.25_7.05,valid_fraction_below_minimum,0.08179,0.15
ood-s_chopped,SON19,minicube_573_52.75_-8.25,valid_fraction_below_minimum,0.140045,0.15
ood-s_chopped,SON19,minicube_577_52.75_-3.75,valid_fraction_below_minimum,0.102744,0.15
ood-s_chopped,SON19,minicube_578_52.75_-3.25,valid_fraction_below_minimum,0.099097,0.15
ood-s_chopped,SON19,minicube_580_52.75_-2.25,valid_fraction_below_minimum,0.102155,0.15
ood-s_chopped,SON19,minicube_581_52.75_0.55,valid_fraction_below_minimum,0.147208,0.15
ood-s_chopped,SON19,minicube_582_52.75_1.05,valid_fraction_below_minimum,0.148776,0.15
ood-s_chopped,SON19,minicube_583_52.75_5.05,valid_fraction_below_minimum,0.034631,0.15
ood-s_chopped,SON19,minicube_584_52.75_6.05,valid_fraction_below_minimum,0.038678,0.15
ood-s_chopped,SON19,minicube_585_52.75_6.55,valid_fraction_below_minimum,0.065149,0.15
ood-s_chopped,SON19,minicube_588_52.75_8.05,valid_fraction_below_minimum,0.13486,0.15
ood-s_chopped,SON19,minicube_589_52.75_12.05,valid_fraction_below_minimum,0.123532,0.15
ood-s_chopped,SON19,minicube_590_52.75_12.55,valid_fraction_below_minimum,0.134937,0.15
ood-s_chopped,SON19,minicube_591_52.75_13.05,valid_fraction_below_minimum,0.149442,0.15
ood-s_chopped,SON19,minicube_597_52.75_18.55,valid_fraction_below_minimum,0.071185,0.15
ood-s_chopped,SON19,minicube_599_52.75_19.55,valid_fraction_below_minimum,0.114706,0.15
ood-s_chopped,SON19,minicube_602_52.75_21.05,valid_fraction_below_minimum,0.10791,0.15
ood-s_chopped,SON19,minicube_608_53.25_-8.25,valid_fraction_below_minimum,0.104852,0.15
ood-s_chopped,SON19,minicube_609_53.25_-7.75,valid_fraction_below_minimum,0.084393,0.15
ood-s_chopped,SON19,minicube_611_53.25_-6.75,valid_fraction_below_minimum,0.093118,0.15
ood-s_chopped,SON19,minicube_612_53.25_-6.25,valid_fraction_below_minimum,0.112137,0.15
ood-s_chopped,SON19,minicube_613_53.25_-4.25,valid_fraction_below_minimum,0.089005,0.15
ood-s_chopped,SON19,minicube_614_53.25_-3.75,valid_fraction_below_minimum,0.070398,0.15
ood-s_chopped,SON19,minicube_615_53.25_-3.25,valid_fraction_below_minimum,0.106204,0.15
ood-s_chopped,SON19,minicube_618_53.25_6.05,valid_fraction_below_minimum,0.063873,0.15
ood-s_chopped,SON19,minicube_619_53.25_6.55,valid_fraction_below_minimum,0.137311,0.15
ood-s_chopped,SON19,minicube_622_53.25_8.05,valid_fraction_below_minimum,0.112262,0.15
ood-s_chopped,SON19,minicube_623_53.25_8.55,valid_fraction_below_minimum,0.09324,0.15
ood-s_chopped,SON19,minicube_624_53.25_9.05,valid_fraction_below_minimum,0.145889,0.15
ood-s_chopped,SON19,minicube_626_53.25_10.05,valid_fraction_below_minimum,0.147839,0.15
ood-s_chopped,SON19,minicube_628_53.25_11.05,valid_fraction_below_minimum,0.13287,0.15
ood-s_chopped,SON19,minicube_630_53.25_12.05,valid_fraction_below_minimum,0.088672,0.15
ood-s_chopped,SON19,minicube_631_53.25_12.55,valid_fraction_below_minimum,0.116266,0.15
ood-s_chopped,SON19,minicube_637_53.25_15.55,valid_fraction_below_minimum,0.092801,0.15
ood-s_chopped,SON19,minicube_640_53.25_17.05,valid_fraction_below_minimum,0.094266,0.15
ood-s_chopped,SON19,minicube_642_53.25_18.05,valid_fraction_below_minimum,0.079233,0.15
ood-s_chopped,SON19,minicube_643_53.25_18.55,valid_fraction_below_minimum,0.065939,0.15
ood-s_chopped,SON19,minicube_644_53.25_19.05,valid_fraction_below_minimum,0.132452,0.15
ood-s_chopped,SON19,minicube_645_53.25_19.55,valid_fraction_below_minimum,0.065604,0.15
ood-s_chopped,SON19,minicube_656_53.75_-7.75,valid_fraction_below_minimum,0.144534,0.15
ood-s_chopped,SON19,minicube_657_53.75_-7.25,valid_fraction_below_minimum,0.136285,0.15
ood-s_chopped,SON19,minicube_658_53.75_-6.75,valid_fraction_below_minimum,0.100873,0.15
ood-s_chopped,SON19,minicube_660_53.75_-2.25,valid_fraction_below_minimum,0.115112,0.15
ood-s_chopped,SON19,minicube_666_53.75_9.55,valid_fraction_below_minimum,0.097269,0.15
ood-s_chopped,SON19,minicube_667_53.75_10.05,valid_fraction_below_minimum,0.123184,0.15
ood-s_chopped,SON19,minicube_668_53.75_10.55,valid_fraction_below_minimum,0.070587,0.15
ood-s_chopped,SON19,minicube_669_53.75_11.05,valid_fraction_below_minimum,0.110019,0.15
ood-s_chopped,SON19,minicube_670_53.75_11.55,valid_fraction_below_minimum,0.102466,0.15
ood-s_chopped,SON19,minicube_671_53.75_12.05,valid_fraction_below_minimum,0.099524,0.15
ood-s_chopped,SON19,minicube_672_53.75_12.55,valid_fraction_below_minimum,0.092383,0.15
ood-s_chopped,SON19,minicube_673_53.75_13.05,valid_fraction_below_minimum,0.090161,0.15
ood-s_chopped,SON19,minicube_676_53.75_15.55,valid_fraction_below_minimum,0.091245,0.15
ood-s_chopped,SON19,minicube_677_53.75_16.05,valid_fraction_below_minimum,0.099384,0.15
ood-s_chopped,SON19,minicube_678_53.75_16.55,valid_fraction_below_minimum,0.039532,0.15
ood-s_chopped,SON19,minicube_679_53.75_17.05,valid_fraction_below_minimum,0.011728,0.15
ood-s_chopped,SON19,minicube_680_53.75_17.55,valid_fraction_below_minimum,0.071674,0.15
ood-s_chopped,SON19,minicube_681_53.75_18.05,valid_fraction_below_minimum,0.00065,0.15
ood-s_chopped,SON19,minicube_682_53.75_18.55,valid_fraction_below_minimum,0.113818,0.15
ood-s_chopped,SON19,minicube_684_53.75_19.55,valid_fraction_below_minimum,0.140451,0.15
ood-s_chopped,SON19,minicube_685_53.75_20.05,valid_fraction_below_minimum,0.12132,0.15
ood-s_chopped,SON19,minicube_686_53.75_20.55,valid_fraction_below_minimum,0.109308,0.15
ood-s_chopped,SON19,minicube_689_53.75_22.05,valid_fraction_below_minimum,0.084085,0.15
ood-s_chopped,SON19,minicube_696_54.25_-8.25,valid_fraction_below_minimum,0.103027,0.15
ood-s_chopped,SON19,minicube_697_54.25_-7.75,valid_fraction_below_minimum,0.052856,0.15
ood-s_chopped,SON19,minicube_698_54.25_-7.25,valid_fraction_below_minimum,0.085025,0.15
ood-s_chopped,SON19,minicube_699_54.25_-6.75,valid_fraction_below_minimum,0.138422,0.15
ood-s_chopped,SON19,minicube_707_54.25_9.55,valid_fraction_below_minimum,0.136905,0.15
ood-s_chopped,SON19,minicube_709_54.25_10.55,valid_fraction_below_minimum,0.092795,0.15
ood-s_chopped,SON19,minicube_710_54.25_11.05,valid_fraction_below_minimum,0.09599,0.15
ood-s_chopped,SON19,minicube_711_54.25_12.55,valid_fraction_below_minimum,0.021405,0.15
ood-s_chopped,SON19,minicube_712_54.25_16.05,valid_fraction_below_minimum,0.007721,0.15
ood-s_chopped,SON19,minicube_713_54.25_16.55,valid_fraction_below_minimum,0.087454,0.15
ood-s_chopped,SON19,minicube_714_54.25_17.05,valid_fraction_below_minimum,0.007245,0.15
ood-s_chopped,SON19,minicube_715_54.25_17.55,valid_fraction_below_minimum,0.063,0.15
ood-s_chopped,SON19,minicube_716_54.25_18.05,valid_fraction_below_minimum,0.142596,0.15
ood-s_chopped,SON19,minicube_719_54.25_19.55,valid_fraction_below_minimum,0.143201,0.15
ood-s_chopped,SON19,minicube_720_54.25_20.05,valid_fraction_below_minimum,0.109915,0.15
ood-s_chopped,SON19,minicube_721_54.25_20.55,valid_fraction_below_minimum,0.10546,0.15
ood-s_chopped,SON19,minicube_722_54.25_21.05,valid_fraction_below_minimum,0.14332,0.15
ood-s_chopped,SON19,minicube_723_54.25_21.55,valid_fraction_below_minimum,0.100562,0.15
ood-s_chopped,SON19,minicube_724_54.25_22.05,valid_fraction_below_minimum,0.138153,0.15
ood-s_chopped,SON19,minicube_725_54.25_22.55,valid_fraction_below_minimum,0.05733,0.15
ood-s_chopped,SON19,minicube_727_54.25_23.55,valid_fraction_below_minimum,0.131674,0.15
ood-s_chopped,SON19,minicube_728_54.75_-8.25,valid_fraction_below_minimum,0.100674,0.15
ood-s_chopped,SON19,minicube_729_54.75_-7.75,valid_fraction_below_minimum,0.093579,0.15
ood-s_chopped,SON19,minicube_730_54.75_-7.25,valid_fraction_below_minimum,0.079892,0.15
ood-s_chopped,SON19,minicube_731_54.75_-6.75,valid_fraction_below_minimum,0.0535,0.15
ood-s_chopped,SON19,minicube_732_54.75_-6.25,valid_fraction_below_minimum,0.091837,0.15
ood-s_chopped,SON19,minicube_737_54.75_18.05,valid_fraction_below_minimum,0.149869,0.15
ood-s_chopped,SON19,minicube_738_54.75_20.55,valid_fraction_below_minimum,0.005463,0.15
ood-s_chopped,SON19,minicube_739_54.75_21.05,valid_fraction_below_minimum,0.090228,0.15
ood-s_chopped,SON19,minicube_740_54.75_21.55,valid_fraction_below_minimum,0.096921,0.15
ood-s_chopped,SON19,minicube_741_54.75_22.05,valid_fraction_below_minimum,0.082932,0.15
ood-s_chopped,SON19,minicube_742_54.75_22.55,valid_fraction_below_minimum,0.112653,0.15
ood-s_chopped,SON19,minicube_743_54.75_23.05,valid_fraction_below_minimum,0.113211,0.15
ood-s_chopped,SON19,minicube_745_55.25_-7.25,valid_fraction_below_minimum,0.068649,0.15
ood-s_chopped,SON19,minicube_748_55.25_-3.75,valid_fraction_below_minimum,0.062604,0.15
ood-s_chopped,SON19,minicube_749_55.25_-3.25,valid_fraction_below_minimum,0.116711,0.15
ood-s_chopped,SON19,minicube_751_55.25_-2.25,valid_fraction_below_minimum,0.109427,0.15
ood-s_chopped,SON19,minicube_753_55.25_11.55,valid_fraction_below_minimum,0.126947,0.15
ood-s_chopped,SON19,minicube_755_55.25_21.55,valid_fraction_below_minimum,0.117386,0.15
ood-s_chopped,SON19,minicube_756_55.25_22.05,valid_fraction_below_minimum,0.106943,0.15
ood-s_chopped,SON19,minicube_757_55.25_22.55,valid_fraction_below_minimum,0.11691,0.15
ood-s_chopped,SON19,minicube_758_55.25_23.05,valid_fraction_below_minimum,0.10506,0.15
ood-s_chopped,SON19,minicube_759_55.25_23.55,valid_fraction_below_minimum,0.119403,0.15
ood-s_chopped,SON19,minicube_760_55.75_-4.75,valid_fraction_below_minimum,0.06767,0.15
ood-s_chopped,SON19,minicube_761_55.75_-4.25,valid_fraction_below_minimum,0.07681,0.15
ood-s_chopped,SON19,minicube_762_55.75_-3.75,valid_fraction_below_minimum,0.10864,0.15
ood-s_chopped,SON19,minicube_763_55.75_-3.25,valid_fraction_below_minimum,0.148279,0.15
ood-s_chopped,SON19,minicube_765_55.75_8.55,valid_fraction_below_minimum,0.096173,0.15
ood-s_chopped,SON19,minicube_767_55.75_12.05,valid_fraction_below_minimum,0.057693,0.15
ood-s_chopped,SON19,minicube_768_55.75_12.55,valid_fraction_below_minimum,0.120825,0.15
ood-s_chopped,SON19,minicube_769_55.75_13.05,valid_fraction_below_minimum,0.126978,0.15
ood-s_chopped,SON19,minicube_772_55.75_21.55,valid_fraction_below_minimum,0.042279,0.15
ood-s_chopped,SON19,minicube_773_55.75_22.05,valid_fraction_below_minimum,0.093204,0.15
ood-s_chopped,SON19,minicube_774_55.75_22.55,valid_fraction_below_minimum,0.06358,0.15
ood-s_chopped,SON19,minicube_775_55.75_23.05,valid_fraction_below_minimum,0.084439,0.15
ood-s_chopped,SON19,minicube_776_55.75_23.55,valid_fraction_below_minimum,0.126813,0.15
ood-s_chopped,SON19,minicube_777_56.25_-4.75,valid_fraction_below_minimum,0.071674,0.15
ood-s_chopped,SON19,minicube_778_56.25_-4.25,valid_fraction_below_minimum,0.09332,0.15
ood-s_chopped,SON19,minicube_781_56.25_-2.75,valid_fraction_below_minimum,0.130331,0.15
ood-s_chopped,SON19,minicube_782_56.25_8.55,valid_fraction_below_minimum,0.045245,0.15
ood-s_chopped,SON19,minicube_783_56.25_13.05,valid_fraction_below_minimum,0.06889,0.15
ood-s_chopped,SON19,minicube_789_56.25_21.55,valid_fraction_below_minimum,0.134302,0.15
ood-s_chopped,SON19,minicube_790_56.25_22.05,valid_fraction_below_minimum,0.145303,0.15
ood-s_chopped,SON19,minicube_794_56.75_-5.75,valid_fraction_below_minimum,0.028519,0.15
ood-s_chopped,SON19,minicube_795_56.75_-5.25,valid_fraction_below_minimum,0.026968,0.15
ood-s_chopped,SON19,minicube_796_56.75_-4.75,valid_fraction_below_minimum,0.049661,0.15
ood-s_chopped,SON19,minicube_797_56.75_-4.25,valid_fraction_below_minimum,0.002399,0.15
ood-s_chopped,SON19,minicube_798_56.75_-3.75,valid_fraction_below_minimum,0.138751,0.15
ood-s_chopped,SON19,minicube_799_56.75_-3.25,valid_fraction_below_minimum,0.003668,0.15
ood-s_chopped,SON19,minicube_801_56.75_8.55,valid_fraction_below_minimum,0.078308,0.15
ood-s_chopped,SON19,minicube_804_56.75_13.05,valid_fraction_below_minimum,0.059961,0.15
ood-s_chopped,SON19,minicube_805_56.75_13.55,valid_fraction_below_minimum,0.099084,0.15
ood-s_chopped,SON19,minicube_806_56.75_14.05,valid_fraction_below_minimum,0.14407,0.15
ood-s_chopped,SON19,minicube_807_56.75_14.55,valid_fraction_below_minimum,0.14241,0.15
ood-s_chopped,SON19,minicube_80_41.25_16.05,valid_fraction_below_minimum,0.090695,0.15
ood-s_chopped,SON19,minicube_811_56.75_21.55,valid_fraction_below_minimum,0.092084,0.15
ood-s_chopped,SON19,minicube_812_56.75_22.05,valid_fraction_below_minimum,0.109042,0.15
ood-s_chopped,SON19,minicube_814_56.75_23.05,valid_fraction_below_minimum,0.13916,0.15
ood-s_chopped,SON19,minicube_815_56.75_23.55,valid_fraction_below_minimum,0.115717,0.15
ood-s_chopped,SON19,minicube_816_57.25_-5.75,valid_fraction_below_minimum,0.064667,0.15
ood-s_chopped,SON19,minicube_817_57.25_-5.25,valid_fraction_below_minimum,0.035281,0.15
ood-s_chopped,SON19,minicube_818_57.25_-4.75,valid_fraction_below_minimum,0.009897,0.15
ood-s_chopped,SON19,minicube_819_57.25_-4.25,valid_fraction_below_minimum,0.06366,0.15
ood-s_chopped,SON19,minicube_820_57.25_-3.75,valid_fraction_below_minimum,0.076181,0.15
ood-s_chopped,SON19,minicube_821_57.25_-3.25,valid_fraction_below_minimum,0.019177,0.15
ood-s_chopped,SON19,minicube_822_57.25_-2.75,valid_fraction_below_minimum,0.118027,0.15
ood-s_chopped,SON19,minicube_824_57.25_12.55,valid_fraction_below_minimum,0.105756,0.15
ood-s_chopped,SON19,minicube_825_57.25_14.05,valid_fraction_below_minimum,0.129724,0.15
ood-s_chopped,SON19,minicube_826_57.25_14.55,valid_fraction_below_minimum,0.069806,0.15
ood-s_chopped,SON19,minicube_829_57.25_22.05,valid_fraction_below_minimum,0.074606,0.15
ood-s_chopped,SON19,minicube_830_57.25_22.55,valid_fraction_below_minimum,0.092279,0.15
ood-s_chopped,SON19,minicube_831_57.25_23.05,valid_fraction_below_minimum,0.116312,0.15
ood-s_chopped,SON19,minicube_832_57.75_-5.25,valid_fraction_below_minimum,0.051843,0.15
ood-s_chopped,SON19,minicube_833_57.75_-4.75,valid_fraction_below_minimum,0.06886,0.15
ood-s_chopped,SON19,minicube_834_57.75_-4.25,valid_fraction_below_minimum,0.061072,0.15
ood-s_chopped,SON19,minicube_835_57.75_14.05,valid_fraction_below_minimum,0.111377,0.15
ood-s_chopped,SON19,minicube_836_58.25_-4.75,valid_fraction_below_minimum,0.098325,0.15
ood-s_chopped,SON19,minicube_838_58.25_-3.75,valid_fraction_below_minimum,0.117612,0.15
ood-s_chopped,SON19,minicube_842_58.25_14.05,valid_fraction_below_minimum,0.119882,0.15
ood-s_chopped,SON19,minicube_843_58.75_6.05,valid_fraction_below_minimum,0.042282,0.15
ood-s_chopped,SON19,minicube_845_58.75_7.05,valid_fraction_below_minimum,0.060538,0.15
ood-s_chopped,SON19,minicube_848_58.75_8.55,valid_fraction_below_minimum,0.017398,0.15
ood-s_chopped,SON19,minicube_851_59.25_6.05,valid_fraction_below_minimum,0.138727,0.15
ood-s_chopped,SON19,minicube_852_59.25_6.55,valid_fraction_below_minimum,0.066077,0.15
ood-s_chopped,SON19,minicube_854_59.25_16.05,valid_fraction_below_minimum,0.065237,0.15
ood-s_chopped,SON19,minicube_855_59.75_6.05,valid_fraction_below_minimum,0.123633,0.15
ood-s_chopped,SON19,minicube_856_59.75_6.55,valid_fraction_below_minimum,0.068225,0.15
ood-s_chopped,SON19,minicube_857_59.75_10.05,valid_fraction_below_minimum,0.108603,0.15
ood-s_chopped,SON19,minicube_858_59.75_16.05,valid_fraction_below_minimum,0.011801,0.15
ood-s_chopped,SON19,minicube_860_60.25_7.05,valid_fraction_below_minimum,0.008636,0.15
ood-s_chopped,SON19,minicube_861_60.25_7.55,valid_fraction_below_minimum,0.028845,0.15
ood-s_chopped,SON19,minicube_862_60.25_10.05,valid_fraction_below_minimum,0.053915,0.15
ood-s_chopped,SON19,minicube_863_60.25_10.55,valid_fraction_below_minimum,0.144617,0.15
ood-s_chopped,SON19,minicube_865_60.25_22.55,valid_fraction_below_minimum,0.114453,0.15
ood-s_chopped,SON19,minicube_866_60.25_23.05,valid_fraction_below_minimum,0.148819,0.15
ood-s_chopped,SON19,minicube_868_60.75_5.55,valid_fraction_below_minimum,0.042456,0.15
ood-s_chopped,SON19,minicube_870_60.75_7.55,valid_fraction_below_minimum,0.017929,0.15
ood-s_chopped,SON19,minicube_874_60.75_9.55,valid_fraction_below_minimum,0.10686,0.15
ood-s_chopped,SON19,minicube_875_60.75_10.05,valid_fraction_below_minimum,0.11749,0.15
ood-s_chopped,SON19,minicube_876_60.75_10.55,valid_fraction_below_minimum,0.144705,0.15
ood-s_chopped,SON19,minicube_878_60.75_22.05,valid_fraction_below_minimum,0.087308,0.15
ood-s_chopped,SON19,minicube_879_60.75_22.55,valid_fraction_below_minimum,0.094031,0.15
ood-s_chopped,SON19,minicube_887_61.25_7.55,valid_fraction_below_minimum,0.004892,0.15
ood-s_chopped,SON19,minicube_889_61.25_8.55,valid_fraction_below_minimum,0.144055,0.15
ood-s_chopped,SON19,minicube_893_61.25_13.55,valid_fraction_below_minimum,0.033838,0.15
ood-st_chopped,JAS21,minicube_267_46.75_9.05,valid_fraction_below_minimum,0.095953,0.15
ood-st_chopped,JAS21,minicube_323_48.25_15.55,valid_fraction_below_minimum,0.143823,0.15
ood-st_chopped,JAS21,minicube_328_48.75_-3.25,valid_fraction_below_minimum,0.053653,0.15
ood-st_chopped,JAS21,minicube_330_48.75_2.05,valid_fraction_below_minimum,0.060373,0.15
ood-st_chopped,JAS21,minicube_331_48.75_2.55,valid_fraction_below_minimum,0.129214,0.15
ood-st_chopped,JAS21,minicube_347_48.75_15.05,valid_fraction_below_minimum,0.128934,0.15
ood-st_chopped,JAS21,minicube_348_48.75_15.55,valid_fraction_below_minimum,0.109067,0.15
ood-st_chopped,JAS21,minicube_363_49.25_2.55,valid_fraction_below_minimum,0.058054,0.15
ood-st_chopped,JAS21,minicube_418_49.75_12.55,valid_fraction_below_minimum,0.142453,0.15
ood-st_chopped,JAS21,minicube_431_50.25_2.05,valid_fraction_below_minimum,0.122507,0.15
ood-st_chopped,JAS21,minicube_434_50.25_5.05,valid_fraction_below_minimum,0.109601,0.15
ood-st_chopped,JAS21,minicube_449_50.25_17.55,valid_fraction_below_minimum,0.132913,0.15
ood-st_chopped,JAS21,minicube_480_50.75_17.05,valid_fraction_below_minimum,0.145905,0.15
ood-st_chopped,JAS21,minicube_496_51.25_0.09,valid_fraction_below_minimum,0.072308,0.15
ood-st_chopped,JAS21,minicube_498_51.25_1.05,valid_fraction_below_minimum,0.146768,0.15
ood-st_chopped,JAS21,minicube_499_51.25_5.05,valid_fraction_below_minimum,0.064157,0.15
ood-st_chopped,JAS21,minicube_515_51.75_-8.75,valid_fraction_below_minimum,0.147598,0.15
ood-st_chopped,JAS21,minicube_517_51.75_-4.25,valid_fraction_below_minimum,0.137186,0.15
ood-st_chopped,JAS21,minicube_519_51.75_-0.75,valid_fraction_below_minimum,0.13147,0.15
ood-st_chopped,JAS21,minicube_524_51.75_5.55,valid_fraction_below_minimum,0.128073,0.15
ood-st_chopped,JAS21,minicube_525_51.75_6.05,valid_fraction_below_minimum,0.059778,0.15
ood-st_chopped,JAS21,minicube_542_52.25_-8.25,valid_fraction_below_minimum,0.142285,0.15
ood-st_chopped,JAS21,minicube_546_52.25_-3.75,valid_fraction_below_minimum,0.107306,0.15
ood-st_chopped,JAS21,minicube_548_52.25_-2.75,valid_fraction_below_minimum,0.145126,0.15
ood-st_chopped,JAS21,minicube_554_52.25_5.55,valid_fraction_below_minimum,0.128864,0.15
ood-st_chopped,JAS21,minicube_555_52.25_6.05,valid_fraction_below_minimum,0.14371,0.15
ood-st_chopped,JAS21,minicube_556_52.25_6.55,valid_fraction_below_minimum,0.118793,0.15
ood-st_chopped,JAS21,minicube_580_52.75_-2.25,valid_fraction_below_minimum,0.117627,0.15
ood-st_chopped,JAS21,minicube_582_52.75_1.05,valid_fraction_below_minimum,0.080206,0.15
ood-st_chopped,JAS21,minicube_583_52.75_5.05,valid_fraction_below_minimum,0.054495,0.15
ood-st_chopped,JAS21,minicube_584_52.75_6.05,valid_fraction_below_minimum,0.135574,0.15
ood-st_chopped,JAS21,minicube_587_52.75_7.55,valid_fraction_below_minimum,0.102411,0.15
ood-st_chopped,JAS21,minicube_591_52.75_13.05,valid_fraction_below_minimum,0.130481,0.15
ood-st_chopped,JAS21,minicube_613_53.25_-4.25,valid_fraction_below_minimum,0.134912,0.15
ood-st_chopped,JAS21,minicube_615_53.25_-3.25,valid_fraction_below_minimum,0.108636,0.15
ood-st_chopped,JAS21,minicube_616_53.25_-2.75,valid_fraction_below_minimum,0.14462,0.15
ood-st_chopped,JAS21,minicube_618_53.25_6.05,valid_fraction_below_minimum,0.078467,0.15
ood-st_chopped,JAS21,minicube_619_53.25_6.55,valid_fraction_below_minimum,0.131238,0.15
ood-st_chopped,JAS21,minicube_623_53.25_8.55,valid_fraction_below_minimum,0.120685,0.15
ood-st_chopped,JAS21,minicube_635_53.25_14.55,valid_fraction_below_minimum,0.113419,0.15
ood-st_chopped,JAS21,minicube_661_53.75_-1.75,valid_fraction_below_minimum,0.141135,0.15
ood-st_chopped,JAS21,minicube_662_53.75_-1.25,valid_fraction_below_minimum,0.143732,0.15
ood-st_chopped,JAS21,minicube_663_53.75_-0.75,valid_fraction_below_minimum,0.112344,0.15
ood-st_chopped,JAS21,minicube_669_53.75_11.05,valid_fraction_below_minimum,0.147455,0.15
ood-st_chopped,JAS21,minicube_678_53.75_16.55,valid_fraction_below_minimum,0.073013,0.15
ood-st_chopped,JAS21,minicube_700_54.25_-6.25,valid_fraction_below_minimum,0.135065,0.15
ood-st_chopped,JAS21,minicube_704_54.25_-1.25,valid_fraction_below_minimum,0.120743,0.15
ood-st_chopped,JAS21,minicube_705_54.25_-0.75,valid_fraction_below_minimum,0.123877,0.15
ood-st_chopped,JAS21,minicube_706_54.25_9.05,valid_fraction_below_minimum,0.066284,0.15
ood-st_chopped,JAS21,minicube_709_54.25_10.55,valid_fraction_below_minimum,0.119162,0.15
ood-st_chopped,JAS21,minicube_711_54.25_12.55,valid_fraction_below_minimum,0.052487,0.15
ood-st_chopped,JAS21,minicube_728_54.75_-8.25,valid_fraction_below_minimum,0.080341,0.15
ood-st_chopped,JAS21,minicube_729_54.75_-7.75,valid_fraction_below_minimum,0.066141,0.15
ood-st_chopped,JAS21,minicube_730_54.75_-7.25,valid_fraction_below_minimum,0.050311,0.15
ood-st_chopped,JAS21,minicube_733_54.75_-3.25,valid_fraction_below_minimum,0.14762,0.15
ood-st_chopped,JAS21,minicube_735_54.75_-2.25,valid_fraction_below_minimum,0.125729,0.15
ood-st_chopped,JAS21,minicube_736_54.75_-1.75,valid_fraction_below_minimum,0.146722,0.15
ood-st_chopped,JAS21,minicube_738_54.75_20.55,valid_fraction_below_minimum,0.04776,0.15
ood-st_chopped,JAS21,minicube_748_55.25_-3.75,valid_fraction_below_minimum,0.127097,0.15
ood-st_chopped,JAS21,minicube_752_55.25_-1.75,valid_fraction_below_minimum,0.111685,0.15
ood-st_chopped,JAS21,minicube_760_55.75_-4.75,valid_fraction_below_minimum,0.042706,0.15
ood-st_chopped,JAS21,minicube_762_55.75_-3.75,valid_fraction_below_minimum,0.14938,0.15
ood-st_chopped,JAS21,minicube_763_55.75_-3.25,valid_fraction_below_minimum,0.098798,0.15
ood-st_chopped,JAS21,minicube_767_55.75_12.05,valid_fraction_below_minimum,0.09697,0.15
ood-st_chopped,JAS21,minicube_777_56.25_-4.75,valid_fraction_below_minimum,0.022745,0.15
ood-st_chopped,JAS21,minicube_778_56.25_-4.25,valid_fraction_below_minimum,0.146628,0.15
ood-st_chopped,JAS21,minicube_786_56.25_14.55,valid_fraction_below_minimum,0.121442,0.15
ood-st_chopped,JAS21,minicube_794_56.75_-5.75,valid_fraction_below_minimum,0.015643,0.15
ood-st_chopped,JAS21,minicube_795_56.75_-5.25,valid_fraction_below_minimum,0.038477,0.15
ood-st_chopped,JAS21,minicube_796_56.75_-4.75,valid_fraction_below_minimum,0.096338,0.15
ood-st_chopped,JAS21,minicube_798_56.75_-3.75,valid_fraction_below_minimum,0.118546,0.15
ood-st_chopped,JAS21,minicube_799_56.75_-3.25,valid_fraction_below_minimum,0.122018,0.15
ood-st_chopped,JAS21,minicube_801_56.75_8.55,valid_fraction_below_minimum,0.094397,0.15
ood-st_chopped,JAS21,minicube_804_56.75_13.05,valid_fraction_below_minimum,0.135828,0.15
ood-st_chopped,JAS21,minicube_805_56.75_13.55,valid_fraction_below_minimum,0.110095,0.15
ood-st_chopped,JAS21,minicube_809_56.75_15.55,valid_fraction_below_minimum,0.144708,0.15
ood-st_chopped,JAS21,minicube_80_41.25_16.05,valid_fraction_below_minimum,0.138062,0.15
ood-st_chopped,JAS21,minicube_816_57.25_-5.75,valid_fraction_below_minimum,0.08504,0.15
ood-st_chopped,JAS21,minicube_817_57.25_-5.25,valid_fraction_below_minimum,0.082483,0.15
ood-st_chopped,JAS21,minicube_818_57.25_-4.75,valid_fraction_below_minimum,0.055957,0.15
ood-st_chopped,JAS21,minicube_820_57.25_-3.75,valid_fraction_below_minimum,0.148679,0.15
ood-st_chopped,JAS21,minicube_821_57.25_-3.25,valid_fraction_below_minimum,0.138962,0.15
ood-st_chopped,JAS21,minicube_824_57.25_12.55,valid_fraction_below_minimum,0.146808,0.15
ood-st_chopped,JAS21,minicube_825_57.25_14.05,valid_fraction_below_minimum,0.085999,0.15
ood-st_chopped,JAS21,minicube_826_57.25_14.55,valid_fraction_below_minimum,0.113031,0.15
ood-st_chopped,JAS21,minicube_832_57.75_-5.25,valid_fraction_below_minimum,0.075183,0.15
ood-st_chopped,JAS21,minicube_833_57.75_-4.75,valid_fraction_below_minimum,0.087274,0.15
ood-st_chopped,JAS21,minicube_834_57.75_-4.25,valid_fraction_below_minimum,0.036661,0.15
ood-st_chopped,JAS21,minicube_835_57.75_14.05,valid_fraction_below_minimum,0.101218,0.15
ood-st_chopped,JAS21,minicube_836_58.25_-4.75,valid_fraction_below_minimum,0.063293,0.15
ood-st_chopped,JAS21,minicube_838_58.25_-3.75,valid_fraction_below_minimum,0.035339,0.15
ood-st_chopped,JAS21,minicube_848_58.75_8.55,valid_fraction_below_minimum,0.040112,0.15
ood-st_chopped,JAS21,minicube_854_59.25_16.05,valid_fraction_below_minimum,0.099088,0.15
ood-st_chopped,JAS21,minicube_855_59.75_6.05,valid_fraction_below_minimum,0.130975,0.15
ood-st_chopped,JAS21,minicube_856_59.75_6.55,valid_fraction_below_minimum,0.082669,0.15
ood-st_chopped,JAS21,minicube_858_59.75_16.05,valid_fraction_below_minimum,0.033441,0.15
ood-st_chopped,JAS21,minicube_860_60.25_7.05,valid_fraction_below_minimum,0.048599,0.15
ood-st_chopped,JAS21,minicube_861_60.25_7.55,valid_fraction_below_minimum,0.105951,0.15
ood-st_chopped,JAS21,minicube_868_60.75_5.55,valid_fraction_below_minimum,0.05961,0.15
ood-st_chopped,JAS21,minicube_870_60.75_7.55,valid_fraction_below_minimum,0.064783,0.15
ood-st_chopped,JAS21,minicube_887_61.25_7.55,valid_fraction_below_minimum,0.030179,0.15
ood-st_chopped,JAS21,minicube_898_61.25_16.05,valid_fraction_below_minimum,0.124414,0.15
ood-st_chopped,JAS22,minicube_328_48.75_-3.25,valid_fraction_below_minimum,0.064526,0.15
ood-st_chopped,JAS22,minicube_330_48.75_2.05,valid_fraction_below_minimum,0.104932,0.15
ood-st_chopped,JAS22,minicube_363_49.25_2.55,valid_fraction_below_minimum,0.094757,0.15
ood-st_chopped,JAS22,minicube_384_49.25_13.05,valid_fraction_below_minimum,0.145529,0.15
ood-st_chopped,JAS22,minicube_451_50.25_18.55,valid_fraction_below_minimum,0.149786,0.15
ood-st_chopped,JAS22,minicube_477_50.75_13.05,valid_fraction_below_minimum,0.09397,0.15
ood-st_chopped,JAS22,minicube_495_51.25_-0.25,valid_fraction_below_minimum,0.118021,0.15
ood-st_chopped,JAS22,minicube_496_51.25_0.09,valid_fraction_below_minimum,0.063309,0.15
ood-st_chopped,JAS22,minicube_497_51.25_0.55,valid_fraction_below_minimum,0.145905,0.15
ood-st_chopped,JAS22,minicube_513_51.25_23.05,valid_fraction_below_minimum,0.148013,0.15
ood-st_chopped,JAS22,minicube_520_51.75_-0.25,valid_fraction_below_minimum,0.052832,0.15
ood-st_chopped,JAS22,minicube_521_51.75_0.09,valid_fraction_below_minimum,0.103448,0.15
ood-st_chopped,JAS22,minicube_522_51.75_0.55,valid_fraction_below_minimum,0.137131,0.15
ood-st_chopped,JAS22,minicube_542_52.25_-8.25,valid_fraction_below_minimum,0.12085,0.15
ood-st_chopped,JAS22,minicube_543_52.25_-7.75,valid_fraction_below_minimum,0.054291,0.15
ood-st_chopped,JAS22,minicube_544_52.25_-7.25,valid_fraction_below_minimum,0.122461,0.15
ood-st_chopped,JAS22,minicube_545_52.25_-6.75,valid_fraction_below_minimum,0.122021,0.15
ood-st_chopped,JAS22,minicube_547_52.25_-3.25,valid_fraction_below_minimum,0.144812,0.15
ood-st_chopped,JAS22,minicube_550_52.25_0.55,valid_fraction_below_minimum,0.13183,0.15
ood-st_chopped,JAS22,minicube_551_52.25_1.05,valid_fraction_below_minimum,0.108752,0.15
ood-st_chopped,JAS22,minicube_573_52.75_-8.25,valid_fraction_below_minimum,0.10582,0.15
ood-st_chopped,JAS22,minicube_574_52.75_-7.75,valid_fraction_below_minimum,0.112134,0.15
ood-st_chopped,JAS22,minicube_576_52.75_-6.75,valid_fraction_below_minimum,0.078937,0.15
ood-st_chopped,JAS22,minicube_577_52.75_-3.75,valid_fraction_below_minimum,0.142902,0.15
ood-st_chopped,JAS22,minicube_580_52.75_-2.25,valid_fraction_below_minimum,0.125592,0.15
ood-st_chopped,JAS22,minicube_581_52.75_0.55,valid_fraction_below_minimum,0.112817,0.15
ood-st_chopped,JAS22,minicube_582_52.75_1.05,valid_fraction_below_minimum,0.102963,0.15
ood-st_chopped,JAS22,minicube_583_52.75_5.05,valid_fraction_below_minimum,0.091922,0.15
ood-st_chopped,JAS22,minicube_608_53.25_-8.25,valid_fraction_below_minimum,0.145975,0.15
ood-st_chopped,JAS22,minicube_609_53.25_-7.75,valid_fraction_below_minimum,0.092068,0.15
ood-st_chopped,JAS22,minicube_610_53.25_-7.25,valid_fraction_below_minimum,0.066116,0.15
ood-st_chopped,JAS22,minicube_612_53.25_-6.25,valid_fraction_below_minimum,0.069299,0.15
ood-st_chopped,JAS22,minicube_617_53.25_-2.25,valid_fraction_below_minimum,0.118817,0.15
ood-st_chopped,JAS22,minicube_626_53.25_10.05,valid_fraction_below_minimum,0.143735,0.15
ood-st_chopped,JAS22,minicube_654_53.75_-8.75,valid_fraction_below_minimum,0.133667,0.15
ood-st_chopped,JAS22,minicube_656_53.75_-7.75,valid_fraction_below_minimum,0.094034,0.15
ood-st_chopped,JAS22,minicube_657_53.75_-7.25,valid_fraction_below_minimum,0.092914,0.15
ood-st_chopped,JAS22,minicube_658_53.75_-6.75,valid_fraction_below_minimum,0.130209,0.15
ood-st_chopped,JAS22,minicube_660_53.75_-2.25,valid_fraction_below_minimum,0.134503,0.15
ood-st_chopped,JAS22,minicube_678_53.75_16.55,valid_fraction_below_minimum,0.103421,0.15
ood-st_chopped,JAS22,minicube_694_54.25_-9.25,valid_fraction_below_minimum,0.127295,0.15
ood-st_chopped,JAS22,minicube_695_54.25_-8.75,valid_fraction_below_minimum,0.105283,0.15
ood-st_chopped,JAS22,minicube_696_54.25_-8.25,valid_fraction_below_minimum,0.105957,0.15
ood-st_chopped,JAS22,minicube_697_54.25_-7.75,valid_fraction_below_minimum,0.135483,0.15
ood-st_chopped,JAS22,minicube_698_54.25_-7.25,valid_fraction_below_minimum,0.079492,0.15
ood-st_chopped,JAS22,minicube_699_54.25_-6.75,valid_fraction_below_minimum,0.120999,0.15
ood-st_chopped,JAS22,minicube_701_54.25_-2.75,valid_fraction_below_minimum,0.142163,0.15
ood-st_chopped,JAS22,minicube_708_54.25_10.05,valid_fraction_below_minimum,0.135992,0.15
ood-st_chopped,JAS22,minicube_711_54.25_12.55,valid_fraction_below_minimum,0.042712,0.15
ood-st_chopped,JAS22,minicube_728_54.75_-8.25,valid_fraction_below_minimum,0.135233,0.15
ood-st_chopped,JAS22,minicube_729_54.75_-7.75,valid_fraction_below_minimum,0.116156,0.15
ood-st_chopped,JAS22,minicube_730_54.75_-7.25,valid_fraction_below_minimum,0.122784,0.15
ood-st_chopped,JAS22,minicube_731_54.75_-6.75,valid_fraction_below_minimum,0.100687,0.15
ood-st_chopped,JAS22,minicube_732_54.75_-6.25,valid_fraction_below_minimum,0.086987,0.15
ood-st_chopped,JAS22,minicube_733_54.75_-3.25,valid_fraction_below_minimum,0.123386,0.15
ood-st_chopped,JAS22,minicube_738_54.75_20.55,valid_fraction_below_minimum,0.035446,0.15
ood-st_chopped,JAS22,minicube_745_55.25_-7.25,valid_fraction_below_minimum,0.091513,0.15
ood-st_chopped,JAS22,minicube_746_55.25_-4.75,valid_fraction_below_minimum,0.117783,0.15
ood-st_chopped,JAS22,minicube_748_55.25_-3.75,valid_fraction_below_minimum,0.125366,0.15
ood-st_chopped,JAS22,minicube_760_55.75_-4.75,valid_fraction_below_minimum,0.063297,0.15
ood-st_chopped,JAS22,minicube_763_55.75_-3.25,valid_fraction_below_minimum,0.144135,0.15
ood-st_chopped,JAS22,minicube_777_56.25_-4.75,valid_fraction_below_minimum,0.050308,0.15
ood-st_chopped,JAS22,minicube_778_56.25_-4.25,valid_fraction_below_minimum,0.112671,0.15
ood-st_chopped,JAS22,minicube_779_56.25_-3.75,valid_fraction_below_minimum,0.083377,0.15
ood-st_chopped,JAS22,minicube_794_56.75_-5.75,valid_fraction_below_minimum,0.030389,0.15
ood-st_chopped,JAS22,minicube_795_56.75_-5.25,valid_fraction_below_minimum,0.053128,0.15
ood-st_chopped,JAS22,minicube_796_56.75_-4.75,valid_fraction_below_minimum,0.101007,0.15
ood-st_chopped,JAS22,minicube_797_56.75_-4.25,valid_fraction_below_minimum,0.050812,0.15
ood-st_chopped,JAS22,minicube_798_56.75_-3.75,valid_fraction_below_minimum,0.117386,0.15
ood-st_chopped,JAS22,minicube_799_56.75_-3.25,valid_fraction_below_minimum,0.103076,0.15
ood-st_chopped,JAS22,minicube_801_56.75_8.55,valid_fraction_below_minimum,0.084341,0.15
ood-st_chopped,JAS22,minicube_805_56.75_13.55,valid_fraction_below_minimum,0.144946,0.15
ood-st_chopped,JAS22,minicube_80_41.25_16.05,valid_fraction_below_minimum,0.10275,0.15
ood-st_chopped,JAS22,minicube_817_57.25_-5.25,valid_fraction_below_minimum,0.107877,0.15
ood-st_chopped,JAS22,minicube_818_57.25_-4.75,valid_fraction_below_minimum,0.105484,0.15
ood-st_chopped,JAS22,minicube_819_57.25_-4.25,valid_fraction_below_minimum,0.037375,0.15
ood-st_chopped,JAS22,minicube_820_57.25_-3.75,valid_fraction_below_minimum,0.007248,0.15
ood-st_chopped,JAS22,minicube_821_57.25_-3.25,valid_fraction_below_minimum,0.079959,0.15
ood-st_chopped,JAS22,minicube_826_57.25_14.55,valid_fraction_below_minimum,0.115799,0.15
ood-st_chopped,JAS22,minicube_832_57.75_-5.25,valid_fraction_below_minimum,0.13624,0.15
ood-st_chopped,JAS22,minicube_833_57.75_-4.75,valid_fraction_below_minimum,0.078516,0.15
ood-st_chopped,JAS22,minicube_836_58.25_-4.75,valid_fraction_below_minimum,0.11138,0.15
ood-st_chopped,JAS22,minicube_837_58.25_-4.25,valid_fraction_below_minimum,0.060107,0.15
ood-st_chopped,JAS22,minicube_838_58.25_-3.75,valid_fraction_below_minimum,0.084027,0.15
ood-st_chopped,JAS22,minicube_848_58.75_8.55,valid_fraction_below_minimum,0.031277,0.15
ood-st_chopped,JAS22,minicube_854_59.25_16.05,valid_fraction_below_minimum,0.107443,0.15
ood-st_chopped,JAS22,minicube_855_59.75_6.05,valid_fraction_below_minimum,0.091312,0.15
ood-st_chopped,JAS22,minicube_856_59.75_6.55,valid_fraction_below_minimum,0.046725,0.15
ood-st_chopped,JAS22,minicube_858_59.75_16.05,valid_fraction_below_minimum,0.028546,0.15
ood-st_chopped,JAS22,minicube_860_60.25_7.05,valid_fraction_below_minimum,0.041501,0.15
ood-st_chopped,JAS22,minicube_861_60.25_7.55,valid_fraction_below_minimum,0.10484,0.15
ood-st_chopped,JAS22,minicube_868_60.75_5.55,valid_fraction_below_minimum,0.050504,0.15
ood-st_chopped,JAS22,minicube_870_60.75_7.55,valid_fraction_below_minimum,0.05553,0.15
ood-st_chopped,JAS22,minicube_872_60.75_8.55,valid_fraction_below_minimum,0.147104,0.15
ood-st_chopped,JAS22,minicube_874_60.75_9.55,valid_fraction_below_minimum,0.137158,0.15
ood-st_chopped,JAS22,minicube_875_60.75_10.05,valid_fraction_below_minimum,0.118829,0.15
ood-st_chopped,JAS22,minicube_887_61.25_7.55,valid_fraction_below_minimum,0.029736,0.15
ood-st_chopped,JAS22,minicube_889_61.25_8.55,valid_fraction_below_minimum,0.131064,0.15
ood-st_chopped,JAS22,minicube_890_61.25_9.05,valid_fraction_below_minimum,0.129752,0.15
ood-st_chopped,JAS22,minicube_893_61.25_13.55,valid_fraction_below_minimum,0.068658,0.15
ood-st_chopped,MAM21,minicube_176_45.25_6.55,valid_fraction_below_minimum,0.136777,0.15
ood-st_chopped,MAM21,minicube_203_45.75_7.55,valid_fraction_below_minimum,0.122894,0.15
ood-st_chopped,MAM21,minicube_237_46.25_8.05,valid_fraction_below_minimum,0.144696,0.15
ood-st_chopped,MAM21,minicube_256_46.25_23.05,valid_fraction_below_minimum,0.130042,0.15
ood-st_chopped,MAM21,minicube_257_46.25_23.55,valid_fraction_below_minimum,0.030685,0.15
ood-st_chopped,MAM21,minicube_266_46.75_8.55,valid_fraction_below_minimum,0.082254,0.15
ood-st_chopped,MAM21,minicube_267_46.75_9.05,valid_fraction_below_minimum,0.037643,0.15
ood-st_chopped,MAM21,minicube_268_46.75_9.55,valid_fraction_below_minimum,0.093726,0.15
ood-st_chopped,MAM21,minicube_270_46.75_14.05,valid_fraction_below_minimum,0.023309,0.15
ood-st_chopped,MAM21,minicube_285_47.25_8.55,valid_fraction_below_minimum,0.024619,0.15
ood-st_chopped,MAM21,minicube_287_47.25_9.55,valid_fraction_below_minimum,0.092773,0.15
ood-st_chopped,MAM21,minicube_324_48.25_19.55,valid_fraction_below_minimum,0.13844,0.15
ood-st_chopped,MAM21,minicube_328_48.75_-3.25,valid_fraction_below_minimum,0.059201,0.15
ood-st_chopped,MAM21,minicube_330_48.75_2.05,valid_fraction_below_minimum,0.055905,0.15
ood-st_chopped,MAM21,minicube_331_48.75_2.55,valid_fraction_below_minimum,0.12738,0.15
ood-st_chopped,MAM21,minicube_344_48.75_13.55,valid_fraction_below_minimum,0.087573,0.15
ood-st_chopped,MAM21,minicube_363_49.25_2.55,valid_fraction_below_minimum,0.055597,0.15
ood-st_chopped,MAM21,minicube_392_49.25_21.55,valid_fraction_below_minimum,0.145197,0.15
ood-st_chopped,MAM21,minicube_393_49.25_22.05,valid_fraction_below_minimum,0.128769,0.15
ood-st_chopped,MAM21,minicube_420_49.75_18.55,valid_fraction_below_minimum,0.122229,0.15
ood-st_chopped,MAM21,minicube_454_50.25_20.05,valid_fraction_below_minimum,0.090588,0.15
ood-st_chopped,MAM21,minicube_459_50.25_22.55,valid_fraction_below_minimum,0.107303,0.15
ood-st_chopped,MAM21,minicube_496_51.25_0.09,valid_fraction_below_minimum,0.096692,0.15
ood-st_chopped,MAM21,minicube_513_51.25_23.05,valid_fraction_below_minimum,0.127228,0.15
ood-st_chopped,MAM21,minicube_525_51.75_6.05,valid_fraction_below_minimum,0.092548,0.15
ood-st_chopped,MAM21,minicube_526_51.75_14.05,valid_fraction_below_minimum,0.081262,0.15
ood-st_chopped,MAM21,minicube_536_51.75_22.05,valid_fraction_below_minimum,0.132184,0.15
ood-st_chopped,MAM21,minicube_544_52.25_-7.25,valid_fraction_below_minimum,0.140186,0.15
ood-st_chopped,MAM21,minicube_545_52.25_-6.75,valid_fraction_below_minimum,0.138107,0.15
ood-st_chopped,MAM21,minicube_580_52.75_-2.25,valid_fraction_below_minimum,0.141492,0.15
ood-st_chopped,MAM21,minicube_583_52.75_5.05,valid_fraction_below_minimum,0.092596,0.15
ood-st_chopped,MAM21,minicube_591_52.75_13.05,valid_fraction_below_minimum,0.091312,0.15
ood-st_chopped,MAM21,minicube_620_53.25_7.05,valid_fraction_below_minimum,0.131433,0.15
ood-st_chopped,MAM21,minicube_642_53.25_18.05,valid_fraction_below_minimum,0.144281,0.15
ood-st_chopped,MAM21,minicube_656_53.75_-7.75,valid_fraction_below_minimum,0.12912,0.15
ood-st_chopped,MAM21,minicube_678_53.75_16.55,valid_fraction_below_minimum,0.119827,0.15
ood-st_chopped,MAM21,minicube_711_54.25_12.55,valid_fraction_below_minimum,0.061035,0.15
ood-st_chopped,MAM21,minicube_721_54.25_20.55,valid_fraction_below_minimum,0.143063,0.15
ood-st_chopped,MAM21,minicube_733_54.75_-3.25,valid_fraction_below_minimum,0.117731,0.15
ood-st_chopped,MAM21,minicube_738_54.75_20.55,valid_fraction_below_minimum,0.047687,0.15
ood-st_chopped,MAM21,minicube_760_55.75_-4.75,valid_fraction_below_minimum,0.144608,0.15
ood-st_chopped,MAM21,minicube_777_56.25_-4.75,valid_fraction_below_minimum,0.123044,0.15
ood-st_chopped,MAM21,minicube_794_56.75_-5.75,valid_fraction_below_minimum,0.053513,0.15
ood-st_chopped,MAM21,minicube_795_56.75_-5.25,valid_fraction_below_minimum,0.10246,0.15
ood-st_chopped,MAM21,minicube_798_56.75_-3.75,valid_fraction_below_minimum,0.147882,0.15
ood-st_chopped,MAM21,minicube_801_56.75_8.55,valid_fraction_below_minimum,0.139603,0.15
ood-st_chopped,MAM21,minicube_80_41.25_16.05,valid_fraction_below_minimum,0.091898,0.15
ood-st_chopped,MAM21,minicube_818_57.25_-4.75,valid_fraction_below_minimum,0.110635,0.15
ood-st_chopped,MAM21,minicube_819_57.25_-4.25,valid_fraction_below_minimum,0.03671,0.15
ood-st_chopped,MAM21,minicube_821_57.25_-3.25,valid_fraction_below_minimum,0.084631,0.15
ood-st_chopped,MAM21,minicube_826_57.25_14.55,valid_fraction_below_minimum,0.115414,0.15
ood-st_chopped,MAM21,minicube_832_57.75_-5.25,valid_fraction_below_minimum,0.1392,0.15
ood-st_chopped,MAM21,minicube_837_58.25_-4.25,valid_fraction_below_minimum,0.146207,0.15
ood-st_chopped,MAM21,minicube_843_58.75_6.05,valid_fraction_below_minimum,0.142429,0.15
ood-st_chopped,MAM21,minicube_844_58.75_6.55,valid_fraction_below_minimum,0.111322,0.15
ood-st_chopped,MAM21,minicube_845_58.75_7.05,valid_fraction_below_minimum,0.056885,0.15
ood-st_chopped,MAM21,minicube_846_58.75_7.55,valid_fraction_below_minimum,0.064633,0.15
ood-st_chopped,MAM21,minicube_848_58.75_8.55,valid_fraction_below_minimum,0.026895,0.15
ood-st_chopped,MAM21,minicube_852_59.25_6.55,valid_fraction_below_minimum,0.046564,0.15
ood-st_chopped,MAM21,minicube_855_59.75_6.05,valid_fraction_below_minimum,0.135364,0.15
ood-st_chopped,MAM21,minicube_856_59.75_6.55,valid_fraction_below_minimum,0.056384,0.15
ood-st_chopped,MAM21,minicube_857_59.75_10.05,valid_fraction_below_minimum,0.103345,0.15
ood-st_chopped,MAM21,minicube_858_59.75_16.05,valid_fraction_below_minimum,0.040665,0.15
ood-st_chopped,MAM21,minicube_860_60.25_7.05,valid_fraction_below_minimum,0.005984,0.15
ood-st_chopped,MAM21,minicube_861_60.25_7.55,valid_fraction_below_minimum,0.01123,0.15
ood-st_chopped,MAM21,minicube_862_60.25_10.05,valid_fraction_below_minimum,0.078152,0.15
ood-st_chopped,MAM21,minicube_868_60.75_5.55,valid_fraction_below_minimum,0.007852,0.15
ood-st_chopped,MAM21,minicube_870_60.75_7.55,valid_fraction_below_minimum,0.006445,0.15
ood-st_chopped,MAM21,minicube_872_60.75_8.55,valid_fraction_below_minimum,0.108395,0.15
ood-st_chopped,MAM21,minicube_875_60.75_10.05,valid_fraction_below_minimum,0.048453,0.15
ood-st_chopped,MAM21,minicube_876_60.75_10.55,valid_fraction_below_minimum,0.099161,0.15
ood-st_chopped,MAM21,minicube_887_61.25_7.55,valid_fraction_below_minimum,0.000784,0.15
ood-st_chopped,MAM21,minicube_889_61.25_8.55,valid_fraction_below_minimum,0.031888,0.15
ood-st_chopped,MAM21,minicube_890_61.25_9.05,valid_fraction_below_minimum,0.040225,0.15
ood-st_chopped,MAM22,minicube_176_45.25_6.55,valid_fraction_below_minimum,0.129984,0.15
ood-st_chopped,MAM22,minicube_202_45.75_7.05,valid_fraction_below_minimum,0.076288,0.15
ood-st_chopped,MAM22,minicube_257_46.25_23.55,valid_fraction_below_minimum,0.128439,0.15
ood-st_chopped,MAM22,minicube_266_46.75_8.55,valid_fraction_below_minimum,0.128882,0.15
ood-st_chopped,MAM22,minicube_267_46.75_9.05,valid_fraction_below_minimum,0.031433,0.15
ood-st_chopped,MAM22,minicube_270_46.75_14.05,valid_fraction_below_minimum,0.108609,0.15
ood-st_chopped,MAM22,minicube_285_47.25_8.55,valid_fraction_below_minimum,0.126041,0.15
ood-st_chopped,MAM22,minicube_308_48.25_-3.25,valid_fraction_below_minimum,0.099603,0.15
ood-st_chopped,MAM22,minicube_328_48.75_-3.25,valid_fraction_below_minimum,0.058585,0.15
ood-st_chopped,MAM22,minicube_330_48.75_2.05,valid_fraction_below_minimum,0.091861,0.15
ood-st_chopped,MAM22,minicube_344_48.75_13.55,valid_fraction_below_minimum,0.045535,0.15
ood-st_chopped,MAM22,minicube_363_49.25_2.55,valid_fraction_below_minimum,0.084222,0.15
ood-st_chopped,MAM22,minicube_370_49.25_6.05,valid_fraction_below_minimum,0.125928,0.15
ood-st_chopped,MAM22,minicube_384_49.25_13.05,valid_fraction_below_minimum,0.130652,0.15
ood-st_chopped,MAM22,minicube_451_50.25_18.55,valid_fraction_below_minimum,0.119202,0.15
ood-st_chopped,MAM22,minicube_463_50.75_-3.75,valid_fraction_below_minimum,0.125558,0.15
ood-st_chopped,MAM22,minicube_496_51.25_0.09,valid_fraction_below_minimum,0.106,0.15
ood-st_chopped,MAM22,minicube_497_51.25_0.55,valid_fraction_below_minimum,0.123734,0.15
ood-st_chopped,MAM22,minicube_580_52.75_-2.25,valid_fraction_below_minimum,0.073785,0.15
ood-st_chopped,MAM22,minicube_583_52.75_5.05,valid_fraction_below_minimum,0.116928,0.15
ood-st_chopped,MAM22,minicube_664_53.75_-0.25,valid_fraction_below_minimum,0.148132,0.15
ood-st_chopped,MAM22,minicube_678_53.75_16.55,valid_fraction_below_minimum,0.107681,0.15
ood-st_chopped,MAM22,minicube_681_53.75_18.05,valid_fraction_below_minimum,0.129443,0.15
ood-st_chopped,MAM22,minicube_694_54.25_-9.25,valid_fraction_below_minimum,0.142151,0.15
ood-st_chopped,MAM22,minicube_711_54.25_12.55,valid_fraction_below_minimum,0.059592,0.15
ood-st_chopped,MAM22,minicube_738_54.75_20.55,valid_fraction_below_minimum,0.041193,0.15
ood-st_chopped,MAM22,minicube_750_55.25_-2.75,valid_fraction_below_minimum,0.071307,0.15
ood-st_chopped,MAM22,minicube_752_55.25_-1.75,valid_fraction_below_minimum,0.127103,0.15
ood-st_chopped,MAM22,minicube_753_55.25_11.55,valid_fraction_below_minimum,0.124298,0.15
ood-st_chopped,MAM22,minicube_760_55.75_-4.75,valid_fraction_below_minimum,0.096622,0.15
ood-st_chopped,MAM22,minicube_764_55.75_-2.25,valid_fraction_below_minimum,0.122638,0.15
ood-st_chopped,MAM22,minicube_767_55.75_12.05,valid_fraction_below_minimum,0.114423,0.15
ood-st_chopped,MAM22,minicube_770_55.75_13.55,valid_fraction_below_minimum,0.134821,0.15
ood-st_chopped,MAM22,minicube_777_56.25_-4.75,valid_fraction_below_minimum,0.08584,0.15
ood-st_chopped,MAM22,minicube_794_56.75_-5.75,valid_fraction_below_minimum,0.035336,0.15
ood-st_chopped,MAM22,minicube_795_56.75_-5.25,valid_fraction_below_minimum,0.07388,0.15
ood-st_chopped,MAM22,minicube_801_56.75_8.55,valid_fraction_below_minimum,0.147827,0.15
ood-st_chopped,MAM22,minicube_805_56.75_13.55,valid_fraction_below_minimum,0.08671,0.15
ood-st_chopped,MAM22,minicube_80_41.25_16.05,valid_fraction_below_minimum,0.10217,0.15
ood-st_chopped,MAM22,minicube_818_57.25_-4.75,valid_fraction_below_minimum,0.121875,0.15
ood-st_chopped,MAM22,minicube_819_57.25_-4.25,valid_fraction_below_minimum,0.084415,0.15
ood-st_chopped,MAM22,minicube_822_57.25_-2.75,valid_fraction_below_minimum,0.147061,0.15
ood-st_chopped,MAM22,minicube_826_57.25_14.55,valid_fraction_below_minimum,0.100009,0.15
ood-st_chopped,MAM22,minicube_832_57.75_-5.25,valid_fraction_below_minimum,0.132294,0.15
ood-st_chopped,MAM22,minicube_843_58.75_6.05,valid_fraction_below_minimum,0.098431,0.15
ood-st_chopped,MAM22,minicube_845_58.75_7.05,valid_fraction_below_minimum,0.030185,0.15
ood-st_chopped,MAM22,minicube_846_58.75_7.55,valid_fraction_below_minimum,0.104602,0.15
ood-st_chopped,MAM22,minicube_848_58.75_8.55,valid_fraction_below_minimum,0.060031,0.15
ood-st_chopped,MAM22,minicube_852_59.25_6.55,valid_fraction_below_minimum,0.059329,0.15
ood-st_chopped,MAM22,minicube_854_59.25_16.05,valid_fraction_below_minimum,0.114896,0.15
ood-st_chopped,MAM22,minicube_856_59.75_6.55,valid_fraction_below_minimum,0.008054,0.15
ood-st_chopped,MAM22,minicube_858_59.75_16.05,valid_fraction_below_minimum,0.016248,0.15
ood-st_chopped,MAM22,minicube_860_60.25_7.05,valid_fraction_below_minimum,0.000598,0.15
ood-st_chopped,MAM22,minicube_861_60.25_7.55,valid_fraction_below_minimum,0.000131,0.15
ood-st_chopped,MAM22,minicube_862_60.25_10.05,valid_fraction_below_minimum,0.094077,0.15
ood-st_chopped,MAM22,minicube_868_60.75_5.55,valid_fraction_below_minimum,0.000861,0.15
ood-st_chopped,MAM22,minicube_870_60.75_7.55,valid_fraction_below_minimum,0.004492,0.15
ood-st_chopped,MAM22,minicube_872_60.75_8.55,valid_fraction_below_minimum,0.125458,0.15
ood-st_chopped,MAM22,minicube_875_60.75_10.05,valid_fraction_below_minimum,0.107407,0.15
ood-st_chopped,MAM22,minicube_882_61.25_5.05,valid_fraction_below_minimum,0.100174,0.15
ood-st_chopped,MAM22,minicube_887_61.25_7.55,valid_fraction_below_minimum,4e-05,0.15
ood-st_chopped,MAM22,minicube_889_61.25_8.55,valid_fraction_below_minimum,0.036224,0.15
ood-st_chopped,MAM22,minicube_890_61.25_9.05,valid_fraction_below_minimum,0.101239,0.15
ood-st_chopped,MJJ21,minicube_158_44.75_7.55,valid_fraction_below_minimum,0.137982,0.15
ood-st_chopped,MJJ21,minicube_176_45.25_6.55,valid_fraction_below_minimum,0.130377,0.15
ood-st_chopped,MJJ21,minicube_202_45.75_7.05,valid_fraction_below_minimum,0.109106,0.15
ood-st_chopped,MJJ21,minicube_237_46.25_8.05,valid_fraction_below_minimum,0.094897,0.15
ood-st_chopped,MJJ21,minicube_238_46.25_8.55,valid_fraction_below_minimum,0.11785,0.15
ood-st_chopped,MJJ21,minicube_260_46.75_3.55,valid_fraction_below_minimum,0.144577,0.15
ood-st_chopped,MJJ21,minicube_267_46.75_9.05,valid_fraction_below_minimum,0.02381,0.15
ood-st_chopped,MJJ21,minicube_285_47.25_8.55,valid_fraction_below_minimum,0.10336,0.15
ood-st_chopped,MJJ21,minicube_309_48.25_-2.75,valid_fraction_below_minimum,0.138705,0.15
ood-st_chopped,MJJ21,minicube_328_48.75_-3.25,valid_fraction_below_minimum,0.038486,0.15
ood-st_chopped,MJJ21,minicube_330_48.75_2.05,valid_fraction_below_minimum,0.050687,0.15
ood-st_chopped,MJJ21,minicube_331_48.75_2.55,valid_fraction_below_minimum,0.09241,0.15
ood-st_chopped,MJJ21,minicube_344_48.75_13.55,valid_fraction_below_minimum,0.128955,0.15
ood-st_chopped,MJJ21,minicube_361_49.25_-0.75,valid_fraction_below_minimum,0.139456,0.15
ood-st_chopped,MJJ21,minicube_363_49.25_2.55,valid_fraction_below_minimum,0.038489,0.15
ood-st_chopped,MJJ21,minicube_434_50.25_5.05,valid_fraction_below_minimum,0.139218,0.15
ood-st_chopped,MJJ21,minicube_473_50.75_11.05,valid_fraction_below_minimum,0.090903,0.15
ood-st_chopped,MJJ21,minicube_474_50.75_11.55,valid_fraction_below_minimum,0.132965,0.15
ood-st_chopped,MJJ21,minicube_475_50.75_12.05,valid_fraction_below_minimum,0.146478,0.15
ood-st_chopped,MJJ21,minicube_476_50.75_12.55,valid_fraction_below_minimum,0.112186,0.15
ood-st_chopped,MJJ21,minicube_496_51.25_0.09,valid_fraction_below_minimum,0.067633,0.15
ood-st_chopped,MJJ21,minicube_497_51.25_0.55,valid_fraction_below_minimum,0.134286,0.15
ood-st_chopped,MJJ21,minicube_515_51.75_-8.75,valid_fraction_below_minimum,0.093851,0.15
ood-st_chopped,MJJ21,minicube_521_51.75_0.09,valid_fraction_below_minimum,0.11915,0.15
ood-st_chopped,MJJ21,minicube_525_51.75_6.05,valid_fraction_below_minimum,0.091599,0.15
ood-st_chopped,MJJ21,minicube_540_52.25_-9.25,valid_fraction_below_minimum,0.141983,0.15
ood-st_chopped,MJJ21,minicube_572_52.75_-8.75,valid_fraction_below_minimum,0.094666,0.15
ood-st_chopped,MJJ21,minicube_575_52.75_-7.25,valid_fraction_below_minimum,0.104245,0.15
ood-st_chopped,MJJ21,minicube_577_52.75_-3.75,valid_fraction_below_minimum,0.149402,0.15
ood-st_chopped,MJJ21,minicube_580_52.75_-2.25,valid_fraction_below_minimum,0.136398,0.15
ood-st_chopped,MJJ21,minicube_582_52.75_1.05,valid_fraction_below_minimum,0.148215,0.15
ood-st_chopped,MJJ21,minicube_583_52.75_5.05,valid_fraction_below_minimum,0.075735,0.15
ood-st_chopped,MJJ21,minicube_584_52.75_6.05,valid_fraction_below_minimum,0.121091,0.15
ood-st_chopped,MJJ21,minicube_585_52.75_6.55,valid_fraction_below_minimum,0.129947,0.15
ood-st_chopped,MJJ21,minicube_593_52.75_14.05,valid_fraction_below_minimum,0.14541,0.15
ood-st_chopped,MJJ21,minicube_615_53.25_-3.25,valid_fraction_below_minimum,0.12569,0.15
ood-st_chopped,MJJ21,minicube_617_53.25_-2.25,valid_fraction_below_minimum,0.138916,0.15
ood-st_chopped,MJJ21,minicube_619_53.25_6.55,valid_fraction_below_minimum,0.126321,0.15
ood-st_chopped,MJJ21,minicube_621_53.25_7.55,valid_fraction_below_minimum,0.128055,0.15
ood-st_chopped,MJJ21,minicube_654_53.75_-8.75,valid_fraction_below_minimum,0.116116,0.15
ood-st_chopped,MJJ21,minicube_656_53.75_-7.75,valid_fraction_below_minimum,0.131042,0.15
ood-st_chopped,MJJ21,minicube_657_53.75_-7.25,valid_fraction_below_minimum,0.144226,0.15
ood-st_chopped,MJJ21,minicube_660_53.75_-2.25,valid_fraction_below_minimum,0.131229,0.15
ood-st_chopped,MJJ21,minicube_661_53.75_-1.75,valid_fraction_below_minimum,0.11933,0.15
ood-st_chopped,MJJ21,minicube_662_53.75_-1.25,valid_fraction_below_minimum,0.103979,0.15
ood-st_chopped,MJJ21,minicube_678_53.75_16.55,valid_fraction_below_minimum,0.11297,0.15
ood-st_chopped,MJJ21,minicube_693_54.25_-9.75,valid_fraction_below_minimum,0.09469,0.15
ood-st_chopped,MJJ21,minicube_695_54.25_-8.75,valid_fraction_below_minimum,0.115762,0.15
ood-st_chopped,MJJ21,minicube_697_54.25_-7.75,valid_fraction_below_minimum,0.145197,0.15
ood-st_chopped,MJJ21,minicube_702_54.25_-2.25,valid_fraction_below_minimum,0.148456,0.15
ood-st_chopped,MJJ21,minicube_703_54.25_-1.75,valid_fraction_below_minimum,0.076111,0.15
ood-st_chopped,MJJ21,minicube_711_54.25_12.55,valid_fraction_below_minimum,0.055005,0.15
ood-st_chopped,MJJ21,minicube_728_54.75_-8.25,valid_fraction_below_minimum,0.124875,0.15
ood-st_chopped,MJJ21,minicube_729_54.75_-7.75,valid_fraction_below_minimum,0.048489,0.15
ood-st_chopped,MJJ21,minicube_730_54.75_-7.25,valid_fraction_below_minimum,0.115207,0.15
ood-st_chopped,MJJ21,minicube_733_54.75_-3.25,valid_fraction_below_minimum,0.079001,0.15
ood-st_chopped,MJJ21,minicube_738_54.75_20.55,valid_fraction_below_minimum,0.073657,0.15
ood-st_chopped,MJJ21,minicube_748_55.25_-3.75,valid_fraction_below_minimum,0.109076,0.15
ood-st_chopped,MJJ21,minicube_749_55.25_-3.25,valid_fraction_below_minimum,0.069247,0.15
ood-st_chopped,MJJ21,minicube_760_55.75_-4.75,valid_fraction_below_minimum,0.074832,0.15
ood-st_chopped,MJJ21,minicube_762_55.75_-3.75,valid_fraction_below_minimum,0.131448,0.15
ood-st_chopped,MJJ21,minicube_763_55.75_-3.25,valid_fraction_below_minimum,0.146021,0.15
ood-st_chopped,MJJ21,minicube_764_55.75_-2.25,valid_fraction_below_minimum,0.124249,0.15
ood-st_chopped,MJJ21,minicube_765_55.75_8.55,valid_fraction_below_minimum,0.070975,0.15
ood-st_chopped,MJJ21,minicube_777_56.25_-4.75,valid_fraction_below_minimum,0.073285,0.15
ood-st_chopped,MJJ21,minicube_780_56.25_-3.25,valid_fraction_below_minimum,0.103439,0.15
ood-st_chopped,MJJ21,minicube_781_56.25_-2.75,valid_fraction_below_minimum,0.091806,0.15
ood-st_chopped,MJJ21,minicube_794_56.75_-5.75,valid_fraction_below_minimum,0.035242,0.15
ood-st_chopped,MJJ21,minicube_795_56.75_-5.25,valid_fraction_below_minimum,0.036523,0.15
ood-st_chopped,MJJ21,minicube_796_56.75_-4.75,valid_fraction_below_minimum,0.134964,0.15
ood-st_chopped,MJJ21,minicube_798_56.75_-3.75,valid_fraction_below_minimum,0.128693,0.15
ood-st_chopped,MJJ21,minicube_799_56.75_-3.25,valid_fraction_below_minimum,0.137912,0.15
ood-st_chopped,MJJ21,minicube_800_56.75_-2.75,valid_fraction_below_minimum,0.097876,0.15
ood-st_chopped,MJJ21,minicube_801_56.75_8.55,valid_fraction_below_minimum,0.107504,0.15
ood-st_chopped,MJJ21,minicube_80_41.25_16.05,valid_fraction_below_minimum,0.149084,0.15
ood-st_chopped,MJJ21,minicube_816_57.25_-5.75,valid_fraction_below_minimum,0.125052,0.15
ood-st_chopped,MJJ21,minicube_817_57.25_-5.25,valid_fraction_below_minimum,0.11925,0.15
ood-st_chopped,MJJ21,minicube_818_57.25_-4.75,valid_fraction_below_minimum,0.006058,0.15
ood-st_chopped,MJJ21,minicube_819_57.25_-4.25,valid_fraction_below_minimum,0.130069,0.15
ood-st_chopped,MJJ21,minicube_820_57.25_-3.75,valid_fraction_below_minimum,0.144458,0.15
ood-st_chopped,MJJ21,minicube_821_57.25_-3.25,valid_fraction_below_minimum,0.084744,0.15
ood-st_chopped,MJJ21,minicube_822_57.25_-2.75,valid_fraction_below_minimum,0.123077,0.15
ood-st_chopped,MJJ21,minicube_832_57.75_-5.25,valid_fraction_below_minimum,0.082449,0.15
ood-st_chopped,MJJ21,minicube_833_57.75_-4.75,valid_fraction_below_minimum,0.097339,0.15
ood-st_chopped,MJJ21,minicube_834_57.75_-4.25,valid_fraction_below_minimum,0.081598,0.15
ood-st_chopped,MJJ21,minicube_836_58.25_-4.75,valid_fraction_below_minimum,0.065536,0.15
ood-st_chopped,MJJ21,minicube_838_58.25_-3.75,valid_fraction_below_minimum,0.026187,0.15
ood-st_chopped,MJJ21,minicube_848_58.75_8.55,valid_fraction_below_minimum,0.04115,0.15
ood-st_chopped,MJJ21,minicube_854_59.25_16.05,valid_fraction_below_minimum,0.140402,0.15
ood-st_chopped,MJJ21,minicube_856_59.75_6.55,valid_fraction_below_minimum,0.108224,0.15
ood-st_chopped,MJJ21,minicube_858_59.75_16.05,valid_fraction_below_minimum,0.052902,0.15
ood-st_chopped,MJJ21,minicube_860_60.25_7.05,valid_fraction_below_minimum,0.035852,0.15
ood-st_chopped,MJJ21,minicube_861_60.25_7.55,valid_fraction_below_minimum,0.064114,0.15
ood-st_chopped,MJJ21,minicube_868_60.75_5.55,valid_fraction_below_minimum,0.022949,0.15
ood-st_chopped,MJJ21,minicube_870_60.75_7.55,valid_fraction_below_minimum,0.031012,0.15
ood-st_chopped,MJJ21,minicube_875_60.75_10.05,valid_fraction_below_minimum,0.144363,0.15
ood-st_chopped,MJJ21,minicube_887_61.25_7.55,valid_fraction_below_minimum,0.011572,0.15
ood-st_chopped,MJJ21,minicube_890_61.25_9.05,valid_fraction_below_minimum,0.138394,0.15
ood-st_chopped,MJJ22,minicube_267_46.75_9.05,valid_fraction_below_minimum,0.137775,0.15
ood-st_chopped,MJJ22,minicube_328_48.75_-3.25,valid_fraction_below_minimum,0.08681,0.15
ood-st_chopped,MJJ22,minicube_330_48.75_2.05,valid_fraction_below_minimum,0.108075,0.15
ood-st_chopped,MJJ22,minicube_363_49.25_2.55,valid_fraction_below_minimum,0.107809,0.15
ood-st_chopped,MJJ22,minicube_494_51.25_-0.75,valid_fraction_below_minimum,0.132513,0.15
ood-st_chopped,MJJ22,minicube_496_51.25_0.09,valid_fraction_below_minimum,0.120584,0.15
ood-st_chopped,MJJ22,minicube_497_51.25_0.55,valid_fraction_below_minimum,0.112469,0.15
ood-st_chopped,MJJ22,minicube_515_51.75_-8.75,valid_fraction_below_minimum,0.059885,0.15
ood-st_chopped,MJJ22,minicube_541_52.25_-8.75,valid_fraction_below_minimum,0.129031,0.15
ood-st_chopped,MJJ22,minicube_543_52.25_-7.75,valid_fraction_below_minimum,0.040796,0.15
ood-st_chopped,MJJ22,minicube_544_52.25_-7.25,valid_fraction_below_minimum,0.052789,0.15
ood-st_chopped,MJJ22,minicube_545_52.25_-6.75,valid_fraction_below_minimum,0.081854,0.15
ood-st_chopped,MJJ22,minicube_572_52.75_-8.75,valid_fraction_below_minimum,0.142307,0.15
ood-st_chopped,MJJ22,minicube_573_52.75_-8.25,valid_fraction_below_minimum,0.103354,0.15
ood-st_chopped,MJJ22,minicube_574_52.75_-7.75,valid_fraction_below_minimum,0.12933,0.15
ood-st_chopped,MJJ22,minicube_575_52.75_-7.25,valid_fraction_below_minimum,0.112848,0.15
ood-st_chopped,MJJ22,minicube_576_52.75_-6.75,valid_fraction_below_minimum,0.056665,0.15
ood-st_chopped,MJJ22,minicube_580_52.75_-2.25,valid_fraction_below_minimum,0.145117,0.15
ood-st_chopped,MJJ22,minicube_583_52.75_5.05,valid_fraction_below_minimum,0.092032,0.15
ood-st_chopped,MJJ22,minicube_586_52.75_7.05,valid_fraction_below_minimum,0.095102,0.15
ood-st_chopped,MJJ22,minicube_608_53.25_-8.25,valid_fraction_below_minimum,0.113028,0.15
ood-st_chopped,MJJ22,minicube_609_53.25_-7.75,valid_fraction_below_minimum,0.035272,0.15
ood-st_chopped,MJJ22,minicube_610_53.25_-7.25,valid_fraction_below_minimum,0.052234,0.15
ood-st_chopped,MJJ22,minicube_611_53.25_-6.75,valid_fraction_below_minimum,0.140652,0.15
ood-st_chopped,MJJ22,minicube_612_53.25_-6.25,valid_fraction_below_minimum,0.034427,0.15
ood-st_chopped,MJJ22,minicube_617_53.25_-2.25,valid_fraction_below_minimum,0.096072,0.15
ood-st_chopped,MJJ22,minicube_654_53.75_-8.75,valid_fraction_below_minimum,0.125409,0.15
ood-st_chopped,MJJ22,minicube_656_53.75_-7.75,valid_fraction_below_minimum,0.082404,0.15
ood-st_chopped,MJJ22,minicube_657_53.75_-7.25,valid_fraction_below_minimum,0.052325,0.15
ood-st_chopped,MJJ22,minicube_658_53.75_-6.75,valid_fraction_below_minimum,0.076355,0.15
ood-st_chopped,MJJ22,minicube_659_53.75_-2.75,valid_fraction_below_minimum,0.061725,0.15
ood-st_chopped,MJJ22,minicube_660_53.75_-2.25,valid_fraction_below_minimum,0.097443,0.15
ood-st_chopped,MJJ22,minicube_661_53.75_-1.75,valid_fraction_below_minimum,0.085391,0.15
ood-st_chopped,MJJ22,minicube_678_53.75_16.55,valid_fraction_below_minimum,0.112619,0.15
ood-st_chopped,MJJ22,minicube_693_54.25_-9.75,valid_fraction_below_minimum,0.110004,0.15
ood-st_chopped,MJJ22,minicube_694_54.25_-9.25,valid_fraction_below_minimum,0.078894,0.15
ood-st_chopped,MJJ22,minicube_695_54.25_-8.75,valid_fraction_below_minimum,0.113165,0.15
ood-st_chopped,MJJ22,minicube_696_54.25_-8.25,valid_fraction_below_minimum,0.069272,0.15
ood-st_chopped,MJJ22,minicube_697_54.25_-7.75,valid_fraction_below_minimum,0.079965,0.15
ood-st_chopped,MJJ22,minicube_698_54.25_-7.25,valid_fraction_below_minimum,0.027142,0.15
ood-st_chopped,MJJ22,minicube_699_54.25_-6.75,valid_fraction_below_minimum,0.068634,0.15
ood-st_chopped,MJJ22,minicube_700_54.25_-6.25,valid_fraction_below_minimum,0.063019,0.15
ood-st_chopped,MJJ22,minicube_701_54.25_-2.75,valid_fraction_below_minimum,0.097946,0.15
ood-st_chopped,MJJ22,minicube_702_54.25_-2.25,valid_fraction_below_minimum,0.08992,0.15
ood-st_chopped,MJJ22,minicube_703_54.25_-1.75,valid_fraction_below_minimum,0.058054,0.15
ood-st_chopped,MJJ22,minicube_704_54.25_-1.25,valid_fraction_below_minimum,0.134079,0.15
ood-st_chopped,MJJ22,minicube_711_54.25_12.55,valid_fraction_below_minimum,0.078741,0.15
ood-st_chopped,MJJ22,minicube_728_54.75_-8.25,valid_fraction_below_minimum,0.124487,0.15
ood-st_chopped,MJJ22,minicube_729_54.75_-7.75,valid_fraction_below_minimum,0.084381,0.15
ood-st_chopped,MJJ22,minicube_730_54.75_-7.25,valid_fraction_below_minimum,0.141467,0.15
ood-st_chopped,MJJ22,minicube_731_54.75_-6.75,valid_fraction_below_minimum,0.110037,0.15
ood-st_chopped,MJJ22,minicube_733_54.75_-3.25,valid_fraction_below_minimum,0.100513,0.15
ood-st_chopped,MJJ22,minicube_738_54.75_20.55,valid_fraction_below_minimum,0.044238,0.15
ood-st_chopped,MJJ22,minicube_745_55.25_-7.25,valid_fraction_below_minimum,0.092477,0.15
ood-st_chopped,MJJ22,minicube_747_55.25_-4.25,valid_fraction_below_minimum,0.139609,0.15
ood-st_chopped,MJJ22,minicube_748_55.25_-3.75,valid_fraction_below_minimum,0.127979,0.15
ood-st_chopped,MJJ22,minicube_749_55.25_-3.25,valid_fraction_below_minimum,0.074741,0.15
ood-st_chopped,MJJ22,minicube_750_55.25_-2.75,valid_fraction_below_minimum,0.140182,0.15
ood-st_chopped,MJJ22,minicube_751_55.25_-2.25,valid_fraction_below_minimum,0.136511,0.15
ood-st_chopped,MJJ22,minicube_752_55.25_-1.75,valid_fraction_below_minimum,0.119736,0.15
ood-st_chopped,MJJ22,minicube_760_55.75_-4.75,valid_fraction_below_minimum,0.05639,0.15
ood-st_chopped,MJJ22,minicube_761_55.75_-4.25,valid_fraction_below_minimum,0.114404,0.15
ood-st_chopped,MJJ22,minicube_763_55.75_-3.25,valid_fraction_below_minimum,0.127597,0.15
ood-st_chopped,MJJ22,minicube_764_55.75_-2.25,valid_fraction_below_minimum,0.062024,0.15
ood-st_chopped,MJJ22,minicube_770_55.75_13.55,valid_fraction_below_minimum,0.12196,0.15
ood-st_chopped,MJJ22,minicube_777_56.25_-4.75,valid_fraction_below_minimum,0.066083,0.15
ood-st_chopped,MJJ22,minicube_778_56.25_-4.25,valid_fraction_below_minimum,0.07067,0.15
ood-st_chopped,MJJ22,minicube_779_56.25_-3.75,valid_fraction_below_minimum,0.126257,0.15
ood-st_chopped,MJJ22,minicube_781_56.25_-2.75,valid_fraction_below_minimum,0.114798,0.15
ood-st_chopped,MJJ22,minicube_784_56.25_13.55,valid_fraction_below_minimum,0.099432,0.15
ood-st_chopped,MJJ22,minicube_794_56.75_-5.75,valid_fraction_below_minimum,0.02424,0.15
ood-st_chopped,MJJ22,minicube_795_56.75_-5.25,valid_fraction_below_minimum,0.068213,0.15
ood-st_chopped,MJJ22,minicube_796_56.75_-4.75,valid_fraction_below_minimum,0.102158,0.15
ood-st_chopped,MJJ22,minicube_797_56.75_-4.25,valid_fraction_below_minimum,0.0897,0.15
ood-st_chopped,MJJ22,minicube_798_56.75_-3.75,valid_fraction_below_minimum,0.101907,0.15
ood-st_chopped,MJJ22,minicube_799_56.75_-3.25,valid_fraction_below_minimum,0.06557,0.15
ood-st_chopped,MJJ22,minicube_800_56.75_-2.75,valid_fraction_below_minimum,0.101932,0.15
ood-st_chopped,MJJ22,minicube_801_56.75_8.55,valid_fraction_below_minimum,0.149551,0.15
ood-st_chopped,MJJ22,minicube_803_56.75_10.05,valid_fraction_below_minimum,0.072803,0.15
ood-st_chopped,MJJ22,minicube_805_56.75_13.55,valid_fraction_below_minimum,0.075363,0.15
ood-st_chopped,MJJ22,minicube_80_41.25_16.05,valid_fraction_below_minimum,0.128073,0.15
ood-st_chopped,MJJ22,minicube_817_57.25_-5.25,valid_fraction_below_minimum,0.090903,0.15
ood-st_chopped,MJJ22,minicube_818_57.25_-4.75,valid_fraction_below_minimum,0.117896,0.15
ood-st_chopped,MJJ22,minicube_819_57.25_-4.25,valid_fraction_below_minimum,0.056903,0.15
ood-st_chopped,MJJ22,minicube_820_57.25_-3.75,valid_fraction_below_minimum,0.048691,0.15
ood-st_chopped,MJJ22,minicube_821_57.25_-3.25,valid_fraction_below_minimum,0.121848,0.15
ood-st_chopped,MJJ22,minicube_824_57.25_12.55,valid_fraction_below_minimum,0.096158,0.15
ood-st_chopped,MJJ22,minicube_826_57.25_14.55,valid_fraction_below_minimum,0.085284,0.15
ood-st_chopped,MJJ22,minicube_829_57.25_22.05,valid_fraction_below_minimum,0.10473,0.15
ood-st_chopped,MJJ22,minicube_832_57.75_-5.25,valid_fraction_below_minimum,0.116809,0.15
ood-st_chopped,MJJ22,minicube_833_57.75_-4.75,valid_fraction_below_minimum,0.121158,0.15
ood-st_chopped,MJJ22,minicube_835_57.75_14.05,valid_fraction_below_minimum,0.14863,0.15
ood-st_chopped,MJJ22,minicube_837_58.25_-4.25,valid_fraction_below_minimum,0.091345,0.15
ood-st_chopped,MJJ22,minicube_838_58.25_-3.75,valid_fraction_below_minimum,0.05173,0.15
ood-st_chopped,MJJ22,minicube_845_58.75_7.05,valid_fraction_below_minimum,0.149124,0.15
ood-st_chopped,MJJ22,minicube_848_58.75_8.55,valid_fraction_below_minimum,0.041815,0.15
ood-st_chopped,MJJ22,minicube_854_59.25_16.05,valid_fraction_below_minimum,0.123901,0.15
ood-st_chopped,MJJ22,minicube_856_59.75_6.55,valid_fraction_below_minimum,0.018723,0.15
ood-st_chopped,MJJ22,minicube_858_59.75_16.05,valid_fraction_below_minimum,0.020532,0.15
ood-st_chopped,MJJ22,minicube_860_60.25_7.05,valid_fraction_below_minimum,0.010489,0.15
ood-st_chopped,MJJ22,minicube_861_60.25_7.55,valid_fraction_below_minimum,0.058887,0.15
ood-st_chopped,MJJ22,minicube_868_60.75_5.55,valid_fraction_below_minimum,0.008557,0.15
ood-st_chopped,MJJ22,minicube_870_60.75_7.55,valid_fraction_below_minimum,0.024655,0.15
ood-st_chopped,MJJ22,minicube_882_61.25_5.05,valid_fraction_below_minimum,0.068478,0.15
ood-st_chopped,MJJ22,minicube_887_61.25_7.55,valid_fraction_below_minimum,0.009518,0.15
ood-st_chopped,SON21,minicube_106_42.75_-4.75,valid_fraction_below_minimum,0.127234,0.15
ood-st_chopped,SON21,minicube_108_42.75_-3.75,valid_fraction_below_minimum,0.128757,0.15
ood-st_chopped,SON21,minicube_117_42.75_21.05,valid_fraction_below_minimum,0.143518,0.15
ood-st_chopped,SON21,minicube_126_43.25_-3.25,valid_fraction_below_minimum,0.148584,0.15
ood-st_chopped,SON21,minicube_127_43.25_-2.75,valid_fraction_below_minimum,0.136862,0.15
ood-st_chopped,SON21,minicube_151_44.75_4.05,valid_fraction_below_minimum,0.142157,0.15
ood-st_chopped,SON21,minicube_152_44.75_4.55,valid_fraction_below_minimum,0.09946,0.15
ood-st_chopped,SON21,minicube_169_44.75_23.05,valid_fraction_below_minimum,0.108978,0.15
ood-st_chopped,SON21,minicube_192_45.75_2.05,valid_fraction_below_minimum,0.14126,0.15
ood-st_chopped,SON21,minicube_196_45.75_4.05,valid_fraction_below_minimum,0.132703,0.15
ood-st_chopped,SON21,minicube_197_45.75_4.55,valid_fraction_below_minimum,0.147943,0.15
ood-st_chopped,SON21,minicube_209_45.75_14.55,valid_fraction_below_minimum,0.099564,0.15
ood-st_chopped,SON21,minicube_212_45.75_16.05,valid_fraction_below_minimum,0.100443,0.15
ood-st_chopped,SON21,minicube_224_46.25_1.55,valid_fraction_below_minimum,0.128473,0.15
ood-st_chopped,SON21,minicube_225_46.25_2.05,valid_fraction_below_minimum,0.114835,0.15
ood-st_chopped,SON21,minicube_230_46.25_4.55,valid_fraction_below_minimum,0.101318,0.15
ood-st_chopped,SON21,minicube_231_46.25_5.05,valid_fraction_below_minimum,0.149097,0.15
ood-st_chopped,SON21,minicube_243_46.25_14.55,valid_fraction_below_minimum,0.101495,0.15
ood-st_chopped,SON21,minicube_244_46.25_15.05,valid_fraction_below_minimum,0.148123,0.15
ood-st_chopped,SON21,minicube_262_46.75_4.55,valid_fraction_below_minimum,0.135135,0.15
ood-st_chopped,SON21,minicube_263_46.75_5.05,valid_fraction_below_minimum,0.146707,0.15
ood-st_chopped,SON21,minicube_267_46.75_9.05,valid_fraction_below_minimum,0.062506,0.15
ood-st_chopped,SON21,minicube_26_37.75_13.05,valid_fraction_below_minimum,0.143689,0.15
ood-st_chopped,SON21,minicube_270_46.75_14.05,valid_fraction_below_minimum,0.098511,0.15
ood-st_chopped,SON21,minicube_271_46.75_14.55,valid_fraction_below_minimum,0.122641,0.15
ood-st_chopped,SON21,minicube_272_46.75_15.05,valid_fraction_below_minimum,0.12345,0.15
ood-st_chopped,SON21,minicube_288_47.25_14.55,valid_fraction_below_minimum,0.116324,0.15
ood-st_chopped,SON21,minicube_289_47.25_15.05,valid_fraction_below_minimum,0.124673,0.15
ood-st_chopped,SON21,minicube_302_47.75_14.55,valid_fraction_below_minimum,0.133423,0.15
ood-st_chopped,SON21,minicube_304_47.75_15.55,valid_fraction_below_minimum,0.09353,0.15
ood-st_chopped,SON21,minicube_321_48.25_14.55,valid_fraction_below_minimum,0.079581,0.15
ood-st_chopped,SON21,minicube_322_48.25_15.05,valid_fraction_below_minimum,0.097269,0.15
ood-st_chopped,SON21,minicube_323_48.25_15.55,valid_fraction_below_minimum,0.135724,0.15
ood-st_chopped,SON21,minicube_328_48.75_-3.25,valid_fraction_below_minimum,0.04328,0.15
ood-st_chopped,SON21,minicube_330_48.75_2.05,valid_fraction_below_minimum,0.043982,0.15
ood-st_chopped,SON21,minicube_331_48.75_2.55,valid_fraction_below_minimum,0.101703,0.15
ood-st_chopped,SON21,minicube_334_48.75_6.55,valid_fraction_below_minimum,0.113678,0.15
ood-st_chopped,SON21,minicube_335_48.75_7.05,valid_fraction_below_minimum,0.134396,0.15
ood-st_chopped,SON21,minicube_336_48.75_7.55,valid_fraction_below_minimum,0.123459,0.15
ood-st_chopped,SON21,minicube_337_48.75_8.05,valid_fraction_below_minimum,0.138193,0.15
ood-st_chopped,SON21,minicube_338_48.75_8.55,valid_fraction_below_minimum,0.130206,0.15
ood-st_chopped,SON21,minicube_347_48.75_15.05,valid_fraction_below_minimum,0.102222,0.15
ood-st_chopped,SON21,minicube_348_48.75_15.55,valid_fraction_below_minimum,0.094867,0.15
ood-st_chopped,SON21,minicube_360_49.25_-1.25,valid_fraction_below_minimum,0.09783,0.15
ood-st_chopped,SON21,minicube_363_49.25_2.55,valid_fraction_below_minimum,0.04585,0.15
ood-st_chopped,SON21,minicube_370_49.25_6.05,valid_fraction_below_minimum,0.130237,0.15
ood-st_chopped,SON21,minicube_373_49.25_7.55,valid_fraction_below_minimum,0.130176,0.15
ood-st_chopped,SON21,minicube_374_49.25_8.05,valid_fraction_below_minimum,0.130206,0.15
ood-st_chopped,SON21,minicube_375_49.25_8.55,valid_fraction_below_minimum,0.149643,0.15
ood-st_chopped,SON21,minicube_385_49.25_15.55,valid_fraction_below_minimum,0.081689,0.15
ood-st_chopped,SON21,minicube_387_49.25_19.05,valid_fraction_below_minimum,0.143579,0.15
ood-st_chopped,SON21,minicube_391_49.25_21.05,valid_fraction_below_minimum,0.140781,0.15
ood-st_chopped,SON21,minicube_393_49.25_22.05,valid_fraction_below_minimum,0.049994,0.15
ood-st_chopped,SON21,minicube_397_49.75_2.05,valid_fraction_below_minimum,0.109506,0.15
ood-st_chopped,SON21,minicube_403_49.75_5.05,valid_fraction_below_minimum,0.134647,0.15
ood-st_chopped,SON21,minicube_408_49.75_7.55,valid_fraction_below_minimum,0.14808,0.15
ood-st_chopped,SON21,minicube_410_49.75_8.55,valid_fraction_below_minimum,0.144031,0.15
ood-st_chopped,SON21,minicube_411_49.75_9.05,valid_fraction_below_minimum,0.113892,0.15
ood-st_chopped,SON21,minicube_413_49.75_10.05,valid_fraction_below_minimum,0.127066,0.15
ood-st_chopped,SON21,minicube_414_49.75_10.55,valid_fraction_below_minimum,0.103268,0.15
ood-st_chopped,SON21,minicube_417_49.75_12.05,valid_fraction_below_minimum,0.136847,0.15
ood-st_chopped,SON21,minicube_418_49.75_12.55,valid_fraction_below_minimum,0.104828,0.15
ood-st_chopped,SON21,minicube_427_49.75_22.05,valid_fraction_below_minimum,0.103287,0.15
ood-st_chopped,SON21,minicube_431_50.25_2.05,valid_fraction_below_minimum,0.083252,0.15
ood-st_chopped,SON21,minicube_432_50.25_2.55,valid_fraction_below_minimum,0.093463,0.15
ood-st_chopped,SON21,minicube_434_50.25_5.05,valid_fraction_below_minimum,0.140082,0.15
ood-st_chopped,SON21,minicube_435_50.25_8.05,valid_fraction_below_minimum,0.072784,0.15
ood-st_chopped,SON21,minicube_436_50.25_8.55,valid_fraction_below_minimum,0.099341,0.15
ood-st_chopped,SON21,minicube_437_50.25_9.05,valid_fraction_below_minimum,0.136554,0.15
ood-st_chopped,SON21,minicube_438_50.25_9.55,valid_fraction_below_minimum,0.148355,0.15
ood-st_chopped,SON21,minicube_444_50.25_12.55,valid_fraction_below_minimum,0.105936,0.15
ood-st_chopped,SON21,minicube_445_50.25_13.05,valid_fraction_below_minimum,0.142535,0.15
ood-st_chopped,SON21,minicube_446_50.25_16.05,valid_fraction_below_minimum,0.115021,0.15
ood-st_chopped,SON21,minicube_448_50.25_17.05,valid_fraction_below_minimum,0.083719,0.15
ood-st_chopped,SON21,minicube_449_50.25_17.55,valid_fraction_below_minimum,0.005789,0.15
ood-st_chopped,SON21,minicube_466_50.75_5.05,valid_fraction_below_minimum,0.091714,0.15
ood-st_chopped,SON21,minicube_468_50.75_8.55,valid_fraction_below_minimum,0.067392,0.15
ood-st_chopped,SON21,minicube_469_50.75_9.05,valid_fraction_below_minimum,0.093524,0.15
ood-st_chopped,SON21,minicube_470_50.75_9.55,valid_fraction_below_minimum,0.130148,0.15
ood-st_chopped,SON21,minicube_472_50.75_10.55,valid_fraction_below_minimum,0.129047,0.15
ood-st_chopped,SON21,minicube_475_50.75_12.05,valid_fraction_below_minimum,0.144943,0.15
ood-st_chopped,SON21,minicube_477_50.75_13.05,valid_fraction_below_minimum,0.149307,0.15
ood-st_chopped,SON21,minicube_478_50.75_16.05,valid_fraction_below_minimum,0.041068,0.15
ood-st_chopped,SON21,minicube_480_50.75_17.05,valid_fraction_below_minimum,0.10929,0.15
ood-st_chopped,SON21,minicube_481_50.75_17.55,valid_fraction_below_minimum,0.02731,0.15
ood-st_chopped,SON21,minicube_486_50.75_20.05,valid_fraction_below_minimum,0.124557,0.15
ood-st_chopped,SON21,minicube_495_51.25_-0.25,valid_fraction_below_minimum,0.060791,0.15
ood-st_chopped,SON21,minicube_496_51.25_0.09,valid_fraction_below_minimum,0.048035,0.15
ood-st_chopped,SON21,minicube_499_51.25_5.05,valid_fraction_below_minimum,0.050104,0.15
ood-st_chopped,SON21,minicube_500_51.25_14.05,valid_fraction_below_minimum,0.14725,0.15
ood-st_chopped,SON21,minicube_501_51.25_14.55,valid_fraction_below_minimum,0.108087,0.15
ood-st_chopped,SON21,minicube_507_51.25_20.05,valid_fraction_below_minimum,0.143597,0.15
ood-st_chopped,SON21,minicube_515_51.75_-8.75,valid_fraction_below_minimum,0.121725,0.15
ood-st_chopped,SON21,minicube_517_51.75_-4.25,valid_fraction_below_minimum,0.116034,0.15
ood-st_chopped,SON21,minicube_519_51.75_-0.75,valid_fraction_below_minimum,0.08287,0.15
ood-st_chopped,SON21,minicube_524_51.75_5.55,valid_fraction_below_minimum,0.090775,0.15
ood-st_chopped,SON21,minicube_525_51.75_6.05,valid_fraction_below_minimum,0.059268,0.15
ood-st_chopped,SON21,minicube_526_51.75_14.05,valid_fraction_below_minimum,0.111386,0.15
ood-st_chopped,SON21,minicube_527_51.75_17.55,valid_fraction_below_minimum,0.110999,0.15
ood-st_chopped,SON21,minicube_528_51.75_18.05,valid_fraction_below_minimum,0.139166,0.15
ood-st_chopped,SON21,minicube_530_51.75_19.05,valid_fraction_below_minimum,0.139572,0.15
ood-st_chopped,SON21,minicube_540_52.25_-9.25,valid_fraction_below_minimum,0.122031,0.15
ood-st_chopped,SON21,minicube_544_52.25_-7.25,valid_fraction_below_minimum,0.11398,0.15
ood-st_chopped,SON21,minicube_546_52.25_-3.75,valid_fraction_below_minimum,0.061722,0.15
ood-st_chopped,SON21,minicube_547_52.25_-3.25,valid_fraction_below_minimum,0.097043,0.15
ood-st_chopped,SON21,minicube_550_52.25_0.55,valid_fraction_below_minimum,0.13819,0.15
ood-st_chopped,SON21,minicube_552_52.25_1.55,valid_fraction_below_minimum,0.1414,0.15
ood-st_chopped,SON21,minicube_553_52.25_5.05,valid_fraction_below_minimum,0.069672,0.15
ood-st_chopped,SON21,minicube_554_52.25_5.55,valid_fraction_below_minimum,0.10528,0.15
ood-st_chopped,SON21,minicube_555_52.25_6.05,valid_fraction_below_minimum,0.105524,0.15
ood-st_chopped,SON21,minicube_556_52.25_6.55,valid_fraction_below_minimum,0.115988,0.15
ood-st_chopped,SON21,minicube_557_52.25_7.05,valid_fraction_below_minimum,0.060574,0.15
ood-st_chopped,SON21,minicube_572_52.75_-8.75,valid_fraction_below_minimum,0.130103,0.15
ood-st_chopped,SON21,minicube_574_52.75_-7.75,valid_fraction_below_minimum,0.12074,0.15
ood-st_chopped,SON21,minicube_576_52.75_-6.75,valid_fraction_below_minimum,0.147617,0.15
ood-st_chopped,SON21,minicube_577_52.75_-3.75,valid_fraction_below_minimum,0.088702,0.15
ood-st_chopped,SON21,minicube_579_52.75_-2.75,valid_fraction_below_minimum,0.115231,0.15
ood-st_chopped,SON21,minicube_580_52.75_-2.25,valid_fraction_below_minimum,0.092377,0.15
ood-st_chopped,SON21,minicube_582_52.75_1.05,valid_fraction_below_minimum,0.123682,0.15
ood-st_chopped,SON21,minicube_583_52.75_5.05,valid_fraction_below_minimum,0.036871,0.15
ood-st_chopped,SON21,minicube_584_52.75_6.05,valid_fraction_below_minimum,0.114822,0.15
ood-st_chopped,SON21,minicube_585_52.75_6.55,valid_fraction_below_minimum,0.123499,0.15
ood-st_chopped,SON21,minicube_587_52.75_7.55,valid_fraction_below_minimum,0.040353,0.15
ood-st_chopped,SON21,minicube_588_52.75_8.05,valid_fraction_below_minimum,0.035806,0.15
ood-st_chopped,SON21,minicube_591_52.75_13.05,valid_fraction_below_minimum,0.067691,0.15
ood-st_chopped,SON21,minicube_592_52.75_13.55,valid_fraction_below_minimum,0.144336,0.15
ood-st_chopped,SON21,minicube_595_52.75_17.55,valid_fraction_below_minimum,0.14295,0.15
ood-st_chopped,SON21,minicube_599_52.75_19.55,valid_fraction_below_minimum,0.100165,0.15
ood-st_chopped,SON21,minicube_610_53.25_-7.25,valid_fraction_below_minimum,0.125104,0.15
ood-st_chopped,SON21,minicube_611_53.25_-6.75,valid_fraction_below_minimum,0.114005,0.15
ood-st_chopped,SON21,minicube_613_53.25_-4.25,valid_fraction_below_minimum,0.033255,0.15
ood-st_chopped,SON21,minicube_614_53.25_-3.75,valid_fraction_below_minimum,0.082843,0.15
ood-st_chopped,SON21,minicube_615_53.25_-3.25,valid_fraction_below_minimum,0.080859,0.15
ood-st_chopped,SON21,minicube_616_53.25_-2.75,valid_fraction_below_minimum,0.048172,0.15
ood-st_chopped,SON21,minicube_617_53.25_-2.25,valid_fraction_below_minimum,0.128079,0.15
ood-st_chopped,SON21,minicube_618_53.25_6.05,valid_fraction_below_minimum,0.023163,0.15
ood-st_chopped,SON21,minicube_619_53.25_6.55,valid_fraction_below_minimum,0.119214,0.15
ood-st_chopped,SON21,minicube_622_53.25_8.05,valid_fraction_below_minimum,0.029788,0.15
ood-st_chopped,SON21,minicube_623_53.25_8.55,valid_fraction_below_minimum,0.03486,0.15
ood-st_chopped,SON21,minicube_624_53.25_9.05,valid_fraction_below_minimum,0.059238,0.15
ood-st_chopped,SON21,minicube_625_53.25_9.55,valid_fraction_below_minimum,0.082391,0.15
ood-st_chopped,SON21,minicube_626_53.25_10.05,valid_fraction_below_minimum,0.112915,0.15
ood-st_chopped,SON21,minicube_627_53.25_10.55,valid_fraction_below_minimum,0.148816,0.15
ood-st_chopped,SON21,minicube_628_53.25_11.05,valid_fraction_below_minimum,0.139676,0.15
ood-st_chopped,SON21,minicube_629_53.25_11.55,valid_fraction_below_minimum,0.12287,0.15
ood-st_chopped,SON21,minicube_631_53.25_12.55,valid_fraction_below_minimum,0.146863,0.15
ood-st_chopped,SON21,minicube_632_53.25_13.05,valid_fraction_below_minimum,0.142645,0.15
ood-st_chopped,SON21,minicube_633_53.25_13.55,valid_fraction_below_minimum,0.109015,0.15
ood-st_chopped,SON21,minicube_634_53.25_14.05,valid_fraction_below_minimum,0.127338,0.15
ood-st_chopped,SON21,minicube_635_53.25_14.55,valid_fraction_below_minimum,0.088766,0.15
ood-st_chopped,SON21,minicube_636_53.25_15.05,valid_fraction_below_minimum,0.142065,0.15
ood-st_chopped,SON21,minicube_637_53.25_15.55,valid_fraction_below_minimum,0.07037,0.15
ood-st_chopped,SON21,minicube_638_53.25_16.05,valid_fraction_below_minimum,0.084497,0.15
ood-st_chopped,SON21,minicube_639_53.25_16.55,valid_fraction_below_minimum,0.076852,0.15
ood-st_chopped,SON21,minicube_640_53.25_17.05,valid_fraction_below_minimum,0.076477,0.15
ood-st_chopped,SON21,minicube_641_53.25_17.55,valid_fraction_below_minimum,0.121176,0.15
ood-st_chopped,SON21,minicube_645_53.25_19.55,valid_fraction_below_minimum,0.118924,0.15
ood-st_chopped,SON21,minicube_656_53.75_-7.75,valid_fraction_below_minimum,0.115036,0.15
ood-st_chopped,SON21,minicube_658_53.75_-6.75,valid_fraction_below_minimum,0.136002,0.15
ood-st_chopped,SON21,minicube_659_53.75_-2.75,valid_fraction_below_minimum,0.068579,0.15
ood-st_chopped,SON21,minicube_660_53.75_-2.25,valid_fraction_below_minimum,0.135297,0.15
ood-st_chopped,SON21,minicube_661_53.75_-1.75,valid_fraction_below_minimum,0.12309,0.15
ood-st_chopped,SON21,minicube_662_53.75_-1.25,valid_fraction_below_minimum,0.139789,0.15
ood-st_chopped,SON21,minicube_663_53.75_-0.75,valid_fraction_below_minimum,0.07001,0.15
ood-st_chopped,SON21,minicube_665_53.75_9.05,valid_fraction_below_minimum,0.113931,0.15
ood-st_chopped,SON21,minicube_666_53.75_9.55,valid_fraction_below_minimum,0.098325,0.15
ood-st_chopped,SON21,minicube_667_53.75_10.05,valid_fraction_below_minimum,0.070905,0.15
ood-st_chopped,SON21,minicube_668_53.75_10.55,valid_fraction_below_minimum,0.13089,0.15
ood-st_chopped,SON21,minicube_669_53.75_11.05,valid_fraction_below_minimum,0.144427,0.15
ood-st_chopped,SON21,minicube_670_53.75_11.55,valid_fraction_below_minimum,0.140778,0.15
ood-st_chopped,SON21,minicube_673_53.75_13.05,valid_fraction_below_minimum,0.112628,0.15
ood-st_chopped,SON21,minicube_674_53.75_14.05,valid_fraction_below_minimum,0.146506,0.15
ood-st_chopped,SON21,minicube_675_53.75_15.05,valid_fraction_below_minimum,0.113531,0.15
ood-st_chopped,SON21,minicube_676_53.75_15.55,valid_fraction_below_minimum,0.14198,0.15
ood-st_chopped,SON21,minicube_677_53.75_16.05,valid_fraction_below_minimum,0.058917,0.15
ood-st_chopped,SON21,minicube_678_53.75_16.55,valid_fraction_below_minimum,0.02934,0.15
ood-st_chopped,SON21,minicube_679_53.75_17.05,valid_fraction_below_minimum,0.146283,0.15
ood-st_chopped,SON21,minicube_680_53.75_17.55,valid_fraction_below_minimum,0.109094,0.15
ood-st_chopped,SON21,minicube_684_53.75_19.55,valid_fraction_below_minimum,0.103769,0.15
ood-st_chopped,SON21,minicube_685_53.75_20.05,valid_fraction_below_minimum,0.135983,0.15
ood-st_chopped,SON21,minicube_689_53.75_22.05,valid_fraction_below_minimum,0.148682,0.15
ood-st_chopped,SON21,minicube_692_53.75_23.55,valid_fraction_below_minimum,0.11647,0.15
ood-st_chopped,SON21,minicube_695_54.25_-8.75,valid_fraction_below_minimum,0.093805,0.15
ood-st_chopped,SON21,minicube_696_54.25_-8.25,valid_fraction_below_minimum,0.120355,0.15
ood-st_chopped,SON21,minicube_698_54.25_-7.25,valid_fraction_below_minimum,0.078021,0.15
ood-st_chopped,SON21,minicube_699_54.25_-6.75,valid_fraction_below_minimum,0.07037,0.15
ood-st_chopped,SON21,minicube_700_54.25_-6.25,valid_fraction_below_minimum,0.144604,0.15
ood-st_chopped,SON21,minicube_701_54.25_-2.75,valid_fraction_below_minimum,0.145593,0.15
ood-st_chopped,SON21,minicube_702_54.25_-2.25,valid_fraction_below_minimum,0.116135,0.15
ood-st_chopped,SON21,minicube_704_54.25_-1.25,valid_fraction_below_minimum,0.108316,0.15
ood-st_chopped,SON21,minicube_706_54.25_9.05,valid_fraction_below_minimum,0.085696,0.15
ood-st_chopped,SON21,minicube_707_54.25_9.55,valid_fraction_below_minimum,0.094516,0.15
ood-st_chopped,SON21,minicube_708_54.25_10.05,valid_fraction_below_minimum,0.126746,0.15
ood-st_chopped,SON21,minicube_709_54.25_10.55,valid_fraction_below_minimum,0.090851,0.15
ood-st_chopped,SON21,minicube_710_54.25_11.05,valid_fraction_below_minimum,0.115784,0.15
ood-st_chopped,SON21,minicube_711_54.25_12.55,valid_fraction_below_minimum,0.032324,0.15
ood-st_chopped,SON21,minicube_712_54.25_16.05,valid_fraction_below_minimum,0.148984,0.15
ood-st_chopped,SON21,minicube_713_54.25_16.55,valid_fraction_below_minimum,0.076492,0.15
ood-st_chopped,SON21,minicube_715_54.25_17.55,valid_fraction_below_minimum,0.128494,0.15
ood-st_chopped,SON21,minicube_717_54.25_18.55,valid_fraction_below_minimum,0.126871,0.15
ood-st_chopped,SON21,minicube_719_54.25_19.55,valid_fraction_below_minimum,0.132199,0.15
ood-st_chopped,SON21,minicube_720_54.25_20.05,valid_fraction_below_minimum,0.109,0.15
ood-st_chopped,SON21,minicube_724_54.25_22.05,valid_fraction_below_minimum,0.124249,0.15
ood-st_chopped,SON21,minicube_726_54.25_23.05,valid_fraction_below_minimum,0.133057,0.15
ood-st_chopped,SON21,minicube_728_54.75_-8.25,valid_fraction_below_minimum,0.112158,0.15
ood-st_chopped,SON21,minicube_729_54.75_-7.75,valid_fraction_below_minimum,0.087503,0.15
ood-st_chopped,SON21,minicube_730_54.75_-7.25,valid_fraction_below_minimum,0.05733,0.15
ood-st_chopped,SON21,minicube_731_54.75_-6.75,valid_fraction_below_minimum,0.074466,0.15
ood-st_chopped,SON21,minicube_732_54.75_-6.25,valid_fraction_below_minimum,0.111853,0.15
ood-st_chopped,SON21,minicube_733_54.75_-3.25,valid_fraction_below_minimum,0.094183,0.15
ood-st_chopped,SON21,minicube_734_54.75_-2.75,valid_fraction_below_minimum,0.091138,0.15
ood-st_chopped,SON21,minicube_735_54.75_-2.25,valid_fraction_below_minimum,0.071591,0.15
ood-st_chopped,SON21,minicube_736_54.75_-1.75,valid_fraction_below_minimum,0.07262,0.15
ood-st_chopped,SON21,minicube_737_54.75_18.05,valid_fraction_below_minimum,0.091107,0.15
ood-st_chopped,SON21,minicube_738_54.75_20.55,valid_fraction_below_minimum,0.013409,0.15
ood-st_chopped,SON21,minicube_742_54.75_22.55,valid_fraction_below_minimum,0.148648,0.15
ood-st_chopped,SON21,minicube_745_55.25_-7.25,valid_fraction_below_minimum,0.058228,0.15
ood-st_chopped,SON21,minicube_747_55.25_-4.25,valid_fraction_below_minimum,0.101526,0.15
ood-st_chopped,SON21,minicube_750_55.25_-2.75,valid_fraction_below_minimum,0.109973,0.15
ood-st_chopped,SON21,minicube_751_55.25_-2.25,valid_fraction_below_minimum,0.095001,0.15
ood-st_chopped,SON21,minicube_753_55.25_11.55,valid_fraction_below_minimum,0.051736,0.15
ood-st_chopped,SON21,minicube_754_55.25_12.05,valid_fraction_below_minimum,0.096173,0.15
ood-st_chopped,SON21,minicube_757_55.25_22.55,valid_fraction_below_minimum,0.131607,0.15
ood-st_chopped,SON21,minicube_759_55.25_23.55,valid_fraction_below_minimum,0.146368,0.15
ood-st_chopped,SON21,minicube_760_55.75_-4.75,valid_fraction_below_minimum,0.075354,0.15
ood-st_chopped,SON21,minicube_761_55.75_-4.25,valid_fraction_below_minimum,0.140326,0.15
ood-st_chopped,SON21,minicube_762_55.75_-3.75,valid_fraction_below_minimum,0.14462,0.15
ood-st_chopped,SON21,minicube_763_55.75_-3.25,valid_fraction_below_minimum,0.081396,0.15
ood-st_chopped,SON21,minicube_764_55.75_-2.25,valid_fraction_below_minimum,0.137805,0.15
ood-st_chopped,SON21,minicube_766_55.75_11.55,valid_fraction_below_minimum,0.068643,0.15
ood-st_chopped,SON21,minicube_767_55.75_12.05,valid_fraction_below_minimum,0.040228,0.15
ood-st_chopped,SON21,minicube_768_55.75_12.55,valid_fraction_below_minimum,0.045862,0.15
ood-st_chopped,SON21,minicube_769_55.75_13.05,valid_fraction_below_minimum,0.105948,0.15
ood-st_chopped,SON21,minicube_770_55.75_13.55,valid_fraction_below_minimum,0.088974,0.15
ood-st_chopped,SON21,minicube_771_55.75_14.05,valid_fraction_below_minimum,0.051999,0.15
ood-st_chopped,SON21,minicube_773_55.75_22.05,valid_fraction_below_minimum,0.060858,0.15
ood-st_chopped,SON21,minicube_774_55.75_22.55,valid_fraction_below_minimum,0.069095,0.15
ood-st_chopped,SON21,minicube_775_55.75_23.05,valid_fraction_below_minimum,0.078247,0.15
ood-st_chopped,SON21,minicube_776_55.75_23.55,valid_fraction_below_minimum,0.093317,0.15
ood-st_chopped,SON21,minicube_777_56.25_-4.75,valid_fraction_below_minimum,0.051535,0.15
ood-st_chopped,SON21,minicube_778_56.25_-4.25,valid_fraction_below_minimum,0.139066,0.15
ood-st_chopped,SON21,minicube_779_56.25_-3.75,valid_fraction_below_minimum,0.112253,0.15
ood-st_chopped,SON21,minicube_782_56.25_8.55,valid_fraction_below_minimum,0.116049,0.15
ood-st_chopped,SON21,minicube_783_56.25_13.05,valid_fraction_below_minimum,0.088263,0.15
ood-st_chopped,SON21,minicube_784_56.25_13.55,valid_fraction_below_minimum,0.048804,0.15
ood-st_chopped,SON21,minicube_785_56.25_14.05,valid_fraction_below_minimum,0.04725,0.15
ood-st_chopped,SON21,minicube_786_56.25_14.55,valid_fraction_below_minimum,0.021985,0.15
ood-st_chopped,SON21,minicube_787_56.25_15.05,valid_fraction_below_minimum,0.025082,0.15
ood-st_chopped,SON21,minicube_790_56.25_22.05,valid_fraction_below_minimum,0.104663,0.15
ood-st_chopped,SON21,minicube_794_56.75_-5.75,valid_fraction_below_minimum,0.021545,0.15
ood-st_chopped,SON21,minicube_795_56.75_-5.25,valid_fraction_below_minimum,0.034155,0.15
ood-st_chopped,SON21,minicube_796_56.75_-4.75,valid_fraction_below_minimum,0.077893,0.15
ood-st_chopped,SON21,minicube_797_56.75_-4.25,valid_fraction_below_minimum,0.049872,0.15
ood-st_chopped,SON21,minicube_798_56.75_-3.75,valid_fraction_below_minimum,0.000656,0.15
ood-st_chopped,SON21,minicube_799_56.75_-3.25,valid_fraction_below_minimum,0.092783,0.15
ood-st_chopped,SON21,minicube_801_56.75_8.55,valid_fraction_below_minimum,0.038354,0.15
ood-st_chopped,SON21,minicube_802_56.75_9.55,valid_fraction_below_minimum,0.081741,0.15
ood-st_chopped,SON21,minicube_803_56.75_10.05,valid_fraction_below_minimum,0.145874,0.15
ood-st_chopped,SON21,minicube_804_56.75_13.05,valid_fraction_below_minimum,0.019446,0.15
ood-st_chopped,SON21,minicube_805_56.75_13.55,valid_fraction_below_minimum,0.05928,0.15
ood-st_chopped,SON21,minicube_806_56.75_14.05,valid_fraction_below_minimum,0.109341,0.15
ood-st_chopped,SON21,minicube_808_56.75_15.05,valid_fraction_below_minimum,0.047458,0.15
ood-st_chopped,SON21,minicube_809_56.75_15.55,valid_fraction_below_minimum,0.018393,0.15
ood-st_chopped,SON21,minicube_80_41.25_16.05,valid_fraction_below_minimum,0.06571,0.15
ood-st_chopped,SON21,minicube_811_56.75_21.55,valid_fraction_below_minimum,0.092401,0.15
ood-st_chopped,SON21,minicube_812_56.75_22.05,valid_fraction_below_minimum,0.107404,0.15
ood-st_chopped,SON21,minicube_815_56.75_23.55,valid_fraction_below_minimum,0.14202,0.15
ood-st_chopped,SON21,minicube_816_57.25_-5.75,valid_fraction_below_minimum,0.084097,0.15
ood-st_chopped,SON21,minicube_817_57.25_-5.25,valid_fraction_below_minimum,0.051605,0.15
ood-st_chopped,SON21,minicube_818_57.25_-4.75,valid_fraction_below_minimum,0.049988,0.15
ood-st_chopped,SON21,minicube_819_57.25_-4.25,valid_fraction_below_minimum,0.05014,0.15
ood-st_chopped,SON21,minicube_820_57.25_-3.75,valid_fraction_below_minimum,0.047684,0.15
ood-st_chopped,SON21,minicube_821_57.25_-3.25,valid_fraction_below_minimum,0.066452,0.15
ood-st_chopped,SON21,minicube_823_57.25_10.05,valid_fraction_below_minimum,0.144687,0.15
ood-st_chopped,SON21,minicube_824_57.25_12.55,valid_fraction_below_minimum,0.032492,0.15
ood-st_chopped,SON21,minicube_825_57.25_14.05,valid_fraction_below_minimum,0.019843,0.15
ood-st_chopped,SON21,minicube_826_57.25_14.55,valid_fraction_below_minimum,0.003436,0.15
ood-st_chopped,SON21,minicube_827_57.25_15.05,valid_fraction_below_minimum,0.116699,0.15
ood-st_chopped,SON21,minicube_828_57.25_15.55,valid_fraction_below_minimum,0.039093,0.15
ood-st_chopped,SON21,minicube_829_57.25_22.05,valid_fraction_below_minimum,0.111185,0.15
ood-st_chopped,SON21,minicube_830_57.25_22.55,valid_fraction_below_minimum,0.101471,0.15
ood-st_chopped,SON21,minicube_831_57.25_23.05,valid_fraction_below_minimum,0.123453,0.15
ood-st_chopped,SON21,minicube_832_57.75_-5.25,valid_fraction_below_minimum,0.068643,0.15
ood-st_chopped,SON21,minicube_833_57.75_-4.75,valid_fraction_below_minimum,0.050241,0.15
ood-st_chopped,SON21,minicube_834_57.75_-4.25,valid_fraction_below_minimum,0.096481,0.15
ood-st_chopped,SON21,minicube_835_57.75_14.05,valid_fraction_below_minimum,0.0,0.15
ood-st_chopped,SON21,minicube_836_58.25_-4.75,valid_fraction_below_minimum,0.056863,0.15
ood-st_chopped,SON21,minicube_837_58.25_-4.25,valid_fraction_below_minimum,0.094156,0.15
ood-st_chopped,SON21,minicube_838_58.25_-3.75,valid_fraction_below_minimum,0.088513,0.15
ood-st_chopped,SON21,minicube_843_58.75_6.05,valid_fraction_below_minimum,0.088986,0.15
ood-st_chopped,SON21,minicube_844_58.75_6.55,valid_fraction_below_minimum,0.148923,0.15
ood-st_chopped,SON21,minicube_845_58.75_7.05,valid_fraction_below_minimum,0.043011,0.15
ood-st_chopped,SON21,minicube_847_58.75_8.05,valid_fraction_below_minimum,0.045615,0.15
ood-st_chopped,SON21,minicube_848_58.75_8.55,valid_fraction_below_minimum,0.026395,0.15
ood-st_chopped,SON21,minicube_852_59.25_6.55,valid_fraction_below_minimum,0.044717,0.15
ood-st_chopped,SON21,minicube_854_59.25_16.05,valid_fraction_below_minimum,0.044998,0.15
ood-st_chopped,SON21,minicube_855_59.75_6.05,valid_fraction_below_minimum,0.043573,0.15
ood-st_chopped,SON21,minicube_856_59.75_6.55,valid_fraction_below_minimum,0.005887,0.15
ood-st_chopped,SON21,minicube_858_59.75_16.05,valid_fraction_below_minimum,0.011551,0.15
ood-st_chopped,SON21,minicube_860_60.25_7.05,valid_fraction_below_minimum,0.019794,0.15
ood-st_chopped,SON21,minicube_861_60.25_7.55,valid_fraction_below_minimum,0.047452,0.15
ood-st_chopped,SON21,minicube_865_60.25_22.55,valid_fraction_below_minimum,0.116788,0.15
ood-st_chopped,SON21,minicube_866_60.25_23.05,valid_fraction_below_minimum,0.099466,0.15
ood-st_chopped,SON21,minicube_867_60.25_23.55,valid_fraction_below_minimum,0.108908,0.15
ood-st_chopped,SON21,minicube_868_60.75_5.55,valid_fraction_below_minimum,0.028662,0.15
ood-st_chopped,SON21,minicube_870_60.75_7.55,valid_fraction_below_minimum,0.032385,0.15
ood-st_chopped,SON21,minicube_872_60.75_8.55,valid_fraction_below_minimum,0.110562,0.15
ood-st_chopped,SON21,minicube_875_60.75_10.05,valid_fraction_below_minimum,0.113895,0.15
ood-st_chopped,SON21,minicube_878_60.75_22.05,valid_fraction_below_minimum,0.088297,0.15
ood-st_chopped,SON21,minicube_879_60.75_22.55,valid_fraction_below_minimum,0.084552,0.15
ood-st_chopped,SON21,minicube_881_60.75_23.55,valid_fraction_below_minimum,0.135959,0.15
ood-st_chopped,SON21,minicube_882_61.25_5.05,valid_fraction_below_minimum,0.08284,0.15
ood-st_chopped,SON21,minicube_887_61.25_7.55,valid_fraction_below_minimum,0.014212,0.15
ood-st_chopped,SON21,minicube_889_61.25_8.55,valid_fraction_below_minimum,0.126926,0.15
ood-st_chopped,SON21,minicube_890_61.25_9.05,valid_fraction_below_minimum,0.111035,0.15
ood-st_chopped,SON21,minicube_893_61.25_13.55,valid_fraction_below_minimum,0.086789,0.15
ood-st_chopped,SON21,minicube_898_61.25_16.05,valid_fraction_below_minimum,0.002621,0.15
ood-st_chopped,SON22,minicube_106_42.75_-4.75,valid_fraction_below_minimum,0.135477,0.15
ood-st_chopped,SON22,minicube_120_43.25_-8.25,valid_fraction_below_minimum,0.142065,0.15
ood-st_chopped,SON22,minicube_123_43.25_-4.75,valid_fraction_below_minimum,0.142746,0.15
ood-st_chopped,SON22,minicube_163_44.75_16.05,valid_fraction_below_minimum,0.143835,0.15
ood-st_chopped,SON22,minicube_164_44.75_16.55,valid_fraction_below_minimum,0.106653,0.15
ood-st_chopped,SON22,minicube_165_44.75_17.05,valid_fraction_below_minimum,0.148441,0.15
ood-st_chopped,SON22,minicube_167_44.75_22.05,valid_fraction_below_minimum,0.120932,0.15
ood-st_chopped,SON22,minicube_173_45.25_5.05,valid_fraction_below_minimum,0.142667,0.15
ood-st_chopped,SON22,minicube_190_45.25_23.55,valid_fraction_below_minimum,0.138895,0.15
ood-st_chopped,SON22,minicube_197_45.75_4.55,valid_fraction_below_minimum,0.119391,0.15
ood-st_chopped,SON22,minicube_212_45.75_16.05,valid_fraction_below_minimum,0.087607,0.15
ood-st_chopped,SON22,minicube_213_45.75_16.55,valid_fraction_below_minimum,0.125778,0.15
ood-st_chopped,SON22,minicube_214_45.75_17.05,valid_fraction_below_minimum,0.10191,0.15
ood-st_chopped,SON22,minicube_215_45.75_19.55,valid_fraction_below_minimum,0.140317,0.15
ood-st_chopped,SON22,minicube_216_45.75_20.05,valid_fraction_below_minimum,0.114886,0.15
ood-st_chopped,SON22,minicube_217_45.75_20.55,valid_fraction_below_minimum,0.104941,0.15
ood-st_chopped,SON22,minicube_218_45.75_21.05,valid_fraction_below_minimum,0.098431,0.15
ood-st_chopped,SON22,minicube_231_46.25_5.05,valid_fraction_below_minimum,0.140784,0.15
ood-st_chopped,SON22,minicube_251_46.25_20.55,valid_fraction_below_minimum,0.107227,0.15
ood-st_chopped,SON22,minicube_252_46.25_21.05,valid_fraction_below_minimum,0.12384,0.15
ood-st_chopped,SON22,minicube_253_46.25_21.55,valid_fraction_below_minimum,0.148657,0.15
ood-st_chopped,SON22,minicube_262_46.75_4.55,valid_fraction_below_minimum,0.121176,0.15
ood-st_chopped,SON22,minicube_263_46.75_5.05,valid_fraction_below_minimum,0.133694,0.15
ood-st_chopped,SON22,minicube_267_46.75_9.05,valid_fraction_below_minimum,0.130606,0.15
ood-st_chopped,SON22,minicube_268_46.75_9.55,valid_fraction_below_minimum,0.132071,0.15
ood-st_chopped,SON22,minicube_276_46.75_20.55,valid_fraction_below_minimum,0.146127,0.15
ood-st_chopped,SON22,minicube_283_47.25_7.55,valid_fraction_below_minimum,0.076035,0.15
ood-st_chopped,SON22,minicube_291_47.25_20.05,valid_fraction_below_minimum,0.121887,0.15
ood-st_chopped,SON22,minicube_302_47.75_14.55,valid_fraction_below_minimum,0.126837,0.15
ood-st_chopped,SON22,minicube_305_47.75_20.05,valid_fraction_below_minimum,0.0099,0.15
ood-st_chopped,SON22,minicube_316_48.25_3.55,valid_fraction_below_minimum,0.115189,0.15
ood-st_chopped,SON22,minicube_317_48.25_6.55,valid_fraction_below_minimum,0.031625,0.15
ood-st_chopped,SON22,minicube_321_48.25_14.55,valid_fraction_below_minimum,0.041669,0.15
ood-st_chopped,SON22,minicube_322_48.25_15.05,valid_fraction_below_minimum,0.136978,0.15
ood-st_chopped,SON22,minicube_325_48.25_20.05,valid_fraction_below_minimum,0.078674,0.15
ood-st_chopped,SON22,minicube_326_48.25_20.55,valid_fraction_below_minimum,0.038556,0.15
ood-st_chopped,SON22,minicube_328_48.75_-3.25,valid_fraction_below_minimum,0.033694,0.15
ood-st_chopped,SON22,minicube_330_48.75_2.05,valid_fraction_below_minimum,0.035315,0.15
ood-st_chopped,SON22,minicube_331_48.75_2.55,valid_fraction_below_minimum,0.081253,0.15
ood-st_chopped,SON22,minicube_333_48.75_3.55,valid_fraction_below_minimum,0.142169,0.15
ood-st_chopped,SON22,minicube_335_48.75_7.05,valid_fraction_below_minimum,0.127335,0.15
ood-st_chopped,SON22,minicube_337_48.75_8.05,valid_fraction_below_minimum,0.066031,0.15
ood-st_chopped,SON22,minicube_338_48.75_8.55,valid_fraction_below_minimum,0.110049,0.15
ood-st_chopped,SON22,minicube_339_48.75_11.05,valid_fraction_below_minimum,0.145914,0.15
ood-st_chopped,SON22,minicube_340_48.75_11.55,valid_fraction_below_minimum,0.139661,0.15
ood-st_chopped,SON22,minicube_344_48.75_13.55,valid_fraction_below_minimum,0.144113,0.15
ood-st_chopped,SON22,minicube_347_48.75_15.05,valid_fraction_below_minimum,0.099854,0.15
ood-st_chopped,SON22,minicube_348_48.75_15.55,valid_fraction_below_minimum,0.136932,0.15
ood-st_chopped,SON22,minicube_349_48.75_18.55,valid_fraction_below_minimum,0.089706,0.15
ood-st_chopped,SON22,minicube_350_48.75_19.05,valid_fraction_below_minimum,0.110297,0.15
ood-st_chopped,SON22,minicube_351_48.75_19.55,valid_fraction_below_minimum,0.089099,0.15
ood-st_chopped,SON22,minicube_353_48.75_20.55,valid_fraction_below_minimum,0.136484,0.15
ood-st_chopped,SON22,minicube_354_48.75_21.05,valid_fraction_below_minimum,0.115509,0.15
ood-st_chopped,SON22,minicube_355_48.75_21.55,valid_fraction_below_minimum,0.117172,0.15
ood-st_chopped,SON22,minicube_358_48.75_23.05,valid_fraction_below_minimum,0.124451,0.15
ood-st_chopped,SON22,minicube_360_49.25_-1.25,valid_fraction_below_minimum,0.100467,0.15
ood-st_chopped,SON22,minicube_363_49.25_2.55,valid_fraction_below_minimum,0.02139,0.15
ood-st_chopped,SON22,minicube_370_49.25_6.05,valid_fraction_below_minimum,0.065997,0.15
ood-st_chopped,SON22,minicube_371_49.25_6.55,valid_fraction_below_minimum,0.095398,0.15
ood-st_chopped,SON22,minicube_372_49.25_7.05,valid_fraction_below_minimum,0.115152,0.15
ood-st_chopped,SON22,minicube_373_49.25_7.55,valid_fraction_below_minimum,0.12955,0.15
ood-st_chopped,SON22,minicube_375_49.25_8.55,valid_fraction_below_minimum,0.128281,0.15
ood-st_chopped,SON22,minicube_377_49.25_9.55,valid_fraction_below_minimum,0.130463,0.15
ood-st_chopped,SON22,minicube_378_49.25_10.05,valid_fraction_below_minimum,0.084995,0.15
ood-st_chopped,SON22,minicube_379_49.25_10.55,valid_fraction_below_minimum,0.07114,0.15
ood-st_chopped,SON22,minicube_380_49.25_11.05,valid_fraction_below_minimum,0.026373,0.15
ood-st_chopped,SON22,minicube_381_49.25_11.55,valid_fraction_below_minimum,0.111072,0.15
ood-st_chopped,SON22,minicube_382_49.25_12.05,valid_fraction_below_minimum,0.117551,0.15
ood-st_chopped,SON22,minicube_384_49.25_13.05,valid_fraction_below_minimum,0.142966,0.15
ood-st_chopped,SON22,minicube_387_49.25_19.05,valid_fraction_below_minimum,0.116403,0.15
ood-st_chopped,SON22,minicube_389_49.25_20.05,valid_fraction_below_minimum,0.148318,0.15
ood-st_chopped,SON22,minicube_390_49.25_20.55,valid_fraction_below_minimum,0.11445,0.15
ood-st_chopped,SON22,minicube_391_49.25_21.05,valid_fraction_below_minimum,0.08631,0.15
ood-st_chopped,SON22,minicube_393_49.25_22.05,valid_fraction_below_minimum,0.105765,0.15
ood-st_chopped,SON22,minicube_408_49.75_7.55,valid_fraction_below_minimum,0.147446,0.15
ood-st_chopped,SON22,minicube_410_49.75_8.55,valid_fraction_below_minimum,0.142346,0.15
ood-st_chopped,SON22,minicube_411_49.75_9.05,valid_fraction_below_minimum,0.125418,0.15
ood-st_chopped,SON22,minicube_412_49.75_9.55,valid_fraction_below_minimum,0.11788,0.15
ood-st_chopped,SON22,minicube_413_49.75_10.05,valid_fraction_below_minimum,0.024957,0.15
ood-st_chopped,SON22,minicube_414_49.75_10.55,valid_fraction_below_minimum,0.144342,0.15
ood-st_chopped,SON22,minicube_415_49.75_11.05,valid_fraction_below_minimum,0.035492,0.15
ood-st_chopped,SON22,minicube_416_49.75_11.55,valid_fraction_below_minimum,0.04917,0.15
ood-st_chopped,SON22,minicube_417_49.75_12.05,valid_fraction_below_minimum,0.133423,0.15
ood-st_chopped,SON22,minicube_418_49.75_12.55,valid_fraction_below_minimum,0.147629,0.15
ood-st_chopped,SON22,minicube_419_49.75_13.05,valid_fraction_below_minimum,0.068936,0.15
ood-st_chopped,SON22,minicube_422_49.75_19.55,valid_fraction_below_minimum,0.092194,0.15
ood-st_chopped,SON22,minicube_424_49.75_20.55,valid_fraction_below_minimum,0.135376,0.15
ood-st_chopped,SON22,minicube_425_49.75_21.05,valid_fraction_below_minimum,0.132062,0.15
ood-st_chopped,SON22,minicube_427_49.75_22.05,valid_fraction_below_minimum,0.135672,0.15
ood-st_chopped,SON22,minicube_428_49.75_22.55,valid_fraction_below_minimum,0.09873,0.15
ood-st_chopped,SON22,minicube_430_49.75_23.55,valid_fraction_below_minimum,0.070926,0.15
ood-st_chopped,SON22,minicube_431_50.25_2.05,valid_fraction_below_minimum,0.14407,0.15
ood-st_chopped,SON22,minicube_433_50.25_4.55,valid_fraction_below_minimum,0.112878,0.15
ood-st_chopped,SON22,minicube_438_50.25_9.55,valid_fraction_below_minimum,0.130453,0.15
ood-st_chopped,SON22,minicube_441_50.25_11.05,valid_fraction_below_minimum,0.059521,0.15
ood-st_chopped,SON22,minicube_442_50.25_11.55,valid_fraction_below_minimum,0.103189,0.15
ood-st_chopped,SON22,minicube_443_50.25_12.05,valid_fraction_below_minimum,0.086667,0.15
ood-st_chopped,SON22,minicube_444_50.25_12.55,valid_fraction_below_minimum,0.072632,0.15
ood-st_chopped,SON22,minicube_445_50.25_13.05,valid_fraction_below_minimum,0.091391,0.15
ood-st_chopped,SON22,minicube_451_50.25_18.55,valid_fraction_below_minimum,0.136667,0.15
ood-st_chopped,SON22,minicube_452_50.25_19.05,valid_fraction_below_minimum,0.080463,0.15
ood-st_chopped,SON22,minicube_454_50.25_20.05,valid_fraction_below_minimum,0.081833,0.15
ood-st_chopped,SON22,minicube_464_50.75_2.05,valid_fraction_below_minimum,0.114963,0.15
ood-st_chopped,SON22,minicube_470_50.75_9.55,valid_fraction_below_minimum,0.137125,0.15
ood-st_chopped,SON22,minicube_471_50.75_10.05,valid_fraction_below_minimum,0.144543,0.15
ood-st_chopped,SON22,minicube_473_50.75_11.05,valid_fraction_below_minimum,0.147345,0.15
ood-st_chopped,SON22,minicube_474_50.75_11.55,valid_fraction_below_minimum,0.130054,0.15
ood-st_chopped,SON22,minicube_477_50.75_13.05,valid_fraction_below_minimum,0.009042,0.15
ood-st_chopped,SON22,minicube_484_50.75_19.05,valid_fraction_below_minimum,0.08551,0.15
ood-st_chopped,SON22,minicube_485_50.75_19.55,valid_fraction_below_minimum,0.144669,0.15
ood-st_chopped,SON22,minicube_489_50.75_21.55,valid_fraction_below_minimum,0.071832,0.15
ood-st_chopped,SON22,minicube_490_50.75_22.05,valid_fraction_below_minimum,0.063565,0.15
ood-st_chopped,SON22,minicube_491_50.75_22.55,valid_fraction_below_minimum,0.098035,0.15
ood-st_chopped,SON22,minicube_492_50.75_23.05,valid_fraction_below_minimum,0.027509,0.15
ood-st_chopped,SON22,minicube_493_50.75_23.55,valid_fraction_below_minimum,0.025571,0.15
ood-st_chopped,SON22,minicube_495_51.25_-0.25,valid_fraction_below_minimum,0.131421,0.15
ood-st_chopped,SON22,minicube_496_51.25_0.09,valid_fraction_below_minimum,0.066891,0.15
ood-st_chopped,SON22,minicube_497_51.25_0.55,valid_fraction_below_minimum,0.134219,0.15
ood-st_chopped,SON22,minicube_507_51.25_20.05,valid_fraction_below_minimum,0.11669,0.15
ood-st_chopped,SON22,minicube_509_51.25_21.05,valid_fraction_below_minimum,0.097153,0.15
ood-st_chopped,SON22,minicube_510_51.25_21.55,valid_fraction_below_minimum,0.042078,0.15
ood-st_chopped,SON22,minicube_511_51.25_22.05,valid_fraction_below_minimum,0.131485,0.15
ood-st_chopped,SON22,minicube_512_51.25_22.55,valid_fraction_below_minimum,0.112427,0.15
ood-st_chopped,SON22,minicube_513_51.25_23.05,valid_fraction_below_minimum,0.026712,0.15
ood-st_chopped,SON22,minicube_514_51.25_23.55,valid_fraction_below_minimum,0.118356,0.15
ood-st_chopped,SON22,minicube_517_51.75_-4.25,valid_fraction_below_minimum,0.139114,0.15
ood-st_chopped,SON22,minicube_518_51.75_-3.75,valid_fraction_below_minimum,0.146231,0.15
ood-st_chopped,SON22,minicube_520_51.75_-0.25,valid_fraction_below_minimum,0.144016,0.15
ood-st_chopped,SON22,minicube_522_51.75_0.55,valid_fraction_below_minimum,0.133795,0.15
ood-st_chopped,SON22,minicube_525_51.75_6.05,valid_fraction_below_minimum,0.137421,0.15
ood-st_chopped,SON22,minicube_537_51.75_22.55,valid_fraction_below_minimum,0.136432,0.15
ood-st_chopped,SON22,minicube_539_51.75_23.55,valid_fraction_below_minimum,0.124762,0.15
ood-st_chopped,SON22,minicube_541_52.25_-8.75,valid_fraction_below_minimum,0.145401,0.15
ood-st_chopped,SON22,minicube_543_52.25_-7.75,valid_fraction_below_minimum,0.120108,0.15
ood-st_chopped,SON22,minicube_546_52.25_-3.75,valid_fraction_below_minimum,0.079187,0.15
ood-st_chopped,SON22,minicube_547_52.25_-3.25,valid_fraction_below_minimum,0.013266,0.15
ood-st_chopped,SON22,minicube_548_52.25_-2.75,valid_fraction_below_minimum,0.120819,0.15
ood-st_chopped,SON22,minicube_565_52.25_20.55,valid_fraction_below_minimum,0.144183,0.15
ood-st_chopped,SON22,minicube_566_52.25_21.05,valid_fraction_below_minimum,0.114984,0.15
ood-st_chopped,SON22,minicube_569_52.25_22.55,valid_fraction_below_minimum,0.117117,0.15
ood-st_chopped,SON22,minicube_573_52.75_-8.25,valid_fraction_below_minimum,0.135718,0.15
ood-st_chopped,SON22,minicube_574_52.75_-7.75,valid_fraction_below_minimum,0.051767,0.15
ood-st_chopped,SON22,minicube_576_52.75_-6.75,valid_fraction_below_minimum,0.103098,0.15
ood-st_chopped,SON22,minicube_577_52.75_-3.75,valid_fraction_below_minimum,0.052185,0.15
ood-st_chopped,SON22,minicube_578_52.75_-3.25,valid_fraction_below_minimum,0.071091,0.15
ood-st_chopped,SON22,minicube_580_52.75_-2.25,valid_fraction_below_minimum,0.058432,0.15
ood-st_chopped,SON22,minicube_583_52.75_5.05,valid_fraction_below_minimum,0.079041,0.15
ood-st_chopped,SON22,minicube_589_52.75_12.05,valid_fraction_below_minimum,0.149951,0.15
ood-st_chopped,SON22,minicube_593_52.75_14.05,valid_fraction_below_minimum,0.143359,0.15
ood-st_chopped,SON22,minicube_596_52.75_18.05,valid_fraction_below_minimum,0.14133,0.15
ood-st_chopped,SON22,minicube_602_52.75_21.05,valid_fraction_below_minimum,0.146259,0.15
ood-st_chopped,SON22,minicube_607_52.75_23.55,valid_fraction_below_minimum,0.087357,0.15
ood-st_chopped,SON22,minicube_608_53.25_-8.25,valid_fraction_below_minimum,0.105014,0.15
ood-st_chopped,SON22,minicube_609_53.25_-7.75,valid_fraction_below_minimum,0.101697,0.15
ood-st_chopped,SON22,minicube_612_53.25_-6.25,valid_fraction_below_minimum,0.109372,0.15
ood-st_chopped,SON22,minicube_613_53.25_-4.25,valid_fraction_below_minimum,0.074548,0.15
ood-st_chopped,SON22,minicube_614_53.25_-3.75,valid_fraction_below_minimum,0.058475,0.15
ood-st_chopped,SON22,minicube_615_53.25_-3.25,valid_fraction_below_minimum,0.111917,0.15
ood-st_chopped,SON22,minicube_617_53.25_-2.25,valid_fraction_below_minimum,0.091586,0.15
ood-st_chopped,SON22,minicube_630_53.25_12.05,valid_fraction_below_minimum,0.069522,0.15
ood-st_chopped,SON22,minicube_638_53.25_16.05,valid_fraction_below_minimum,0.124838,0.15
ood-st_chopped,SON22,minicube_639_53.25_16.55,valid_fraction_below_minimum,0.130319,0.15
ood-st_chopped,SON22,minicube_640_53.25_17.05,valid_fraction_below_minimum,0.123254,0.15
ood-st_chopped,SON22,minicube_649_53.25_21.55,valid_fraction_below_minimum,0.093576,0.15
ood-st_chopped,SON22,minicube_650_53.25_22.05,valid_fraction_below_minimum,0.138297,0.15
ood-st_chopped,SON22,minicube_652_53.25_23.05,valid_fraction_below_minimum,0.149265,0.15
ood-st_chopped,SON22,minicube_654_53.75_-8.75,valid_fraction_below_minimum,0.034714,0.15
ood-st_chopped,SON22,minicube_656_53.75_-7.75,valid_fraction_below_minimum,0.099445,0.15
ood-st_chopped,SON22,minicube_660_53.75_-2.25,valid_fraction_below_minimum,0.127167,0.15
ood-st_chopped,SON22,minicube_661_53.75_-1.75,valid_fraction_below_minimum,0.128775,0.15
ood-st_chopped,SON22,minicube_664_53.75_-0.25,valid_fraction_below_minimum,0.120251,0.15
ood-st_chopped,SON22,minicube_666_53.75_9.55,valid_fraction_below_minimum,0.113083,0.15
ood-st_chopped,SON22,minicube_673_53.75_13.05,valid_fraction_below_minimum,0.110352,0.15
ood-st_chopped,SON22,minicube_674_53.75_14.05,valid_fraction_below_minimum,0.146628,0.15
ood-st_chopped,SON22,minicube_678_53.75_16.55,valid_fraction_below_minimum,0.085986,0.15
ood-st_chopped,SON22,minicube_681_53.75_18.05,valid_fraction_below_minimum,0.120633,0.15
ood-st_chopped,SON22,minicube_686_53.75_20.55,valid_fraction_below_minimum,0.119434,0.15
ood-st_chopped,SON22,minicube_687_53.75_21.05,valid_fraction_below_minimum,0.126849,0.15
ood-st_chopped,SON22,minicube_688_53.75_21.55,valid_fraction_below_minimum,0.124686,0.15
ood-st_chopped,SON22,minicube_690_53.75_22.55,valid_fraction_below_minimum,0.146677,0.15
ood-st_chopped,SON22,minicube_692_53.75_23.55,valid_fraction_below_minimum,0.133078,0.15
ood-st_chopped,SON22,minicube_693_54.25_-9.75,valid_fraction_below_minimum,0.089554,0.15
ood-st_chopped,SON22,minicube_694_54.25_-9.25,valid_fraction_below_minimum,0.079935,0.15
ood-st_chopped,SON22,minicube_695_54.25_-8.75,valid_fraction_below_minimum,0.00795,0.15
ood-st_chopped,SON22,minicube_696_54.25_-8.25,valid_fraction_below_minimum,0.044736,0.15
ood-st_chopped,SON22,minicube_697_54.25_-7.75,valid_fraction_below_minimum,0.067068,0.15
ood-st_chopped,SON22,minicube_698_54.25_-7.25,valid_fraction_below_minimum,0.055975,0.15
ood-st_chopped,SON22,minicube_699_54.25_-6.75,valid_fraction_below_minimum,0.059109,0.15
ood-st_chopped,SON22,minicube_700_54.25_-6.25,valid_fraction_below_minimum,0.079456,0.15
ood-st_chopped,SON22,minicube_701_54.25_-2.75,valid_fraction_below_minimum,0.101379,0.15
ood-st_chopped,SON22,minicube_702_54.25_-2.25,valid_fraction_below_minimum,0.126794,0.15
ood-st_chopped,SON22,minicube_703_54.25_-1.75,valid_fraction_below_minimum,0.133762,0.15
ood-st_chopped,SON22,minicube_708_54.25_10.05,valid_fraction_below_minimum,0.108066,0.15
ood-st_chopped,SON22,minicube_711_54.25_12.55,valid_fraction_below_minimum,0.037549,0.15
ood-st_chopped,SON22,minicube_713_54.25_16.55,valid_fraction_below_minimum,0.143402,0.15
ood-st_chopped,SON22,minicube_714_54.25_17.05,valid_fraction_below_minimum,0.138123,0.15
ood-st_chopped,SON22,minicube_724_54.25_22.05,valid_fraction_below_minimum,0.105002,0.15
ood-st_chopped,SON22,minicube_728_54.75_-8.25,valid_fraction_below_minimum,0.128043,0.15
ood-st_chopped,SON22,minicube_729_54.75_-7.75,valid_fraction_below_minimum,0.059332,0.15
ood-st_chopped,SON22,minicube_730_54.75_-7.25,valid_fraction_below_minimum,0.085098,0.15
ood-st_chopped,SON22,minicube_731_54.75_-6.75,valid_fraction_below_minimum,0.109772,0.15
ood-st_chopped,SON22,minicube_732_54.75_-6.25,valid_fraction_below_minimum,0.093283,0.15
ood-st_chopped,SON22,minicube_733_54.75_-3.25,valid_fraction_below_minimum,0.0186,0.15
ood-st_chopped,SON22,minicube_736_54.75_-1.75,valid_fraction_below_minimum,0.129196,0.15
ood-st_chopped,SON22,minicube_738_54.75_20.55,valid_fraction_below_minimum,0.030643,0.15
ood-st_chopped,SON22,minicube_742_54.75_22.55,valid_fraction_below_minimum,0.066748,0.15
ood-st_chopped,SON22,minicube_743_54.75_23.05,valid_fraction_below_minimum,0.139749,0.15
ood-st_chopped,SON22,minicube_745_55.25_-7.25,valid_fraction_below_minimum,0.063275,0.15
ood-st_chopped,SON22,minicube_746_55.25_-4.75,valid_fraction_below_minimum,0.054593,0.15
ood-st_chopped,SON22,minicube_747_55.25_-4.25,valid_fraction_below_minimum,0.149176,0.15
ood-st_chopped,SON22,minicube_748_55.25_-3.75,valid_fraction_below_minimum,0.066699,0.15
ood-st_chopped,SON22,minicube_749_55.25_-3.25,valid_fraction_below_minimum,0.116571,0.15
ood-st_chopped,SON22,minicube_750_55.25_-2.75,valid_fraction_below_minimum,0.08299,0.15
ood-st_chopped,SON22,minicube_751_55.25_-2.25,valid_fraction_below_minimum,0.063904,0.15
ood-st_chopped,SON22,minicube_752_55.25_-1.75,valid_fraction_below_minimum,0.147778,0.15
ood-st_chopped,SON22,minicube_758_55.25_23.05,valid_fraction_below_minimum,0.086063,0.15
ood-st_chopped,SON22,minicube_759_55.25_23.55,valid_fraction_below_minimum,0.145282,0.15
ood-st_chopped,SON22,minicube_760_55.75_-4.75,valid_fraction_below_minimum,0.031049,0.15
ood-st_chopped,SON22,minicube_762_55.75_-3.75,valid_fraction_below_minimum,0.135602,0.15
ood-st_chopped,SON22,minicube_763_55.75_-3.25,valid_fraction_below_minimum,0.137939,0.15
ood-st_chopped,SON22,minicube_770_55.75_13.55,valid_fraction_below_minimum,0.124042,0.15
ood-st_chopped,SON22,minicube_772_55.75_21.55,valid_fraction_below_minimum,0.11033,0.15
ood-st_chopped,SON22,minicube_775_55.75_23.05,valid_fraction_below_minimum,0.141132,0.15
ood-st_chopped,SON22,minicube_776_55.75_23.55,valid_fraction_below_minimum,0.123587,0.15
ood-st_chopped,SON22,minicube_777_56.25_-4.75,valid_fraction_below_minimum,0.038202,0.15
ood-st_chopped,SON22,minicube_778_56.25_-4.25,valid_fraction_below_minimum,0.145456,0.15
ood-st_chopped,SON22,minicube_779_56.25_-3.75,valid_fraction_below_minimum,0.127969,0.15
ood-st_chopped,SON22,minicube_780_56.25_-3.25,valid_fraction_below_minimum,0.08909,0.15
ood-st_chopped,SON22,minicube_781_56.25_-2.75,valid_fraction_below_minimum,0.112985,0.15
ood-st_chopped,SON22,minicube_782_56.25_8.55,valid_fraction_below_minimum,0.121875,0.15
ood-st_chopped,SON22,minicube_783_56.25_13.05,valid_fraction_below_minimum,0.089432,0.15
ood-st_chopped,SON22,minicube_784_56.25_13.55,valid_fraction_below_minimum,0.051154,0.15
ood-st_chopped,SON22,minicube_785_56.25_14.05,valid_fraction_below_minimum,0.060352,0.15
ood-st_chopped,SON22,minicube_786_56.25_14.55,valid_fraction_below_minimum,0.102631,0.15
ood-st_chopped,SON22,minicube_787_56.25_15.05,valid_fraction_below_minimum,0.116553,0.15
ood-st_chopped,SON22,minicube_788_56.25_15.55,valid_fraction_below_minimum,0.133542,0.15
ood-st_chopped,SON22,minicube_793_56.25_23.55,valid_fraction_below_minimum,0.086292,0.15
ood-st_chopped,SON22,minicube_794_56.75_-5.75,valid_fraction_below_minimum,0.020639,0.15
ood-st_chopped,SON22,minicube_795_56.75_-5.25,valid_fraction_below_minimum,0.021945,0.15
ood-st_chopped,SON22,minicube_796_56.75_-4.75,valid_fraction_below_minimum,0.045166,0.15
ood-st_chopped,SON22,minicube_797_56.75_-4.25,valid_fraction_below_minimum,0.021097,0.15
ood-st_chopped,SON22,minicube_798_56.75_-3.75,valid_fraction_below_minimum,0.062149,0.15
ood-st_chopped,SON22,minicube_799_56.75_-3.25,valid_fraction_below_minimum,0.063,0.15
ood-st_chopped,SON22,minicube_800_56.75_-2.75,valid_fraction_below_minimum,0.11395,0.15
ood-st_chopped,SON22,minicube_801_56.75_8.55,valid_fraction_below_minimum,0.031174,0.15
ood-st_chopped,SON22,minicube_802_56.75_9.55,valid_fraction_below_minimum,0.127972,0.15
ood-st_chopped,SON22,minicube_805_56.75_13.55,valid_fraction_below_minimum,0.044751,0.15
ood-st_chopped,SON22,minicube_806_56.75_14.05,valid_fraction_below_minimum,0.105957,0.15
ood-st_chopped,SON22,minicube_807_56.75_14.55,valid_fraction_below_minimum,0.06991,0.15
ood-st_chopped,SON22,minicube_808_56.75_15.05,valid_fraction_below_minimum,0.134692,0.15
ood-st_chopped,SON22,minicube_809_56.75_15.55,valid_fraction_below_minimum,0.084625,0.15
ood-st_chopped,SON22,minicube_80_41.25_16.05,valid_fraction_below_minimum,0.057904,0.15
ood-st_chopped,SON22,minicube_810_56.75_16.05,valid_fraction_below_minimum,0.145071,0.15
ood-st_chopped,SON22,minicube_814_56.75_23.05,valid_fraction_below_minimum,0.143347,0.15
ood-st_chopped,SON22,minicube_816_57.25_-5.75,valid_fraction_below_minimum,0.082828,0.15
ood-st_chopped,SON22,minicube_817_57.25_-5.25,valid_fraction_below_minimum,0.040219,0.15
ood-st_chopped,SON22,minicube_818_57.25_-4.75,valid_fraction_below_minimum,0.011557,0.15
ood-st_chopped,SON22,minicube_819_57.25_-4.25,valid_fraction_below_minimum,0.002567,0.15
ood-st_chopped,SON22,minicube_820_57.25_-3.75,valid_fraction_below_minimum,0.028131,0.15
ood-st_chopped,SON22,minicube_821_57.25_-3.25,valid_fraction_below_minimum,0.013962,0.15
ood-st_chopped,SON22,minicube_824_57.25_12.55,valid_fraction_below_minimum,0.112018,0.15
ood-st_chopped,SON22,minicube_825_57.25_14.05,valid_fraction_below_minimum,0.081924,0.15
ood-st_chopped,SON22,minicube_826_57.25_14.55,valid_fraction_below_minimum,0.073865,0.15
ood-st_chopped,SON22,minicube_827_57.25_15.05,valid_fraction_below_minimum,0.019217,0.15
ood-st_chopped,SON22,minicube_828_57.25_15.55,valid_fraction_below_minimum,0.090247,0.15
ood-st_chopped,SON22,minicube_829_57.25_22.05,valid_fraction_below_minimum,0.130496,0.15
ood-st_chopped,SON22,minicube_832_57.75_-5.25,valid_fraction_below_minimum,0.079889,0.15
ood-st_chopped,SON22,minicube_833_57.75_-4.75,valid_fraction_below_minimum,0.052423,0.15
ood-st_chopped,SON22,minicube_834_57.75_-4.25,valid_fraction_below_minimum,0.058853,0.15
ood-st_chopped,SON22,minicube_835_57.75_14.05,valid_fraction_below_minimum,0.065637,0.15
ood-st_chopped,SON22,minicube_836_58.25_-4.75,valid_fraction_below_minimum,0.062735,0.15
ood-st_chopped,SON22,minicube_837_58.25_-4.25,valid_fraction_below_minimum,0.111093,0.15
ood-st_chopped,SON22,minicube_838_58.25_-3.75,valid_fraction_below_minimum,0.035864,0.15
ood-st_chopped,SON22,minicube_839_58.25_7.05,valid_fraction_below_minimum,0.038748,0.15
ood-st_chopped,SON22,minicube_841_58.25_8.05,valid_fraction_below_minimum,0.08425,0.15
ood-st_chopped,SON22,minicube_842_58.25_14.05,valid_fraction_below_minimum,0.08461,0.15
ood-st_chopped,SON22,minicube_843_58.75_6.05,valid_fraction_below_minimum,0.087228,0.15
ood-st_chopped,SON22,minicube_844_58.75_6.55,valid_fraction_below_minimum,0.088626,0.15
ood-st_chopped,SON22,minicube_845_58.75_7.05,valid_fraction_below_minimum,0.076263,0.15
ood-st_chopped,SON22,minicube_846_58.75_7.55,valid_fraction_below_minimum,0.085382,0.15
ood-st_chopped,SON22,minicube_847_58.75_8.05,valid_fraction_below_minimum,0.063589,0.15
ood-st_chopped,SON22,minicube_848_58.75_8.55,valid_fraction_below_minimum,0.014713,0.15
ood-st_chopped,SON22,minicube_849_58.75_9.05,valid_fraction_below_minimum,0.138611,0.15
ood-st_chopped,SON22,minicube_851_59.25_6.05,valid_fraction_below_minimum,0.103909,0.15
ood-st_chopped,SON22,minicube_852_59.25_6.55,valid_fraction_below_minimum,0.056912,0.15
ood-st_chopped,SON22,minicube_853_59.25_10.05,valid_fraction_below_minimum,0.008575,0.15
ood-st_chopped,SON22,minicube_854_59.25_16.05,valid_fraction_below_minimum,0.072067,0.15
ood-st_chopped,SON22,minicube_855_59.75_6.05,valid_fraction_below_minimum,0.102875,0.15
ood-st_chopped,SON22,minicube_856_59.75_6.55,valid_fraction_below_minimum,0.071658,0.15
ood-st_chopped,SON22,minicube_857_59.75_10.05,valid_fraction_below_minimum,0.041971,0.15
ood-st_chopped,SON22,minicube_858_59.75_16.05,valid_fraction_below_minimum,0.023734,0.15
ood-st_chopped,SON22,minicube_860_60.25_7.05,valid_fraction_below_minimum,0.015332,0.15
ood-st_chopped,SON22,minicube_861_60.25_7.55,valid_fraction_below_minimum,0.031036,0.15
ood-st_chopped,SON22,minicube_862_60.25_10.05,valid_fraction_below_minimum,0.085965,0.15
ood-st_chopped,SON22,minicube_863_60.25_10.55,valid_fraction_below_minimum,0.029428,0.15
ood-st_chopped,SON22,minicube_868_60.75_5.55,valid_fraction_below_minimum,0.068713,0.15
ood-st_chopped,SON22,minicube_870_60.75_7.55,valid_fraction_below_minimum,0.035492,0.15
ood-st_chopped,SON22,minicube_872_60.75_8.55,valid_fraction_below_minimum,0.072266,0.15
ood-st_chopped,SON22,minicube_874_60.75_9.55,valid_fraction_below_minimum,0.078076,0.15
ood-st_chopped,SON22,minicube_875_60.75_10.05,valid_fraction_below_minimum,0.095749,0.15
ood-st_chopped,SON22,minicube_876_60.75_10.55,valid_fraction_below_minimum,0.034525,0.15
ood-st_chopped,SON22,minicube_878_60.75_22.05,valid_fraction_below_minimum,0.103424,0.15
ood-st_chopped,SON22,minicube_879_60.75_22.55,valid_fraction_below_minimum,0.109848,0.15
ood-st_chopped,SON22,minicube_887_61.25_7.55,valid_fraction_below_minimum,0.011823,0.15
ood-st_chopped,SON22,minicube_889_61.25_8.55,valid_fraction_below_minimum,0.029089,0.15
ood-st_chopped,SON22,minicube_890_61.25_9.05,valid_fraction_below_minimum,0.054303,0.15
ood-st_chopped,SON22,minicube_893_61.25_13.55,valid_fraction_below_minimum,0.000406,0.15
