{
  "n_samples": 512,
  "table2_cross_render": {
    "L1C->L1C": {
      "mae": 0.015803854767000303,
      "rmse": 0.022661965689621866,
      "sam": 0.06777234841138124,
      "ssim": 0.8774837134646867
    },
    "L1C->L2A": {
      "mae": 0.02160289278253913,
      "rmse": 0.03282742708688602,
      "sam": 0.09404577338136733,
      "ssim": 0.8060356735462786
    },
    "L2A->L1C": {
      "mae": 0.01830634564976208,
      "rmse": 0.027005915762856603,
      "sam": 0.07722412701696157,
      "ssim": 0.8750933044543436
    },
    "L2A->L2A": {
      "mae": 0.019470845174510032,
      "rmse": 0.029322361922822893,
      "sam": 0.08825098222587258,
      "ssim": 0.8177278057493762
    }
  },
  "paired_latent_mse": 0.0003593218063997483,
  "control_no_phi_mae": {
    "L1C": 0.01881009098724462,
    "L2A": 0.028100187424570322
  },
  "note": "cross-render (L1C->L2A / L2A->L1C) low + no-phi worse => phi controls the product; paired_latent_mse low => shared product-invariant state."
}