{
  "protocol": "GreenEarthNet CVPR 2024 OOD-t chopped",
  "official_evaluator_commit": "a0329636631371a4aaa9a95c75ed0a37d27b8c4f",
  "source_manifest_protocol": "greenearthnet_cvpr2024_chopped_v1",
  "evaluation_track": "ood-t_chopped",
  "prediction_grid": "official_5day_20",
  "num_target_files": 1904,
  "num_eligible_pixels": 2112698,
  "metrics": {
    "nse": -0.4757240384974324,
    "rmse": 0.18390104495610873,
    "R2": 0.5038792337795921,
    "biasabs": 0.13110578482262658,
    "nse_forest": -0.4972247630371909,
    "rmse_forest": 0.18031189608264467,
    "R2_forest": 0.4806235809804963,
    "biasabs_forest": 0.12541018443619203,
    "nse_shrub": -0.5525934776095549,
    "rmse_shrub": 0.1767170588977333,
    "R2_shrub": 0.5084222870838179,
    "biasabs_shrub": 0.12876142280279648,
    "nse_grass": -0.42386894490395566,
    "rmse_grass": 0.1797167203371324,
    "R2_grass": 0.5106771427057982,
    "biasabs_grass": 0.12774362985324134,
    "nse_crop": -0.43354922876474955,
    "rmse_crop": 0.19885850450692458,
    "R2_crop": 0.515793924348256,
    "biasabs_crop": 0.14250790219827644,
    "rmse_0_5": 0.1276150391760543,
    "rmse_5_10": 0.15528995208814883,
    "rmse_10_15": 0.18348194787428052,
    "rmse_15_20": 0.1984269607270612,
    "rmse25": 0.1276150391760543
  }
}
